Date,High,Low,Open,Close,Volume,Adj Close
1999-12-31,48.0,46.875,47.75,47.8125,129000.0,33.09074783325195
2000-01-03,47.6875,45.1875,47.625,45.9375,334100.0,31.793075561523438
2000-01-04,46.0,44.5625,45.75,44.625,216500.0,30.88469886779785
2000-01-05,45.25,44.375,44.375,45.25,277100.0,31.317249298095703
2000-01-06,45.125,44.75,45.0,45.0625,206300.0,31.18749237060547
2000-01-07,45.75,41.25,42.5,44.375,1686300.0,30.7116756439209
2000-01-10,46.3125,43.5625,44.625,46.3125,562100.0,32.05259323120117
2000-01-11,48.875,45.625,46.0625,48.5,942300.0,33.56655502319336
2000-01-12,50.75,48.4375,48.4375,50.125,1412800.0,34.691219329833984
2000-01-13,52.0,50.25,50.5,52.0,892200.0,35.988895416259766
2000-01-14,56.25,52.75,52.75,55.625,1107900.0,38.49772262573242
2000-01-18,55.6875,53.625,55.625,54.625,582300.0,37.805641174316406
2000-01-19,54.875,53.6875,53.875,54.875,305500.0,37.9786491394043
2000-01-20,55.25,53.875,55.0,54.625,534900.0,37.805641174316406
2000-01-21,54.25,53.375,53.375,54.0625,537000.0,37.41633605957031
2000-01-24,54.5,54.0,54.0625,54.1875,890100.0,37.50285720825195
2000-01-25,54.25,49.5,54.1875,51.4375,796300.0,35.59958267211914
2000-01-26,51.375,49.875,50.4375,50.375,617500.0,34.864227294921875
2000-01-27,52.0,49.25,50.4375,50.25,426300.0,34.777732849121094
2000-01-28,50.0625,48.125,50.0,48.125,374800.0,33.307029724121094
2000-01-31,49.4375,47.0625,48.25,47.9375,595600.0,33.17726135253906
2000-02-01,48.0,46.625,48.0,46.9375,541300.0,32.48516082763672
2000-02-02,47.8125,47.0,47.0,47.4375,479100.0,32.83122634887695
2000-02-03,48.875,45.875,47.0,47.5,695900.0,32.9857177734375
2000-02-04,48.3125,47.0,47.375,48.0,301400.0,33.33293533325195
2000-02-07,48.25,47.625,47.75,48.0,204400.0,33.33293533325195
2000-02-08,48.25,47.8125,48.0,48.0,318100.0,33.33293533325195
2000-02-09,49.0,47.625,48.375,48.75,664300.0,33.853763580322266
2000-02-10,50.125,48.4375,48.625,50.125,683400.0,34.808624267578125
2000-02-11,51.6875,48.875,50.0,51.5625,628700.0,35.80685806274414
2000-02-14,53.0625,51.375,51.625,52.8125,718000.0,36.6749153137207
2000-02-15,52.8125,50.75,52.8125,51.0,433700.0,35.4162483215332
2000-02-16,51.0,49.6875,51.0,50.5625,490900.0,35.1124382019043
2000-02-17,50.625,49.8125,50.625,49.9375,371500.0,34.67842483520508
2000-02-18,49.5,47.0,49.25,47.625,260000.0,33.072540283203125
2000-02-22,47.75,45.5,47.75,46.75,345300.0,32.46490478515625
2000-02-23,47.5,46.0,47.0,47.125,217500.0,32.725318908691406
2000-02-24,46.625,45.0625,46.5,45.75,340800.0,31.77046775817871
2000-02-25,45.6875,42.25,45.6875,43.3125,646100.0,30.077756881713867
2000-02-28,43.8125,41.75,43.4375,43.5,510800.0,30.20798110961914
2000-02-29,44.0625,42.625,43.625,42.8125,453700.0,29.730567932128906
2000-03-01,42.375,40.8125,42.375,42.0,422500.0,29.166318893432617
2000-03-02,41.75,39.6875,41.75,39.6875,376000.0,27.560441970825195
2000-03-03,41.25,39.4375,39.6875,40.5625,429900.0,28.168062210083008
2000-03-06,41.0,39.8125,41.0,40.4375,479300.0,28.081275939941406
2000-03-07,41.0,38.8125,40.875,38.875,415300.0,26.996204376220703
2000-03-08,38.25,37.25,38.25,37.75,707200.0,26.214977264404297
2000-03-09,40.4375,37.25,37.625,40.4375,656800.0,28.081275939941406
2000-03-10,40.4375,38.5,40.4375,39.625,460900.0,27.517044067382812
2000-03-13,39.75,38.0,39.625,38.8125,245100.0,26.952802658081055
2000-03-14,45.8125,40.375,40.5,45.5,1053400.0,31.596853256225586
2000-03-15,49.125,44.375,45.5,46.9375,1258500.0,32.595096588134766
2000-03-16,51.0625,47.9375,48.0,51.0,1091100.0,35.4162483215332
2000-03-17,51.875,49.875,51.0625,50.4375,921900.0,35.025634765625
2000-03-20,51.75,49.4375,50.1875,50.25,618600.0,34.89542770385742
2000-03-21,51.9375,50.0,50.0,51.875,486100.0,36.02391052246094
2000-03-22,52.9375,51.0625,52.0,52.875,437500.0,36.718299865722656
2000-03-23,55.0625,52.875,52.875,55.0,725500.0,38.19398498535156
2000-03-24,55.75,54.75,55.0,55.375,856600.0,38.45440673828125
2000-03-27,55.5,54.1875,55.0,55.0,612800.0,38.19398498535156
2000-03-28,56.625,55.0,55.0,56.0,631900.0,38.888431549072266
2000-03-29,56.875,55.375,55.9375,56.0,401700.0,38.888431549072266
2000-03-30,55.75,54.375,55.75,54.5,737000.0,37.84675979614258
2000-03-31,55.375,54.25,54.5,54.25,1087600.0,37.67317581176758
2000-04-03,55.625,53.75,54.0625,55.375,685100.0,38.45440673828125
2000-04-04,55.6875,52.5,55.125,53.75,698600.0,37.32594299316406
2000-04-05,53.6875,49.875,53.25,50.75,958000.0,35.242645263671875
2000-04-06,51.9375,50.8125,50.875,51.5625,929900.0,35.80685806274414
2000-04-07,51.75,49.1875,51.6875,49.4375,1038600.0,34.33119583129883
2000-04-10,50.5,48.3125,50.0,48.6875,920900.0,33.81034851074219
2000-04-11,50.5,48.875,48.875,49.9375,747000.0,34.67842483520508
2000-04-12,51.75,49.5625,49.5625,50.5625,849800.0,35.1124382019043
2000-04-13,50.9375,49.625,50.625,50.125,519100.0,34.808624267578125
2000-04-14,49.875,45.0,49.875,45.25,1245900.0,31.423234939575195
2000-04-17,46.75,45.5,45.625,46.375,322700.0,32.20449447631836
2000-04-18,46.6875,45.625,46.4375,45.625,880800.0,31.683645248413086
2000-04-19,45.875,43.0,45.875,44.125,1105500.0,30.64199447631836
2000-04-20,44.0,43.4375,43.75,43.75,604600.0,30.381593704223633
2000-04-24,43.6875,42.4375,43.6875,42.4375,381100.0,29.47014045715332
2000-04-25,43.625,42.8125,43.0,43.5,318700.0,30.20798110961914
2000-04-26,44.25,42.75,43.5,43.1875,363100.0,29.9909725189209
2000-04-27,43.3125,42.75,43.1875,43.125,403000.0,29.947572708129883
2000-04-28,43.5,42.75,43.0625,43.375,359300.0,30.12117576599121
2000-05-01,45.8125,43.375,43.375,45.3125,345000.0,31.466650009155273
2000-05-02,45.4375,44.375,45.3125,44.5625,386700.0,30.945816040039062
2000-05-03,44.8125,44.0,44.4375,44.5625,542100.0,30.945816040039062
2000-05-04,45.125,44.1875,44.25,44.375,291100.0,30.93361473083496
2000-05-05,45.4375,44.125,44.375,45.4375,263100.0,31.67428207397461
2000-05-08,45.5625,43.9375,45.1875,44.0625,188900.0,30.715776443481445
2000-05-09,44.4375,43.75,44.3125,44.125,205300.0,30.75934410095215
2000-05-10,44.9375,43.375,44.375,43.625,300400.0,30.410804748535156
2000-05-11,44.625,43.25,43.875,43.5625,373500.0,30.367231369018555
2000-05-12,43.75,41.6875,43.75,42.3125,614900.0,29.4958438873291
2000-05-15,44.9375,42.3125,42.5625,44.6875,387200.0,31.151456832885742
2000-05-16,45.25,44.375,44.5,44.75,254100.0,31.19503402709961
2000-05-17,44.8125,44.0625,44.5,44.8125,308600.0,31.238597869873047
2000-05-18,45.1875,44.5,44.8125,44.875,292100.0,31.28217124938965
2000-05-19,44.75,44.25,44.25,44.75,585400.0,31.19503402709961
2000-05-22,45.0,42.6875,44.6875,43.125,320900.0,30.062259674072266
2000-05-23,43.25,42.5,43.25,42.6875,137100.0,29.757261276245117
2000-05-24,43.125,41.375,42.9375,41.5,259000.0,28.929468154907227
2000-05-25,42.25,41.125,41.25,42.1875,389600.0,29.408733367919922
2000-05-26,42.5,40.8125,42.3125,40.875,193200.0,28.493772506713867
2000-05-30,41.5625,40.75,40.875,41.375,350900.0,28.842313766479492
2000-05-31,41.625,39.75,41.125,39.9375,316200.0,27.840246200561523
2000-06-01,40.1875,39.375,40.0,40.125,467500.0,27.970964431762695
2000-06-02,41.9375,40.5,40.625,41.375,479200.0,28.842313766479492
2000-06-05,41.5625,39.6875,41.375,39.875,402400.0,27.796682357788086
2000-06-06,40.3125,39.3125,40.0,39.75,375400.0,27.709543228149414
2000-06-07,39.75,38.375,39.75,38.75,426100.0,27.012460708618164
2000-06-08,39.375,38.5625,38.875,38.75,172600.0,27.012460708618164
2000-06-09,39.0625,37.6875,38.75,38.1875,299500.0,26.62033462524414
2000-06-12,38.4375,35.25,38.375,35.53125,754800.0,24.7686824798584
2000-06-13,35.5,33.625,35.0,34.75,1986900.0,24.22407341003418
2000-06-14,36.625,34.8125,34.875,35.6875,1584300.0,24.87759780883789
2000-06-15,35.9375,33.25,35.125,33.8125,738600.0,23.57054328918457
2000-06-16,33.4375,32.0,32.0,32.03125,643100.0,22.328845977783203
2000-06-19,32.75,30.5,32.0,30.5,746200.0,21.261417388916016
2000-06-20,31.125,30.25,30.625,31.0625,709300.0,21.653533935546875
2000-06-21,31.375,29.375,31.0625,29.8125,776700.0,20.782161712646484
2000-06-22,32.5,30.0,30.125,31.6875,571600.0,22.089218139648438
2000-06-23,31.8125,30.4375,31.8125,30.4375,365700.0,21.217844009399414
2000-06-26,31.3125,30.5,31.0,30.9375,617400.0,21.5664005279541
2000-06-27,31.25,30.5,30.625,30.875,344600.0,21.5228214263916
2000-06-28,31.25,30.0625,31.125,30.59375,327100.0,21.32676887512207
2000-06-29,30.875,30.0,30.5625,30.75,358400.0,21.435680389404297
2000-06-30,31.625,30.625,30.75,30.8125,852200.0,21.479259490966797
2000-07-03,32.0625,30.875,30.875,32.0625,281500.0,22.350629806518555
2000-07-05,31.875,30.5625,31.625,30.875,524400.0,21.5228214263916
2000-07-06,31.0,28.875,31.0,29.0,632000.0,20.215776443481445
2000-07-07,29.5625,28.5,29.1875,29.0,721700.0,20.215776443481445
2000-07-10,30.625,28.9375,28.9375,30.375,564400.0,21.174283981323242
2000-07-11,30.75,29.9375,30.625,30.625,540600.0,21.34855079650879
2000-07-12,30.625,29.375,30.5625,29.9375,595500.0,20.86930274963379
2000-07-13,31.25,29.9375,29.9375,30.875,473600.0,21.5228214263916
2000-07-14,31.5625,30.8125,30.8125,31.3125,411200.0,21.827810287475586
2000-07-17,32.25,31.3125,31.3125,32.1875,595500.0,22.437759399414062
2000-07-18,33.5,32.0,32.125,32.5,1013600.0,22.65561294555664
2000-07-19,32.8125,32.25,32.5,32.5,917400.0,22.65561294555664
2000-07-20,33.625,32.5625,32.75,33.1875,462800.0,23.134857177734375
2000-07-21,34.75,32.9375,33.25,33.125,336400.0,23.09128761291504
2000-07-24,33.5,32.0,33.0,32.375,534000.0,22.5684757232666
2000-07-25,32.6875,31.625,32.625,31.75,476300.0,22.132783889770508
2000-07-26,31.875,31.0625,31.8125,31.25,437900.0,21.784236907958984
2000-07-27,31.9375,31.1875,31.3125,31.625,331100.0,22.045644760131836
2000-07-28,31.625,30.6875,31.5,31.125,323900.0,21.697105407714844
2000-07-31,32.375,31.375,31.375,31.75,264900.0,22.132783889770508
2000-08-01,32.375,31.625,31.8125,32.1875,196400.0,22.437759399414062
2000-08-02,32.125,31.625,32.0,31.9375,199800.0,22.263492584228516
2000-08-03,32.0625,31.5,31.8125,31.625,223700.0,22.045644760131836
2000-08-04,32.5,31.5,31.5,32.5,243200.0,22.65561294555664
2000-08-07,32.625,32.125,32.5,32.625,189000.0,22.742753982543945
2000-08-08,33.8125,32.5625,32.625,33.0,393600.0,23.004154205322266
2000-08-09,33.34375,32.25,33.0,33.1875,376400.0,23.134857177734375
2000-08-10,33.75,32.875,33.0,33.0625,270200.0,23.166397094726562
2000-08-11,33.5625,32.75,33.4375,33.0,221300.0,23.122591018676758
2000-08-14,33.3125,32.875,32.875,33.25,195400.0,23.297773361206055
2000-08-15,33.5,31.8125,33.5,32.0,396300.0,22.42190933227539
2000-08-16,32.375,31.9375,32.0625,32.125,237900.0,22.509498596191406
2000-08-17,33.0,31.8125,32.375,32.0,543600.0,22.42190933227539
2000-08-18,32.1875,31.5625,32.125,32.0,298700.0,22.42190933227539
2000-08-21,31.9375,31.0625,31.9375,31.1875,246200.0,21.85260581970215
2000-08-22,31.25,30.9375,31.25,31.0,312300.0,21.721227645874023
2000-08-23,31.0,30.4375,31.0,30.5,345800.0,21.370887756347656
2000-08-24,31.375,30.1875,30.375,31.1875,534400.0,21.85260581970215
2000-08-25,31.3125,30.5625,31.1875,31.0,219700.0,21.721227645874023
2000-08-28,31.0625,30.0625,30.9375,30.6875,207900.0,21.50226402282715
2000-08-29,30.9375,30.25,30.5625,30.875,260700.0,21.63364028930664
2000-08-30,30.9375,30.125,30.875,30.75,190000.0,21.546066284179688
2000-08-31,30.4375,28.625,30.375,28.890625,624100.0,20.243221282958984
2000-09-01,29.875,28.75,29.125,29.3125,578800.0,20.538820266723633
2000-09-05,30.4375,29.375,29.875,30.125,288700.0,21.108129501342773
2000-09-06,30.75,29.9375,30.0,30.375,306200.0,21.283302307128906
2000-09-07,30.3125,29.3125,30.3125,29.8125,319400.0,20.889156341552734
2000-09-08,29.8125,29.3125,29.75,29.5625,310200.0,20.713991165161133
2000-09-11,29.75,29.375,29.5,29.4375,755800.0,20.626407623291016
2000-09-12,29.5,28.625,29.4375,29.0,553400.0,20.319866180419922
2000-09-13,29.0,28.1875,29.0,28.5625,342000.0,20.013315200805664
2000-09-14,28.1875,27.5,28.1875,27.625,315900.0,19.356420516967773
2000-09-15,27.75,26.8125,27.6875,27.4375,596400.0,19.22504425048828
2000-09-18,28.125,27.375,27.625,27.9375,609300.0,19.57538604736328
2000-09-19,27.75,27.1875,27.75,27.5,534100.0,19.268829345703125
2000-09-20,27.375,26.5,27.25,26.5,351000.0,18.568147659301758
2000-09-21,26.875,26.125,26.5,26.5625,432300.0,18.611942291259766
2000-09-22,26.25,25.4375,26.125,26.125,240800.0,18.305391311645508
2000-09-25,26.6875,25.6875,26.625,26.125,262900.0,18.305391311645508
2000-09-26,26.125,25.125,26.125,25.5,645400.0,17.867456436157227
2000-09-27,26.6875,25.5,25.75,26.125,474300.0,18.305391311645508
2000-09-28,26.75,26.0,26.125,26.5625,1692200.0,18.611942291259766
2000-09-29,26.8125,26.0,26.75,26.3125,427400.0,18.436771392822266
2000-10-02,27.0625,26.5,27.0,26.625,1363300.0,18.655736923217773
2000-10-03,27.5,26.125,27.0,26.25,557200.0,18.392980575561523
2000-10-04,27.125,26.25,26.5,27.125,725600.0,19.00607681274414
2000-10-05,27.6875,26.5625,27.5,26.875,522800.0,18.830900192260742
2000-10-06,26.75,26.1875,26.75,26.625,331100.0,18.655736923217773
2000-10-09,27.3125,26.75,26.8125,26.9375,370300.0,18.874692916870117
2000-10-10,27.4375,26.25,27.0,26.3125,541500.0,18.436771392822266
2000-10-11,26.3125,25.5,26.3125,25.8125,268300.0,18.0864315032959
2000-10-12,26.0,24.5,26.0,25.0,635600.0,17.517120361328125
2000-10-13,26.375,24.875,25.0625,25.5,489500.0,17.867456436157227
2000-10-16,26.875,25.3125,25.75,26.5625,585900.0,18.611942291259766
2000-10-17,26.5625,24.3125,26.5,24.625,764500.0,17.25436019897461
2000-10-18,25.125,24.375,24.375,24.875,289900.0,17.42953109741211
2000-10-19,26.125,25.0,25.375,26.0625,385700.0,18.261598587036133
2000-10-20,26.1875,25.25,25.875,25.4375,402800.0,17.823667526245117
2000-10-23,27.3125,25.5,25.6875,26.3125,460000.0,18.436771392822266
2000-10-24,27.0625,26.125,26.5625,26.375,247900.0,18.480562210083008
2000-10-25,26.375,25.5,26.375,26.0,226400.0,18.21780776977539
2000-10-26,27.625,26.125,26.125,27.25,367700.0,19.093658447265625
2000-10-27,30.25,27.25,27.25,30.0,640500.0,21.020551681518555
2000-10-30,31.0625,29.8125,30.0,30.8125,473300.0,21.58985137939453
2000-10-31,33.0,30.75,30.875,31.9375,585700.0,22.378122329711914
2000-11-01,33.25,31.625,31.625,32.625,366900.0,22.859846115112305
2000-11-02,33.4375,32.375,32.4375,33.125,313700.0,23.331762313842773
2000-11-03,32.75,31.8125,32.75,32.0625,309100.0,22.5833797454834
2000-11-06,32.75,32.0625,32.25,32.25,284800.0,22.715457916259766
2000-11-07,32.5625,31.875,32.25,32.0,473600.0,22.53936004638672
2000-11-08,33.875,32.0625,32.25,33.625,351800.0,23.683937072753906
2000-11-09,35.8125,33.4375,33.4375,35.6875,751500.0,25.136672973632812
2000-11-10,35.0,33.625,35.0,33.875,545800.0,23.860031127929688
2000-11-13,35.0,33.5625,34.0625,34.9375,410700.0,24.608409881591797
2000-11-14,36.875,34.8125,34.9375,36.5625,571700.0,25.752986907958984
2000-11-15,37.0,35.6875,36.25,35.6875,694900.0,25.136672973632812
2000-11-16,35.875,34.75,35.875,35.4375,337300.0,24.960575103759766
2000-11-17,36.5625,35.1875,35.25,36.5625,332300.0,25.752986907958984
2000-11-20,36.5625,35.375,36.5625,35.875,415300.0,25.26874351501465
2000-11-21,35.9375,34.875,35.9375,35.0,413100.0,24.652427673339844
2000-11-22,35.125,34.5,35.125,34.8125,235300.0,24.52036476135254
2000-11-24,35.625,34.8125,34.8125,35.5,144900.0,25.00460433959961
2000-11-27,37.25,35.9375,36.0,36.375,395800.0,25.620920181274414
2000-11-28,36.1875,35.5,36.125,36.0,348300.0,25.35678482055664
2000-11-29,37.3125,36.25,36.375,37.0,259400.0,26.061132431030273
2000-11-30,36.9375,35.9375,36.0,36.5625,505900.0,25.752986907958984
2000-12-01,37.625,36.4375,36.4375,37.375,449000.0,26.32526206970215
2000-12-04,38.5,37.5625,37.5625,38.1875,344600.0,26.89754867553711
2000-12-05,40.0,38.25,38.375,39.5,523100.0,27.822006225585938
2000-12-06,39.875,38.375,39.875,38.5,322800.0,27.1176700592041
2000-12-07,38.5,37.3125,38.5,37.375,250900.0,26.32526206970215
2000-12-08,37.875,36.875,37.375,37.25,516200.0,26.237228393554688
2000-12-11,37.0625,35.75,36.625,36.75,517100.0,25.885046005249023
2000-12-12,37.9375,36.625,36.9375,37.0,445700.0,26.061132431030273
2000-12-13,37.5625,36.5625,36.75,36.5625,212600.0,25.752986907958984
2000-12-14,36.4375,35.1875,36.3125,35.25,320000.0,24.82851219177246
2000-12-15,34.6875,33.375,34.5,33.9375,866100.0,23.90404510498047
2000-12-18,33.75,31.75,33.0,32.9375,795000.0,23.19969367980957
2000-12-19,34.625,32.75,33.125,33.625,422300.0,23.683937072753906
2000-12-20,33.6875,32.5,33.6875,32.75,290000.0,23.067625045776367
2000-12-21,32.8125,32.375,32.8125,32.5,384300.0,22.891530990600586
2000-12-22,33.9375,31.9375,32.5,33.5625,409100.0,23.639915466308594
2000-12-26,33.625,32.4375,33.375,33.4375,230600.0,23.551868438720703
2000-12-27,36.625,32.9375,33.5,36.0625,575100.0,25.400798797607422
2000-12-28,36.0,34.8125,35.5625,35.6875,221600.0,25.136672973632812
2000-12-29,37.5,35.375,36.125,36.5,387000.0,25.708953857421875
2001-01-02,36.8125,35.4375,35.75,36.0625,614000.0,25.400798797607422
2001-01-03,37.5625,35.5625,36.0625,37.5625,374700.0,26.45734977722168
2001-01-04,38.125,36.9375,37.3125,38.0,367800.0,26.76547622680664
2001-01-05,38.625,37.125,38.625,37.625,281900.0,26.501365661621094
2001-01-08,38.0,35.75,37.25,36.625,303800.0,25.797006607055664
2001-01-09,36.9375,35.5,35.5,36.0625,254900.0,25.400798797607422
2001-01-10,37.375,35.875,36.375,37.3125,218300.0,26.281240463256836
2001-01-11,37.5,36.625,36.8125,37.0625,167900.0,26.10515785217285
2001-01-12,37.625,36.5625,37.125,36.875,321900.0,25.97309684753418
2001-01-16,36.5625,35.625,35.9375,36.5,371300.0,25.708953857421875
2001-01-17,37.5,36.4375,36.5,36.6875,301800.0,25.841028213500977
2001-01-18,36.6875,35.375,36.625,36.0625,312400.0,25.400798797607422
2001-01-19,36.6875,35.375,36.0625,36.0625,191100.0,25.400798797607422
2001-01-22,36.125,35.1875,35.5,36.0,152200.0,25.35678482055664
2001-01-23,36.25,35.4375,35.875,35.875,206000.0,25.26874351501465
2001-01-24,37.0625,35.5,35.625,36.75,249000.0,25.885046005249023
2001-01-25,37.125,35.875,36.6875,36.8125,331400.0,25.92906951904297
2001-01-26,37.0,35.4375,36.625,36.125,271300.0,25.444828033447266
2001-01-29,37.0,35.25,36.20000076293945,36.0,281400.0,25.35678482055664
2001-01-30,38.060001373291016,36.5,36.5,37.0,608900.0,26.061132431030273
2001-01-31,39.779998779296875,37.349998474121094,37.5,39.380001068115234,1086200.0,27.737497329711914
2001-02-01,38.209999084472656,37.04999923706055,38.20000076293945,37.459999084472656,699900.0,26.38513946533203
2001-02-02,37.599998474121094,37.02000045776367,37.25,37.2599983215332,261800.0,26.2442626953125
2001-02-05,37.7599983215332,37.08000183105469,37.349998474121094,37.349998474121094,342900.0,26.307662963867188
2001-02-06,37.650001525878906,36.04999923706055,37.5099983215332,36.38999938964844,404000.0,25.63147735595703
2001-02-07,37.04999923706055,35.900001525878906,35.900001525878906,36.849998474121094,207200.0,25.955476760864258
2001-02-08,36.79999923706055,35.81999969482422,36.79999923706055,36.400001525878906,495300.0,25.757347106933594
2001-02-09,36.54999923706055,35.70000076293945,36.349998474121094,35.959999084472656,153000.0,25.445999145507812
2001-02-12,35.959999084472656,35.349998474121094,35.54999923706055,35.849998474121094,155600.0,25.3681583404541
2001-02-13,36.439998626708984,35.5,35.83000183105469,36.13999938964844,175400.0,25.5733642578125
2001-02-14,36.31999969482422,35.349998474121094,35.70000076293945,35.689998626708984,247600.0,25.254932403564453
2001-02-15,36.5,35.560001373291016,35.849998474121094,36.279998779296875,272600.0,25.672439575195312
2001-02-16,36.709999084472656,34.400001525878906,36.5099983215332,35.18000030517578,377300.0,24.894052505493164
2001-02-20,35.900001525878906,34.900001525878906,35.0,35.16999816894531,248800.0,24.886974334716797
2001-02-21,35.0,34.15999984741211,35.0,34.189998626708984,201400.0,24.193510055541992
2001-02-22,34.2400016784668,33.5,34.20000076293945,34.099998474121094,237800.0,24.129823684692383
2001-02-23,34.0099983215332,32.70000076293945,34.0,33.439998626708984,244400.0,23.662790298461914
2001-02-26,35.099998474121094,33.540000915527344,33.54999923706055,35.02000045776367,281600.0,24.780834197998047
2001-02-27,35.70000076293945,35.0,35.5,35.06999969482422,291800.0,24.81622314453125
2001-02-28,35.540000915527344,34.63999938964844,35.45000076293945,35.0099983215332,368400.0,24.77375602722168
2001-03-01,35.099998474121094,34.439998626708984,34.7599983215332,35.0099983215332,468600.0,24.77375602722168
2001-03-02,36.5,34.5,34.599998474121094,35.939998626708984,556200.0,25.431838989257812
2001-03-05,37.150001525878906,35.939998626708984,35.939998626708984,36.81999969482422,732500.0,26.054550170898438
2001-03-06,37.18000030517578,36.5,36.81999969482422,36.65999984741211,230600.0,25.94132423400879
2001-03-07,37.15999984741211,36.79999923706055,36.90999984741211,37.060001373291016,279200.0,26.22437858581543
2001-03-08,37.5,36.849998474121094,37.5,37.130001068115234,183000.0,26.273908615112305
2001-03-09,36.900001525878906,36.209999084472656,36.349998474121094,36.72999954223633,168700.0,25.990869522094727
2001-03-12,36.20000076293945,35.099998474121094,35.70000076293945,35.279998779296875,283400.0,24.964805603027344
2001-03-13,35.66999816894531,33.79999923706055,35.20000076293945,34.22999954223633,423700.0,24.221820831298828
2001-03-14,34.04999923706055,33.119998931884766,34.04999923706055,33.4900016784668,250700.0,23.698177337646484
2001-03-15,33.84000015258789,33.52000045776367,33.70000076293945,33.66999816894531,274600.0,23.825546264648438
2001-03-16,33.5,31.850000381469727,33.0,31.989999771118164,728200.0,22.636749267578125
2001-03-19,32.0,30.799999237060547,32.0,31.09000015258789,813700.0,21.99989128112793
2001-03-20,32.20000076293945,30.899999618530273,31.09000015258789,31.139999389648438,400600.0,22.035276412963867
2001-03-21,31.3799991607666,30.1299991607666,31.260000228881836,30.280000686645508,426300.0,21.426713943481445
2001-03-22,30.399999618530273,29.510000228881836,29.850000381469727,30.229999542236328,817600.0,21.39133644104004
2001-03-23,31.100000381469727,30.229999542236328,30.399999618530273,30.959999084472656,564900.0,21.907896041870117
2001-03-26,32.5,30.790000915527344,30.899999618530273,32.369998931884766,559300.0,22.90564727783203
2001-03-27,33.02000045776367,32.0,32.29999923706055,32.95000076293945,436500.0,23.316064834594727
2001-03-28,33.56999969482422,32.29999923706055,32.54999923706055,33.02000045776367,448700.0,23.36559295654297
2001-03-29,34.45000076293945,33.02000045776367,33.02000045776367,33.7599983215332,487600.0,23.889225006103516
2001-03-30,34.099998474121094,33.70000076293945,33.77000045776367,33.849998474121094,684000.0,23.952919006347656
2001-04-02,34.130001068115234,32.91999816894531,33.70000076293945,33.040000915527344,295100.0,23.379745483398438
2001-04-03,33.400001525878906,32.150001525878906,33.25,32.20000076293945,258200.0,22.785348892211914
2001-04-04,33.2599983215332,32.0,32.20000076293945,32.900001525878906,308100.0,23.280683517456055
2001-04-05,34.29999923706055,32.900001525878906,32.95000076293945,34.16999816894531,213200.0,24.179359436035156
2001-04-06,34.41999816894531,33.15999984741211,34.41999816894531,33.650001525878906,454300.0,23.8113956451416
2001-04-09,34.66999816894531,33.2599983215332,33.5,33.97999954223633,264200.0,24.04491424560547
2001-04-10,34.95000076293945,33.849998474121094,33.900001525878906,34.4900016784668,322600.0,24.405803680419922
2001-04-11,34.599998474121094,33.88999938964844,34.599998474121094,34.02000045776367,285100.0,24.073213577270508
2001-04-12,34.029998779296875,33.29999923706055,33.900001525878906,33.41999816894531,340000.0,23.648639678955078
2001-04-16,33.970001220703125,33.04999923706055,33.400001525878906,33.400001525878906,302900.0,23.634490966796875
2001-04-17,33.58000183105469,33.150001525878906,33.150001525878906,33.5099983215332,275000.0,23.712324142456055
2001-04-18,36.369998931884766,33.20000076293945,33.5,35.869998931884766,565500.0,25.38231086730957
2001-04-19,36.20000076293945,35.0,36.20000076293945,35.470001220703125,481100.0,25.099266052246094
2001-04-20,35.5,34.900001525878906,35.400001525878906,34.959999084472656,221600.0,24.738372802734375
2001-04-23,36.95000076293945,34.95000076293945,34.95000076293945,36.790000915527344,905600.0,26.03331756591797
2001-04-24,37.75,36.900001525878906,37.349998474121094,37.5,718400.0,26.535743713378906
2001-04-25,38.70000076293945,37.849998474121094,37.849998474121094,38.0,572400.0,26.889530181884766
2001-04-26,38.599998474121094,37.849998474121094,37.849998474121094,38.4900016784668,480900.0,27.23627281188965
2001-04-27,39.25,38.54999923706055,38.900001525878906,38.91999816894531,339800.0,27.540552139282227
2001-04-30,39.15999984741211,38.72999954223633,39.04999923706055,38.779998779296875,693000.0,27.441478729248047
2001-05-01,39.7599983215332,38.79999923706055,38.79999923706055,39.70000076293945,424300.0,28.09249496459961
2001-05-02,40.70000076293945,39.470001220703125,39.599998474121094,40.0099983215332,552500.0,28.311864852905273
2001-05-03,39.599998474121094,38.54999923706055,39.45000076293945,39.0,394600.0,27.718379974365234
2001-05-04,39.47999954223633,38.68000030517578,39.0,39.38999938964844,228900.0,27.995574951171875
2001-05-07,40.04999923706055,39.13999938964844,39.13999938964844,39.459999084472656,412000.0,28.045326232910156
2001-05-08,40.29999923706055,39.66999816894531,39.75,39.88999938964844,772700.0,28.350950241088867
2001-05-09,40.349998474121094,39.70000076293945,39.75,40.029998779296875,466000.0,28.450443267822266
2001-05-10,41.04999923706055,40.040000915527344,40.25,40.83000183105469,343000.0,29.019031524658203
2001-05-11,41.380001068115234,40.70000076293945,40.70000076293945,40.810001373291016,288200.0,29.004823684692383
2001-05-14,40.810001373291016,40.47999954223633,40.810001373291016,40.61000061035156,433200.0,28.862682342529297
2001-05-15,41.29999923706055,40.650001525878906,40.70000076293945,41.0,371600.0,29.139860153198242
2001-05-16,41.70000076293945,40.970001220703125,40.970001220703125,41.65999984741211,669300.0,29.608936309814453
2001-05-17,42.470001220703125,41.619998931884766,41.65999984741211,42.349998474121094,508700.0,30.099353790283203
2001-05-18,42.79999923706055,42.099998474121094,42.349998474121094,42.79999923706055,471300.0,30.41916275024414
2001-05-21,43.61000061035156,42.380001068115234,42.79999923706055,43.599998474121094,445200.0,30.98774528503418
2001-05-22,43.529998779296875,43.0,43.400001525878906,43.31999969482422,321000.0,30.788753509521484
2001-05-23,43.45000076293945,42.650001525878906,43.45000076293945,42.91999816894531,476100.0,30.504453659057617
2001-05-24,43.099998474121094,42.0,42.79999923706055,42.4900016784668,363500.0,30.19883918762207
2001-05-25,42.900001525878906,42.29999923706055,42.54999923706055,42.70000076293945,277800.0,30.348085403442383
2001-05-29,44.04999923706055,42.45000076293945,42.70000076293945,43.290000915527344,951900.0,30.76740837097168
2001-05-30,43.79999923706055,43.29999923706055,43.29999923706055,43.45000076293945,565900.0,30.881128311157227
2001-05-31,44.599998474121094,43.459999084472656,43.459999084472656,44.189998626708984,697000.0,31.407079696655273
2001-06-01,44.650001525878906,43.709999084472656,44.599998474121094,44.58000183105469,531800.0,31.684280395507812
2001-06-04,44.959999084472656,43.849998474121094,44.18000030517578,44.790000915527344,399800.0,31.833515167236328
2001-06-05,45.02000045776367,44.31999969482422,44.779998779296875,44.90999984741211,557500.0,31.918787002563477
2001-06-06,45.09000015258789,44.54999923706055,44.95000076293945,44.61000061035156,354000.0,31.705589294433594
2001-06-07,45.66999816894531,44.70000076293945,44.70000076293945,45.66999816894531,272000.0,32.458961486816406
2001-06-08,48.0,46.099998474121094,46.25,46.349998474121094,935200.0,32.9422492980957
2001-06-11,46.29999923706055,44.5,46.150001525878906,44.790000915527344,1294700.0,31.833515167236328
2001-06-12,44.470001220703125,43.779998779296875,44.349998474121094,44.04999923706055,463000.0,31.307573318481445
2001-06-13,44.5,43.599998474121094,44.150001525878906,43.880001068115234,391600.0,31.186756134033203
2001-06-14,43.93000030517578,42.619998931884766,43.880001068115234,42.720001220703125,281300.0,30.362314224243164
2001-06-15,43.25,41.81999969482422,42.0,43.06999969482422,574200.0,30.611055374145508
2001-06-18,43.150001525878906,42.099998474121094,42.70000076293945,42.349998474121094,317800.0,30.099353790283203
2001-06-19,43.06999969482422,41.61000061035156,42.599998474121094,41.630001068115234,358400.0,29.587623596191406
2001-06-20,42.119998931884766,41.5099983215332,41.61000061035156,41.90999984741211,250100.0,29.78661346435547
2001-06-21,42.5,41.70000076293945,41.90999984741211,42.439998626708984,360300.0,30.163299560546875
2001-06-22,42.5,41.939998626708984,42.29999923706055,42.06999969482422,144600.0,29.900333404541016
2001-06-25,42.36000061035156,41.36000061035156,42.20000076293945,41.4900016784668,145300.0,29.488113403320312
2001-06-26,41.9900016784668,40.84000015258789,41.0,41.849998474121094,225700.0,29.743967056274414
2001-06-27,41.95000076293945,41.099998474121094,41.650001525878906,41.529998779296875,357400.0,29.51653289794922
2001-06-28,42.099998474121094,41.52000045776367,41.52000045776367,41.849998474121094,254100.0,29.743967056274414
2001-06-29,41.810001373291016,40.70000076293945,41.599998474121094,41.15999984741211,529600.0,29.25356674194336
2001-07-02,41.79999923706055,40.79999923706055,41.29999923706055,41.599998474121094,310500.0,29.566299438476562
2001-07-03,42.5,41.2599983215332,41.79999923706055,42.40999984741211,113600.0,30.141971588134766
2001-07-05,42.540000915527344,41.7599983215332,42.25,42.5,392400.0,30.20594024658203
2001-07-06,42.5,40.209999084472656,42.5,40.29999923706055,501400.0,28.64234733581543
2001-07-09,40.66999816894531,39.45000076293945,40.369998931884766,39.75,565800.0,28.25145149230957
2001-07-10,39.9900016784668,39.29999923706055,39.70000076293945,39.560001373291016,203000.0,28.116413116455078
2001-07-11,39.5,38.77000045776367,39.220001220703125,39.18000030517578,393700.0,27.846330642700195
2001-07-12,40.900001525878906,39.11000061035156,39.18000030517578,40.599998474121094,341700.0,28.855554580688477
2001-07-13,40.650001525878906,39.959999084472656,40.349998474121094,40.189998626708984,312600.0,28.56415367126465
2001-07-16,41.0,40.25,40.29999923706055,40.34000015258789,202000.0,28.6707763671875
2001-07-17,41.36000061035156,40.25,40.25,41.11000061035156,311400.0,29.218034744262695
2001-07-18,42.04999923706055,40.79999923706055,40.79999923706055,41.849998474121094,242000.0,29.743967056274414
2001-07-19,42.54999923706055,41.88999938964844,42.29999923706055,42.18000030517578,329700.0,29.978511810302734
2001-07-20,42.400001525878906,41.54999923706055,42.0,41.84000015258789,391700.0,29.736860275268555
2001-07-23,42.45000076293945,40.95000076293945,41.84000015258789,42.040000915527344,336600.0,29.87900161743164
2001-07-24,42.150001525878906,41.02000045776367,42.0,41.119998931884766,296100.0,29.22514533996582
2001-07-25,42.0,41.11000061035156,41.11000061035156,41.959999084472656,203300.0,29.8221492767334
2001-07-26,42.41999816894531,41.45000076293945,41.79999923706055,42.349998474121094,308100.0,30.099353790283203
2001-07-27,42.38999938964844,42.0,42.29999923706055,42.20000076293945,441700.0,29.992727279663086
2001-07-30,42.47999954223633,41.900001525878906,42.25,42.20000076293945,257000.0,29.992727279663086
2001-07-31,42.25,41.900001525878906,42.099998474121094,42.099998474121094,244200.0,29.92165756225586
2001-08-01,42.97999954223633,42.029998779296875,42.04999923706055,42.2599983215332,217500.0,30.035362243652344
2001-08-02,42.54999923706055,41.22999954223633,42.45000076293945,41.630001068115234,328000.0,29.587623596191406
2001-08-03,41.72999954223633,41.0,41.650001525878906,41.400001525878906,267600.0,29.42414665222168
2001-08-06,42.0,40.75,41.599998474121094,41.0,178500.0,29.139860153198242
2001-08-07,41.220001220703125,40.5,40.5,40.810001373291016,174600.0,29.004823684692383
2001-08-08,40.9900016784668,40.470001220703125,40.81999969482422,40.5,172000.0,28.784486770629883
2001-08-09,40.79999923706055,40.0,40.70000076293945,40.279998779296875,241400.0,28.75236701965332
2001-08-10,40.45000076293945,39.900001525878906,40.150001525878906,40.099998474121094,213700.0,28.623876571655273
2001-08-13,40.2400016784668,39.310001373291016,40.20000076293945,39.650001525878906,259000.0,28.30265998840332
2001-08-14,40.29999923706055,39.5,39.5,39.900001525878906,327600.0,28.481115341186523
2001-08-15,40.599998474121094,39.900001525878906,39.900001525878906,40.56999969482422,409100.0,28.95937156677246
2001-08-16,40.95000076293945,40.369998931884766,40.5099983215332,40.91999816894531,438700.0,29.209209442138672
2001-08-17,41.0,39.91999816894531,40.91999816894531,40.33000183105469,224100.0,28.78805923461914
2001-08-20,41.0,40.0,40.08000183105469,40.97999954223633,518500.0,29.252044677734375
2001-08-21,41.939998626708984,40.869998931884766,40.97999954223633,41.0,235700.0,29.266315460205078
2001-08-22,41.88999938964844,40.5,41.150001525878906,41.45000076293945,246300.0,29.58753776550293
2001-08-23,42.25,41.25,41.29999923706055,41.79999923706055,212900.0,29.837369918823242
2001-08-24,41.68000030517578,41.02000045776367,41.20000076293945,41.380001068115234,290500.0,29.537553787231445
2001-08-27,41.380001068115234,41.029998779296875,41.380001068115234,41.119998931884766,349200.0,29.351970672607422
2001-08-28,41.439998626708984,40.959999084472656,41.20000076293945,41.439998626708984,510400.0,29.58039665222168
2001-08-29,42.0099983215332,41.20000076293945,42.0,41.31999969482422,190200.0,29.494728088378906
2001-08-30,42.45000076293945,41.349998474121094,42.0,41.810001373291016,392500.0,29.844497680664062
2001-08-31,42.88999938964844,41.58000183105469,41.75,42.310001373291016,288500.0,30.201417922973633
2001-09-04,43.5,42.45000076293945,42.650001525878906,42.619998931884766,308200.0,30.422679901123047
2001-09-05,43.959999084472656,42.5,42.72999954223633,43.45000076293945,440400.0,31.015153884887695
2001-09-06,45.25,43.119998931884766,43.599998474121094,44.93000030517578,917800.0,32.07158660888672
2001-09-07,44.849998474121094,43.75,44.5,43.79999923706055,736500.0,31.264989852905273
2001-09-10,44.22999954223633,42.5,43.45000076293945,43.13999938964844,660600.0,30.79387855529785
2001-09-17,43.29999923706055,40.959999084472656,43.29999923706055,41.0099983215332,460100.0,29.27345085144043
2001-09-18,42.2400016784668,40.45000076293945,40.7599983215332,41.459999084472656,352600.0,29.594661712646484
2001-09-19,42.400001525878906,39.61000061035156,41.470001220703125,40.880001068115234,659500.0,29.180648803710938
2001-09-20,41.0,39.220001220703125,40.880001068115234,39.220001220703125,538300.0,27.9957218170166
2001-09-21,39.22999954223633,36.86000061035156,39.22999954223633,36.869998931884766,1128700.0,26.318281173706055
2001-09-24,38.22999954223633,37.27000045776367,37.349998474121094,38.0,768300.0,27.124876022338867
2001-09-25,38.150001525878906,37.72999954223633,37.79999923706055,38.0,518000.0,27.124876022338867
2001-09-26,38.45000076293945,37.7599983215332,38.25,37.900001525878906,509000.0,27.053499221801758
2001-09-27,38.25,37.97999954223633,38.20000076293945,38.119998931884766,625300.0,27.21053123474121
2001-09-28,39.2400016784668,37.849998474121094,38.119998931884766,38.849998474121094,620300.0,27.73162078857422
2001-10-01,39.040000915527344,37.849998474121094,38.75,38.70000076293945,305300.0,27.624547958374023
2001-10-02,39.95000076293945,38.70000076293945,38.70000076293945,39.63999938964844,357600.0,28.295530319213867
2001-10-03,40.560001373291016,39.0,39.439998626708984,40.16999816894531,475100.0,28.67383575439453
2001-10-04,40.97999954223633,40.150001525878906,40.29999923706055,40.18000030517578,299000.0,28.68099021911621
2001-10-05,40.88999938964844,39.70000076293945,40.29999923706055,40.72999954223633,213800.0,29.073589324951172
2001-10-08,41.150001525878906,40.29999923706055,40.97999954223633,40.720001220703125,186100.0,29.06644058227539
2001-10-09,41.0,40.150001525878906,40.5,40.43000030517578,169800.0,28.859447479248047
2001-10-10,42.79999923706055,40.290000915527344,40.43000030517578,42.5,427100.0,30.337026596069336
2001-10-11,44.0,42.5,42.599998474121094,43.619998931884766,499000.0,31.13650131225586
2001-10-12,43.29999923706055,42.45000076293945,42.91999816894531,43.11000061035156,235000.0,30.772451400756836
2001-10-15,43.5,42.11000061035156,42.95000076293945,42.630001068115234,499700.0,30.429826736450195
2001-10-16,43.650001525878906,42.459999084472656,42.880001068115234,43.41999816894531,498500.0,30.993728637695312
2001-10-17,43.5,43.0,43.41999816894531,43.25,581500.0,30.872392654418945
2001-10-18,43.45000076293945,43.0,43.150001525878906,43.06999969482422,632600.0,30.743913650512695
2001-10-19,43.400001525878906,43.060001373291016,43.060001373291016,43.2599983215332,340400.0,30.879533767700195
2001-10-22,44.650001525878906,43.400001525878906,43.400001525878906,44.29999923706055,297400.0,31.62189292907715
2001-10-23,43.72999954223633,42.25,43.5,42.63999938964844,595400.0,30.436965942382812
2001-10-24,43.47999954223633,42.529998779296875,42.88999938964844,43.36000061035156,284600.0,30.950908660888672
2001-10-25,43.18000030517578,42.189998626708984,42.900001525878906,43.02000045776367,350400.0,30.708213806152344
2001-10-26,43.599998474121094,42.880001068115234,42.93000030517578,43.43000030517578,355000.0,31.000886917114258
2001-10-29,43.5,42.9900016784668,43.150001525878906,43.0,349600.0,30.69393539428711
2001-10-30,43.43000030517578,42.70000076293945,43.25,42.91999816894531,313300.0,30.63682746887207
2001-10-31,43.88999938964844,42.720001220703125,42.79999923706055,43.29999923706055,398600.0,30.9080867767334
2001-11-01,43.79999923706055,42.650001525878906,43.0,43.68000030517578,281200.0,31.179311752319336
2001-11-02,44.91999816894531,43.529998779296875,43.54999923706055,44.5,194500.0,31.7646541595459
2001-11-05,44.95000076293945,44.0,44.5,44.77000045776367,410200.0,31.957387924194336
2001-11-06,45.75,44.45000076293945,44.52000045776367,45.75,245500.0,32.656917572021484
2001-11-07,45.61000061035156,45.0,45.150001525878906,45.04999923706055,614300.0,32.28074264526367
2001-11-08,45.4900016784668,45.02000045776367,45.400001525878906,45.09000015258789,404300.0,32.30940246582031
2001-11-09,45.20000076293945,44.79999923706055,44.95000076293945,44.9900016784668,159900.0,32.23774337768555
2001-11-12,44.75,43.779998779296875,44.75,44.529998779296875,354400.0,31.908119201660156
2001-11-13,45.099998474121094,44.29999923706055,44.29999923706055,45.099998474121094,320000.0,32.316558837890625
2001-11-14,45.4900016784668,45.0,45.099998474121094,45.36000061035156,378400.0,32.50286865234375
2001-11-15,45.61000061035156,45.25,45.45000076293945,45.56999969482422,430100.0,32.65334701538086
2001-11-16,45.83000183105469,45.45000076293945,45.5,45.689998626708984,263800.0,32.739322662353516
2001-11-19,46.20000076293945,45.88999938964844,45.900001525878906,46.04999923706055,355000.0,32.99729537963867
2001-11-20,46.20000076293945,45.709999084472656,46.20000076293945,45.93000030517578,240400.0,32.911285400390625
2001-11-21,45.939998626708984,45.150001525878906,45.939998626708984,45.25,232100.0,32.42405700683594
2001-11-23,45.58000183105469,44.849998474121094,44.849998474121094,45.52000045776367,232500.0,32.61750030517578
2001-11-26,46.209999084472656,45.400001525878906,45.70000076293945,46.040000915527344,453500.0,32.99011993408203
2001-11-27,47.70000076293945,45.65999984741211,46.0,47.02000045776367,528400.0,33.692344665527344
2001-11-28,47.150001525878906,46.58000183105469,46.91999816894531,46.90999984741211,250100.0,33.61351013183594
2001-11-29,47.75,46.560001373291016,46.90999984741211,47.56999969482422,467500.0,34.086456298828125
2001-11-30,47.36000061035156,46.70000076293945,47.349998474121094,46.79999923706055,517600.0,33.534690856933594
2001-12-03,47.0,45.59000015258789,46.95000076293945,46.31999969482422,325200.0,33.19075012207031
2001-12-04,46.849998474121094,46.25,46.29999923706055,46.70000076293945,612400.0,33.46305465698242
2001-12-05,48.16999816894531,46.54999923706055,46.54999923706055,47.849998474121094,936100.0,34.28707504272461
2001-12-06,48.150001525878906,47.459999084472656,48.150001525878906,47.900001525878906,546400.0,34.32289505004883
2001-12-07,48.5,47.59000015258789,47.900001525878906,48.029998779296875,205200.0,34.41606140136719
2001-12-10,48.04999923706055,47.25,48.029998779296875,47.29999923706055,235800.0,33.89298629760742
2001-12-11,47.310001373291016,46.599998474121094,46.849998474121094,47.2400016784668,348900.0,33.849971771240234
2001-12-12,47.41999816894531,46.349998474121094,47.41999816894531,46.849998474121094,517900.0,33.57051467895508
2001-12-13,46.099998474121094,44.22999954223633,45.0,45.54999923706055,1216000.0,32.63901138305664
2001-12-14,46.81999969482422,45.290000915527344,45.70000076293945,46.63999938964844,692000.0,33.420047760009766
2001-12-17,47.41999816894531,46.70000076293945,46.88999938964844,47.220001220703125,339400.0,33.83565139770508
2001-12-18,48.099998474121094,47.47999954223633,47.79999923706055,47.619998931884766,345800.0,34.122283935546875
2001-12-19,47.61000061035156,46.72999954223633,47.599998474121094,47.08000183105469,386000.0,33.73531723022461
2001-12-20,47.439998626708984,46.79999923706055,47.25,47.08000183105469,230200.0,33.73531723022461
2001-12-21,48.04999923706055,47.119998931884766,47.189998626708984,47.95000076293945,573100.0,34.35872268676758
2001-12-24,48.720001220703125,47.95000076293945,47.95000076293945,48.29999923706055,147600.0,34.609527587890625
2001-12-26,48.75,47.709999084472656,48.29999923706055,47.81999969482422,310300.0,34.26559066772461
2001-12-27,48.150001525878906,47.439998626708984,48.02000045776367,47.7400016784668,405700.0,34.2082633972168
2001-12-28,48.650001525878906,47.5,47.7400016784668,48.52000045776367,446000.0,34.76716613769531
2001-12-31,48.9900016784668,48.0,48.04999923706055,48.0,198200.0,34.394554138183594
2002-01-02,47.86000061035156,46.599998474121094,47.5,47.810001373291016,282000.0,34.25840759277344
2002-01-03,49.150001525878906,47.599998474121094,47.70000076293945,48.88999938964844,438500.0,35.03227996826172
2002-01-04,49.45000076293945,48.70000076293945,48.849998474121094,49.18000030517578,344100.0,35.240081787109375
2002-01-07,49.599998474121094,48.86000061035156,49.5,49.029998779296875,601100.0,35.13261413574219
2002-01-08,49.20000076293945,48.810001373291016,49.0,49.04999923706055,232300.0,35.146949768066406
2002-01-09,49.869998931884766,49.0,49.0,49.439998626708984,375400.0,35.426387786865234
2002-01-10,49.869998931884766,49.29999923706055,49.29999923706055,49.66999816894531,407500.0,35.591209411621094
2002-01-11,49.439998626708984,48.54999923706055,49.20000076293945,49.22999954223633,340000.0,35.27592849731445
2002-01-14,49.099998474121094,48.54999923706055,48.9900016784668,48.970001220703125,255800.0,35.089630126953125
2002-01-15,48.849998474121094,48.290000915527344,48.81999969482422,48.459999084472656,571900.0,34.72417068481445
2002-01-16,48.61000061035156,48.18000030517578,48.54999923706055,48.18000030517578,412000.0,34.5235481262207
2002-01-17,48.5,47.95000076293945,48.5,48.45000076293945,314000.0,34.717018127441406
2002-01-18,49.150001525878906,48.279998779296875,48.279998779296875,49.02000045776367,318400.0,35.12543869018555
2002-01-22,50.09000015258789,49.099998474121094,49.099998474121094,49.630001068115234,416000.0,35.56252670288086
2002-01-23,50.650001525878906,49.59000015258789,49.63999938964844,50.150001525878906,386100.0,35.93516540527344
2002-01-24,53.08000183105469,50.0,50.06999969482422,52.7400016784668,525500.0,37.79102325439453
2002-01-25,53.47999954223633,51.65999984741211,52.150001525878906,53.310001373291016,601800.0,38.199459075927734
2002-01-28,53.4900016784668,52.34000015258789,52.72999954223633,53.43000030517578,658800.0,38.28544616699219
2002-01-29,54.20000076293945,52.2400016784668,53.900001525878906,53.06999969482422,923000.0,38.027469635009766
2002-01-30,52.95000076293945,51.54999923706055,52.400001525878906,52.779998779296875,693400.0,37.81969451904297
2002-01-31,54.29999923706055,52.66999816894531,52.779998779296875,54.29999923706055,415400.0,38.908851623535156
2002-02-01,55.29999923706055,53.61000061035156,54.75,54.290000915527344,485300.0,38.90169143676758
2002-02-04,54.619998931884766,53.70000076293945,54.29999923706055,53.7400016784668,571400.0,38.50756072998047
2002-02-05,54.189998626708984,52.849998474121094,53.04999923706055,53.5,902300.0,38.335609436035156
2002-02-06,54.54999923706055,53.5,53.5,54.060001373291016,881100.0,38.73686981201172
2002-02-07,54.40999984741211,53.40999984741211,53.40999984741211,53.9900016784668,406100.0,38.81236267089844
2002-02-08,54.5,53.70000076293945,53.70000076293945,54.470001220703125,289700.0,39.15742111206055
2002-02-11,54.95000076293945,54.119998931884766,54.349998474121094,54.2599983215332,492000.0,39.0064582824707
2002-02-12,54.45000076293945,53.349998474121094,54.2599983215332,54.40999984741211,355700.0,39.114288330078125
2002-02-13,54.54999923706055,53.709999084472656,54.31999969482422,54.11000061035156,506500.0,38.89862823486328
2002-02-14,54.150001525878906,53.529998779296875,53.97999954223633,53.939998626708984,455300.0,38.77640914916992
2002-02-15,55.2400016784668,54.0,54.0,54.290000915527344,472600.0,39.02802276611328
2002-02-19,54.599998474121094,53.380001068115234,54.290000915527344,53.380001068115234,613300.0,38.37384033203125
2002-02-20,54.7400016784668,53.2599983215332,53.380001068115234,54.529998779296875,401000.0,39.20055389404297
2002-02-21,55.029998779296875,53.970001220703125,54.529998779296875,54.08000183105469,479700.0,38.8770637512207
2002-02-22,55.2400016784668,53.79999923706055,53.900001525878906,55.02000045776367,266900.0,39.55281066894531
2002-02-25,56.650001525878906,54.900001525878906,54.900001525878906,54.900001525878906,383500.0,39.4665412902832
2002-02-26,57.68000030517578,56.41999816894531,57.25,57.06999969482422,647100.0,41.02650833129883
2002-02-27,58.5,56.45000076293945,57.0,58.380001068115234,888000.0,41.9682502746582
2002-02-28,59.400001525878906,58.380001068115234,58.380001068115234,59.27000045776367,748700.0,42.60805130004883
2002-03-01,59.290000915527344,57.0,59.099998474121094,57.4900016784668,1106200.0,41.32843780517578
2002-03-04,58.54999923706055,56.5,56.5,58.40999984741211,722400.0,41.989810943603516
2002-03-05,58.66999816894531,57.650001525878906,58.529998779296875,57.9900016784668,583400.0,41.68788146972656
2002-03-06,58.95000076293945,57.900001525878906,57.900001525878906,58.54999923706055,377600.0,42.090457916259766
2002-03-07,58.779998779296875,57.45000076293945,58.54999923706055,57.779998779296875,320900.0,41.53691482543945
2002-03-08,58.22999954223633,57.61000061035156,57.95000076293945,58.15999984741211,383900.0,41.810096740722656
2002-03-11,58.5,57.529998779296875,58.04999923706055,58.5,448200.0,42.05451965332031
2002-03-12,58.29999923706055,57.5099983215332,58.25,57.880001068115234,335500.0,41.60879898071289
2002-03-13,57.88999938964844,55.619998931884766,57.880001068115234,56.0099983215332,1028300.0,40.26449203491211
2002-03-14,57.25,55.65999984741211,56.29999923706055,56.5,1128400.0,40.61677169799805
2002-03-15,56.779998779296875,56.150001525878906,56.400001525878906,56.5,713400.0,40.61677169799805
2002-03-18,56.5,55.70000076293945,56.4900016784668,55.869998931884766,436600.0,40.16386413574219
2002-03-19,57.29999923706055,55.900001525878906,55.900001525878906,56.97999954223633,461900.0,40.96181106567383
2002-03-20,58.20000076293945,56.70000076293945,56.900001525878906,57.97999954223633,331600.0,41.68068313598633
2002-03-21,58.13999938964844,56.0,57.97999954223633,56.459999084472656,338900.0,40.5880012512207
2002-03-22,56.79999923706055,55.5,56.209999084472656,56.099998474121094,308200.0,40.329200744628906
2002-03-25,56.2599983215332,54.599998474121094,56.0,54.7400016784668,169600.0,39.35152053833008
2002-03-26,55.849998474121094,54.709999084472656,54.709999084472656,55.13999938964844,428100.0,39.63907241821289
2002-03-27,56.0,55.150001525878906,55.150001525878906,55.38999938964844,251900.0,39.818790435791016
2002-03-28,56.540000915527344,55.59000015258789,55.59000015258789,56.22999954223633,330800.0,40.42265701293945
2002-04-01,56.04999923706055,54.54999923706055,56.04999923706055,55.400001525878906,361400.0,39.82598876953125
2002-04-02,56.04999923706055,55.099998474121094,55.29999923706055,55.79999923706055,377100.0,40.11354064941406
2002-04-03,55.900001525878906,54.599998474121094,55.900001525878906,54.939998626708984,377000.0,39.49529266357422
2002-04-04,56.400001525878906,54.7599983215332,54.84000015258789,56.290000915527344,282400.0,40.46578598022461
2002-04-05,57.40999984741211,56.25,56.599998474121094,56.83000183105469,237600.0,40.853973388671875
2002-04-08,57.060001373291016,55.900001525878906,56.0,56.56999969482422,226200.0,40.667076110839844
2002-04-09,57.33000183105469,56.720001220703125,56.75,57.130001068115234,242300.0,41.069637298583984
2002-04-10,58.380001068115234,57.29999923706055,57.349998474121094,58.2599983215332,280300.0,41.881980895996094
2002-04-11,58.880001068115234,57.599998474121094,58.20000076293945,57.61000061035156,225500.0,41.41470718383789
2002-04-12,57.79999923706055,56.81999969482422,57.61000061035156,57.36000061035156,272700.0,41.23499298095703
2002-04-15,57.9900016784668,56.29999923706055,57.79999923706055,56.5,418800.0,40.61677169799805
2002-04-16,58.93000030517578,56.900001525878906,56.900001525878906,58.81999969482422,456300.0,42.284549713134766
2002-04-17,59.0,58.25,58.95000076293945,58.470001220703125,530800.0,42.032936096191406
2002-04-18,58.650001525878906,56.59000015258789,58.650001525878906,56.880001068115234,314700.0,40.88992691040039
2002-04-19,58.02000045776367,57.04999923706055,57.130001068115234,57.150001525878906,278000.0,41.08405303955078
2002-04-22,57.22999954223633,54.54999923706055,57.22999954223633,54.95000076293945,542100.0,39.50249099731445
2002-04-23,55.790000915527344,54.59000015258789,54.95000076293945,54.61000061035156,343400.0,39.258056640625
2002-04-24,55.11000061035156,53.79999923706055,54.849998474121094,53.9900016784668,462700.0,38.81236267089844
2002-04-25,54.779998779296875,53.9900016784668,54.0,54.650001525878906,477700.0,39.28683853149414
2002-04-26,55.84000015258789,54.43000030517578,54.70000076293945,55.04999923706055,325000.0,39.574378967285156
2002-04-29,55.400001525878906,54.36000061035156,55.0,54.439998626708984,288600.0,39.135868072509766
2002-04-30,57.09000015258789,54.599998474121094,54.70000076293945,56.06999969482422,453200.0,40.30765151977539
2002-05-01,56.400001525878906,54.869998931884766,55.900001525878906,55.36000061035156,355200.0,39.7972297668457
2002-05-02,55.790000915527344,54.79999923706055,55.400001525878906,54.970001220703125,347500.0,39.645774841308594
2002-05-03,54.97999954223633,53.5,54.970001220703125,53.900001525878906,498200.0,38.87406921386719
2002-05-06,53.900001525878906,51.970001220703125,53.900001525878906,52.209999084472656,626200.0,37.655189514160156
2002-05-07,54.599998474121094,52.380001068115234,52.38999938964844,54.0,748900.0,38.94617462158203
2002-05-08,54.88999938964844,54.02000045776367,54.150001525878906,54.599998474121094,411100.0,39.3789176940918
2002-05-09,54.400001525878906,53.400001525878906,54.400001525878906,53.400001525878906,327500.0,38.513423919677734
2002-05-10,53.40999984741211,52.20000076293945,53.29999923706055,52.349998474121094,277300.0,37.756141662597656
2002-05-13,53.25,52.279998779296875,52.349998474121094,52.70000076293945,147900.0,38.00859451293945
2002-05-14,54.41999816894531,53.02000045776367,53.099998474121094,54.380001068115234,404600.0,39.22025680541992
2002-05-15,54.900001525878906,53.849998474121094,54.130001068115234,54.189998626708984,190600.0,39.08322525024414
2002-05-16,54.900001525878906,54.150001525878906,54.20000076293945,54.470001220703125,276600.0,39.28515625
2002-05-17,55.25,54.54999923706055,54.70000076293945,55.25,438300.0,39.84771728515625
2002-05-20,55.650001525878906,55.0,55.25,55.02000045776367,253200.0,39.68183135986328
2002-05-21,55.400001525878906,54.02000045776367,54.900001525878906,54.06999969482422,159700.0,38.996646881103516
2002-05-22,55.099998474121094,54.029998779296875,54.20000076293945,54.43000030517578,168200.0,39.25629806518555
2002-05-23,55.34000015258789,54.20000076293945,54.439998626708984,55.29999923706055,229300.0,39.883766174316406
2002-05-24,55.79999923706055,54.900001525878906,55.29999923706055,54.900001525878906,255900.0,39.59527587890625
2002-05-28,54.79999923706055,53.849998474121094,54.79999923706055,53.88999938964844,372500.0,38.86683654785156
2002-05-29,54.040000915527344,52.54999923706055,53.88999938964844,52.880001068115234,361900.0,38.138404846191406
2002-05-30,53.400001525878906,52.0,52.88999938964844,52.400001525878906,359500.0,37.7922248840332
2002-05-31,53.70000076293945,52.4900016784668,52.599998474121094,52.58000183105469,323900.0,37.922027587890625
2002-06-03,52.939998626708984,51.91999816894531,52.79999923706055,52.130001068115234,355400.0,37.59748077392578
2002-06-04,52.2599983215332,50.61000061035156,52.099998474121094,51.439998626708984,381500.0,37.09984588623047
2002-06-05,52.2599983215332,51.20000076293945,51.54999923706055,52.150001525878906,288500.0,37.611915588378906
2002-06-06,52.20000076293945,50.599998474121094,52.0,51.130001068115234,446500.0,36.87627410888672
2002-06-07,50.84000015258789,50.04999923706055,50.04999923706055,50.439998626708984,508600.0,36.37861633300781
2002-06-10,51.27000045776367,50.150001525878906,50.2400016784668,50.560001373291016,260200.0,36.46516799926758
2002-06-11,52.099998474121094,50.380001068115234,51.099998474121094,50.58000183105469,648000.0,36.47958755493164
2002-06-12,51.119998931884766,49.70000076293945,50.400001525878906,51.02000045776367,344700.0,36.79692459106445
2002-06-13,51.150001525878906,50.150001525878906,50.79999923706055,50.29999923706055,236900.0,36.277645111083984
2002-06-14,50.220001220703125,49.29999923706055,50.20000076293945,50.09000015258789,476900.0,36.126182556152344
2002-06-17,51.29999923706055,50.29999923706055,50.29999923706055,51.27000045776367,204200.0,36.977237701416016
2002-06-18,51.29999923706055,50.16999816894531,51.0,50.33000183105469,384800.0,36.29927062988281
2002-06-19,51.150001525878906,49.70000076293945,50.33000183105469,49.7400016784668,216600.0,35.873756408691406
2002-06-20,50.29999923706055,48.9900016784668,49.75,48.9900016784668,350400.0,35.33283996582031
2002-06-21,49.20000076293945,47.93000030517578,48.25,47.93000030517578,377100.0,34.56834411621094
2002-06-24,48.720001220703125,47.209999084472656,47.849998474121094,48.0099983215332,332600.0,34.626041412353516
2002-06-25,49.54999923706055,47.599998474121094,48.400001525878906,47.619998931884766,562000.0,34.34477233886719
2002-06-26,48.20000076293945,47.09000015258789,47.619998931884766,47.689998626708984,426200.0,34.39523696899414
2002-06-27,48.560001373291016,47.75,47.849998474121094,48.45000076293945,334800.0,34.94338607788086
2002-06-28,50.349998474121094,48.540000915527344,48.54999923706055,50.099998474121094,562700.0,36.13339614868164
2002-07-01,50.7400016784668,49.61000061035156,50.29999923706055,49.630001068115234,373100.0,35.794437408447266
2002-07-02,49.709999084472656,47.70000076293945,49.599998474121094,47.70000076293945,512600.0,34.402462005615234
2002-07-03,48.54999923706055,47.5,47.65999984741211,48.33000183105469,456500.0,34.85683822631836
2002-07-05,50.20000076293945,48.380001068115234,48.54999923706055,50.0,164000.0,36.06127166748047
2002-07-08,50.400001525878906,49.20000076293945,49.849998474121094,49.2599983215332,121400.0,35.52756881713867
2002-07-09,49.84000015258789,49.099998474121094,49.29999923706055,49.099998474121094,595700.0,35.41217041015625
2002-07-10,49.16999816894531,47.0099983215332,49.150001525878906,47.0099983215332,274100.0,33.904815673828125
2002-07-11,47.5,45.5099983215332,46.849998474121094,46.099998474121094,631300.0,33.248497009277344
2002-07-12,47.060001373291016,45.79999923706055,46.099998474121094,46.11000061035156,287900.0,33.255706787109375
2002-07-15,46.20000076293945,44.20000076293945,46.20000076293945,46.0,275800.0,33.1763801574707
2002-07-16,45.599998474121094,43.2599983215332,45.599998474121094,43.7400016784668,745200.0,31.54640769958496
2002-07-17,45.38999938964844,44.189998626708984,44.5,44.70000076293945,575800.0,32.238773345947266
2002-07-18,44.939998626708984,43.27000045776367,44.650001525878906,43.45000076293945,351900.0,31.33725929260254
2002-07-19,44.45000076293945,42.099998474121094,43.20000076293945,42.220001220703125,459500.0,30.450149536132812
2002-07-22,43.400001525878906,40.900001525878906,42.45000076293945,40.900001525878906,630000.0,29.498123168945312
2002-07-23,42.029998779296875,40.400001525878906,41.150001525878906,41.0,782500.0,29.570249557495117
2002-07-24,44.0,40.599998474121094,40.70000076293945,44.0,753200.0,31.733922958374023
2002-07-25,46.689998626708984,43.70000076293945,44.0,46.40999984741211,1115900.0,33.47208786010742
2002-07-26,46.900001525878906,45.25,46.15999984741211,46.689998626708984,948700.0,33.674015045166016
2002-07-29,48.5099983215332,46.70000076293945,46.70000076293945,48.5099983215332,421400.0,34.98664855957031
2002-07-30,49.0,47.5,48.5099983215332,48.709999084472656,359100.0,35.130889892578125
2002-07-31,49.040000915527344,47.599998474121094,48.709999084472656,49.040000915527344,595000.0,35.36891174316406
2002-08-01,49.79999923706055,48.5099983215332,48.900001525878906,49.20000076293945,428900.0,35.484291076660156
2002-08-02,49.189998626708984,46.95000076293945,49.189998626708984,47.20000076293945,328000.0,34.04184341430664
2002-08-05,47.029998779296875,44.97999954223633,47.0,44.97999954223633,665100.0,32.44072341918945
2002-08-06,47.29999923706055,45.29999923706055,45.29999923706055,46.70000076293945,405700.0,33.68122863769531
2002-08-07,47.25,44.75,47.04999923706055,46.040000915527344,610200.0,33.20522689819336
2002-08-08,47.400001525878906,45.400001525878906,45.400001525878906,47.34000015258789,409500.0,34.276817321777344
2002-08-09,47.95000076293945,46.47999954223633,47.34000015258789,47.470001220703125,278700.0,34.3709602355957
2002-08-12,47.70000076293945,46.40999984741211,47.25,47.279998779296875,171800.0,34.233394622802734
2002-08-13,47.599998474121094,46.56999969482422,47.099998474121094,46.72999954223633,315600.0,33.83515167236328
2002-08-14,47.45000076293945,45.189998626708984,46.70000076293945,47.20000076293945,324600.0,34.17544937133789
2002-08-15,47.59000015258789,45.5,47.20000076293945,46.439998626708984,673400.0,33.625179290771484
2002-08-16,46.4900016784668,45.68000030517578,46.31999969482422,46.45000076293945,362900.0,33.63241958618164
2002-08-19,47.45000076293945,46.2599983215332,46.400001525878906,47.29999923706055,439000.0,34.24785614013672
2002-08-20,47.150001525878906,46.34000015258789,46.849998474121094,46.709999084472656,383300.0,33.820674896240234
2002-08-21,47.25,46.20000076293945,46.79999923706055,46.97999954223633,503900.0,34.01618194580078
2002-08-22,47.06999969482422,46.380001068115234,46.95000076293945,46.90999984741211,487100.0,33.965476989746094
2002-08-23,46.84000015258789,46.11000061035156,46.54999923706055,46.36000061035156,268600.0,33.567256927490234
2002-08-26,46.599998474121094,45.61000061035156,46.349998474121094,46.349998474121094,281800.0,33.56002426147461
2002-08-27,46.95000076293945,46.29999923706055,46.5,46.58000183105469,342900.0,33.72655487060547
2002-08-28,46.599998474121094,45.90999984741211,46.54999923706055,46.02000045776367,409300.0,33.321067810058594
2002-08-29,45.79999923706055,44.939998626708984,45.77000045776367,45.20000076293945,317200.0,32.72733688354492
2002-08-30,46.18000030517578,44.79999923706055,45.0,45.04999923706055,424000.0,32.61874008178711
2002-09-03,44.95000076293945,43.869998931884766,44.95000076293945,43.900001525878906,478100.0,31.786075592041016
2002-09-04,44.38999938964844,43.540000915527344,43.900001525878906,44.130001068115234,418300.0,31.952608108520508
2002-09-05,43.75,43.0,43.45000076293945,43.0,320300.0,31.134429931640625
2002-09-06,44.0,43.119998931884766,43.25,43.58000183105469,361100.0,31.55438804626465
2002-09-09,43.70000076293945,42.72999954223633,43.54999923706055,43.439998626708984,537800.0,31.45298957824707
2002-09-10,45.400001525878906,43.619998931884766,43.689998626708984,45.279998779296875,404500.0,32.7852897644043
2002-09-11,45.380001068115234,44.630001068115234,45.279998779296875,44.93000030517578,516200.0,32.531856536865234
2002-09-12,44.86000061035156,43.5,44.400001525878906,43.7400016784668,586600.0,31.670228958129883
2002-09-13,43.81999969482422,42.79999923706055,43.7400016784668,43.310001373291016,499100.0,31.358875274658203
2002-09-16,43.220001220703125,42.65999984741211,43.099998474121094,42.900001525878906,406600.0,31.06201171875
2002-09-17,43.34000015258789,42.0099983215332,43.0,42.220001220703125,300000.0,30.569660186767578
2002-09-18,43.029998779296875,41.599998474121094,42.0,42.70000076293945,454500.0,30.917205810546875
2002-09-19,43.27000045776367,41.900001525878906,42.400001525878906,41.90999984741211,330200.0,30.34521484375
2002-09-20,42.400001525878906,41.849998474121094,42.0,42.20000076293945,354200.0,30.555173873901367
2002-09-23,42.04999923706055,41.25,42.0,41.810001373291016,378200.0,30.27279281616211
2002-09-24,41.75,40.529998779296875,41.75,40.900001525878906,385500.0,29.61389923095703
2002-09-25,42.2400016784668,41.2400016784668,41.29999923706055,41.849998474121094,355400.0,30.301755905151367
2002-09-26,44.349998474121094,41.79999923706055,41.849998474121094,44.20000076293945,752200.0,32.00328826904297
2002-09-27,44.209999084472656,42.09000015258789,44.09000015258789,42.5099983215332,449300.0,30.77962875366211
2002-09-30,43.119998931884766,40.900001525878906,42.099998474121094,42.54999923706055,361500.0,30.808605194091797
2002-10-01,43.4900016784668,41.349998474121094,42.56999969482422,43.40999984741211,484600.0,31.431283950805664
2002-10-02,43.349998474121094,42.0,43.349998474121094,42.400001525878906,357300.0,30.699995040893555
2002-10-03,43.25,42.0,42.5,42.779998779296875,311900.0,30.97513198852539
2002-10-04,43.06999969482422,39.83000183105469,42.810001373291016,41.70000076293945,719800.0,30.193140029907227
2002-10-07,41.849998474121094,40.5,41.599998474121094,40.59000015258789,318300.0,29.389446258544922
2002-10-08,41.63999938964844,39.959999084472656,40.72999954223633,41.529998779296875,641900.0,30.070058822631836
2002-10-09,41.349998474121094,39.540000915527344,41.04999923706055,39.81999969482422,567600.0,28.831933975219727
2002-10-10,42.29999923706055,39.20000076293945,40.20000076293945,42.060001373291016,459000.0,30.45382308959961
2002-10-11,44.880001068115234,42.630001068115234,43.0,44.15999984741211,482400.0,31.97432518005371
2002-10-14,43.959999084472656,42.70000076293945,43.599998474121094,43.08000183105469,336700.0,31.19234848022461
2002-10-15,46.75,43.04999923706055,44.25,46.70000076293945,546000.0,33.813438415527344
2002-10-16,46.33000183105469,45.0,46.0,45.72999954223633,651300.0,33.111087799072266
2002-10-17,48.5,46.79999923706055,47.0,48.459999084472656,539900.0,35.087764739990234
2002-10-18,48.5099983215332,47.63999938964844,48.459999084472656,47.779998779296875,658000.0,34.59540557861328
2002-10-21,50.400001525878906,47.54999923706055,47.79999923706055,50.189998626708984,514600.0,36.34039306640625
2002-10-22,48.75,47.650001525878906,48.75,48.0,548800.0,34.754695892333984
2002-10-23,48.86000061035156,47.5,47.79999923706055,48.81999969482422,212700.0,35.348426818847656
2002-10-24,49.400001525878906,48.04999923706055,49.15999984741211,48.560001373291016,379200.0,35.16017532348633
2002-10-25,49.59000015258789,48.09000015258789,48.54999923706055,49.2400016784668,615700.0,35.652549743652344
2002-10-28,49.849998474121094,48.4900016784668,49.75,48.720001220703125,278200.0,35.276031494140625
2002-10-29,49.29999923706055,47.599998474121094,48.720001220703125,48.75,401200.0,35.297752380371094
2002-10-30,49.380001068115234,48.310001373291016,48.75,48.86000061035156,383200.0,35.377384185791016
2002-10-31,49.279998779296875,48.150001525878906,48.86000061035156,48.459999084472656,505200.0,35.087764739990234
2002-11-01,48.97999954223633,47.70000076293945,48.34000015258789,48.91999816894531,326900.0,35.420841217041016
2002-11-04,50.22999954223633,49.04999923706055,49.20000076293945,49.18000030517578,316100.0,35.609100341796875
2002-11-05,49.779998779296875,48.79999923706055,48.95000076293945,49.279998779296875,294100.0,35.6815071105957
2002-11-06,50.900001525878906,48.560001373291016,49.04999923706055,50.65999984741211,449800.0,36.81517028808594
2002-11-07,50.70000076293945,49.400001525878906,50.5,49.93000030517578,527100.0,36.28467559814453
2002-11-08,51.150001525878906,49.900001525878906,49.93000030517578,50.47999954223633,588100.0,36.6843376159668
2002-11-11,50.25,48.77000045776367,50.22999954223633,48.790000915527344,271000.0,35.45622253417969
2002-11-12,50.4900016784668,48.79999923706055,48.79999923706055,49.97999954223633,379800.0,36.321014404296875
2002-11-13,51.41999816894531,49.75,49.9900016784668,50.61000061035156,562100.0,36.77883529663086
2002-11-14,51.86000061035156,49.900001525878906,49.900001525878906,51.720001220703125,627100.0,37.58548355102539
2002-11-15,53.349998474121094,51.790000915527344,51.900001525878906,53.349998474121094,834700.0,38.770015716552734
2002-11-18,53.45000076293945,52.34000015258789,53.400001525878906,52.65999984741211,433500.0,38.268592834472656
2002-11-19,52.9900016784668,52.0,52.65999984741211,52.279998779296875,279700.0,37.99242401123047
2002-11-20,52.65999984741211,52.029998779296875,52.029998779296875,52.599998474121094,431100.0,38.224979400634766
2002-11-21,52.75,51.790000915527344,52.599998474121094,52.380001068115234,796600.0,38.06511688232422
2002-11-22,52.97999954223633,52.099998474121094,52.349998474121094,52.630001068115234,286000.0,38.24677658081055
2002-11-25,52.9900016784668,51.81999969482422,52.70000076293945,52.400001525878906,305600.0,38.07964324951172
2002-11-26,52.290000915527344,51.5,52.25,51.88999938964844,320900.0,37.70901870727539
2002-11-27,53.5,51.959999084472656,52.0,53.459999084472656,282100.0,38.84996032714844
2002-11-29,53.9900016784668,53.40999984741211,53.459999084472656,53.779998779296875,219000.0,39.08251190185547
2002-12-02,55.20000076293945,53.22999954223633,54.0,53.59000015258789,498200.0,38.944427490234375
2002-12-03,53.540000915527344,52.04999923706055,53.4900016784668,52.08000183105469,220600.0,37.84709167480469
2002-12-04,52.5,51.20000076293945,51.95000076293945,52.29999923706055,447100.0,38.0069580078125
2002-12-05,52.439998626708984,51.29999923706055,52.43000030517578,51.45000076293945,351900.0,37.38925552368164
2002-12-06,52.25,51.25,51.25,52.02000045776367,290600.0,37.803497314453125
2002-12-09,51.79999923706055,50.650001525878906,51.79999923706055,50.68000030517578,268100.0,36.829689025878906
2002-12-10,51.33000183105469,50.459999084472656,50.79999923706055,51.209999084472656,259200.0,37.21484375
2002-12-11,51.220001220703125,50.29999923706055,51.119998931884766,51.029998779296875,303500.0,37.08403015136719
2002-12-12,52.099998474121094,50.869998931884766,51.099998474121094,51.70000076293945,282200.0,37.57094192504883
2002-12-13,51.75,50.18000030517578,51.45000076293945,50.29999923706055,387000.0,36.55355453491211
2002-12-16,51.599998474121094,50.0,50.0,50.849998474121094,837800.0,36.95323181152344
2002-12-17,51.75,50.900001525878906,50.95000076293945,51.119998931884766,453300.0,37.14944839477539
2002-12-18,52.02000045776367,49.970001220703125,51.29999923706055,50.099998474121094,397500.0,36.408199310302734
2002-12-19,50.83000183105469,49.41999816894531,50.150001525878906,49.70000076293945,307500.0,36.117549896240234
2002-12-20,50.900001525878906,49.849998474121094,49.900001525878906,50.66999816894531,618900.0,36.82242965698242
2002-12-23,51.18000030517578,50.5099983215332,50.900001525878906,50.75,265600.0,36.88056564331055
2002-12-24,50.70000076293945,50.25,50.650001525878906,50.290000915527344,52900.0,36.546287536621094
2002-12-26,51.66999816894531,50.349998474121094,50.349998474121094,50.599998474121094,203400.0,36.771568298339844
2002-12-27,50.77000045776367,50.099998474121094,50.70000076293945,50.27000045776367,258900.0,36.53175354003906
2002-12-30,50.79999923706055,50.0,50.400001525878906,50.790000915527344,267800.0,36.909637451171875
2002-12-31,51.54999923706055,50.099998474121094,50.540000915527344,51.54999923706055,377300.0,37.46193313598633
2003-01-02,53.29999923706055,51.5,51.70000076293945,53.11000061035156,528000.0,38.5955924987793
2003-01-03,52.9900016784668,52.04999923706055,52.90999984741211,52.70000076293945,318200.0,38.297645568847656
2003-01-06,53.0,52.400001525878906,52.40999984741211,52.7400016784668,318600.0,38.326717376708984
2003-01-07,52.70000076293945,51.900001525878906,52.599998474121094,52.15999984741211,306900.0,37.90522766113281
2003-01-08,52.16999816894531,51.189998626708984,52.13999938964844,51.279998779296875,225600.0,37.26572036743164
2003-01-09,52.33000183105469,51.150001525878906,51.279998779296875,52.33000183105469,301800.0,38.02877426147461
2003-01-10,52.2599983215332,51.5,51.83000183105469,51.849998474121094,205300.0,37.67995834350586
2003-01-13,51.9900016784668,50.70000076293945,51.95000076293945,51.2400016784668,299000.0,37.236656188964844
2003-01-14,51.5,50.5,51.22999954223633,51.470001220703125,212900.0,37.40380859375
2003-01-15,51.5,50.0,51.470001220703125,50.29999923706055,312700.0,36.55355453491211
2003-01-16,51.06999969482422,50.22999954223633,50.400001525878906,50.279998779296875,219600.0,36.539024353027344
2003-01-17,50.400001525878906,48.93000030517578,50.2599983215332,49.369998931884766,199700.0,35.87771224975586
2003-01-21,49.88999938964844,48.40999984741211,49.45000076293945,48.40999984741211,184700.0,35.18006896972656
2003-01-22,49.0,47.52000045776367,48.65999984741211,47.54999923706055,216700.0,34.555091857910156
2003-01-23,48.70000076293945,47.61000061035156,48.0,48.47999954223633,289600.0,35.230926513671875
2003-01-24,48.540000915527344,47.13999938964844,48.5,47.2599983215332,265000.0,34.34434509277344
2003-01-27,47.209999084472656,46.40999984741211,47.04999923706055,46.529998779296875,353600.0,33.813846588134766
2003-01-28,46.779998779296875,46.040000915527344,46.72999954223633,46.650001525878906,249800.0,33.90105056762695
2003-01-29,47.849998474121094,45.599998474121094,46.650001525878906,47.849998474121094,636100.0,34.773094177246094
2003-01-30,47.86000061035156,46.0,47.86000061035156,46.68000030517578,687700.0,33.922855377197266
2003-01-31,47.40999984741211,46.47999954223633,46.5,47.29999923706055,437400.0,34.37339782714844
2003-02-03,47.849998474121094,47.099998474121094,47.099998474121094,47.400001525878906,258600.0,34.44609451293945
2003-02-04,46.810001373291016,46.18000030517578,46.70000076293945,46.54999923706055,409000.0,33.82840347290039
2003-02-05,47.25,46.349998474121094,46.54999923706055,46.630001068115234,511900.0,33.88651657104492
2003-02-06,46.560001373291016,45.63999938964844,46.20000076293945,46.0,427000.0,33.558250427246094
2003-02-07,46.369998931884766,44.88999938964844,46.220001220703125,44.900001525878906,224200.0,32.755760192871094
2003-02-10,44.63999938964844,43.7599983215332,44.400001525878906,44.29999923706055,710700.0,32.318031311035156
2003-02-11,45.869998931884766,44.599998474121094,44.599998474121094,45.52000045776367,742600.0,33.20804977416992
2003-02-12,45.66999816894531,44.54999923706055,45.47999954223633,44.66999816894531,310400.0,32.58794021606445
2003-02-13,44.900001525878906,44.0,44.599998474121094,44.70000076293945,383500.0,32.6098518371582
2003-02-14,46.18000030517578,44.70000076293945,44.70000076293945,46.16999816894531,598100.0,33.682254791259766
2003-02-18,47.33000183105469,46.52000045776367,46.52000045776367,47.119998931884766,365900.0,34.375301361083984
2003-02-19,47.119998931884766,46.33000183105469,47.119998931884766,46.65999984741211,231000.0,34.03971862792969
2003-02-20,46.970001220703125,46.189998626708984,46.75,46.529998779296875,378300.0,33.944881439208984
2003-02-21,46.970001220703125,45.720001220703125,46.599998474121094,46.689998626708984,430500.0,34.061614990234375
2003-02-24,46.70000076293945,45.470001220703125,46.70000076293945,45.650001525878906,250000.0,33.30289077758789
2003-02-25,45.959999084472656,44.61000061035156,45.65999984741211,45.90999984741211,435500.0,33.49258041381836
2003-02-26,45.95000076293945,45.02000045776367,45.68000030517578,45.15999984741211,290700.0,32.945430755615234
2003-02-27,45.84000015258789,44.939998626708984,45.29999923706055,45.79999923706055,472900.0,33.412330627441406
2003-02-28,46.5,45.560001373291016,45.79999923706055,46.029998779296875,291800.0,33.580116271972656
2003-03-03,46.5,45.68000030517578,46.43000030517578,45.77000045776367,396700.0,33.39044952392578
2003-03-04,45.849998474121094,44.61000061035156,45.79999923706055,44.77000045776367,280700.0,32.66091537475586
2003-03-05,44.91999816894531,44.310001373291016,44.77000045776367,44.599998474121094,441400.0,32.536895751953125
2003-03-06,44.41999816894531,43.619998931884766,44.150001525878906,44.04999923706055,519500.0,32.135650634765625
2003-03-07,44.66999816894531,43.279998779296875,43.70000076293945,44.34000015258789,392300.0,32.34720993041992
2003-03-10,44.33000183105469,43.43000030517578,44.2400016784668,43.43000030517578,336000.0,31.6833553314209
2003-03-11,43.45000076293945,42.31999969482422,43.43000030517578,42.38999938964844,610600.0,30.924633026123047
2003-03-12,42.38999938964844,41.400001525878906,42.38999938964844,41.93000030517578,568300.0,30.589069366455078
2003-03-13,43.349998474121094,41.7599983215332,41.93000030517578,43.29999923706055,992000.0,31.58851432800293
2003-03-14,43.400001525878906,42.790000915527344,43.400001525878906,43.119998931884766,296000.0,31.457195281982422
2003-03-17,44.689998626708984,42.439998626708984,43.11000061035156,44.650001525878906,563100.0,32.57337951660156
2003-03-18,45.29999923706055,44.2400016784668,44.75,45.2599983215332,513700.0,33.018367767333984
2003-03-19,45.310001373291016,44.880001068115234,45.150001525878906,45.16999816894531,568200.0,32.95273208618164
2003-03-20,45.439998626708984,44.029998779296875,44.95000076293945,45.34000015258789,530800.0,33.07674789428711
2003-03-21,46.93000030517578,45.34000015258789,45.47999954223633,46.93000030517578,323300.0,34.236698150634766
2003-03-24,46.29999923706055,44.54999923706055,46.29999923706055,45.189998626708984,498000.0,32.967323303222656
2003-03-25,45.369998931884766,44.5,44.75,45.119998931884766,419300.0,32.91624450683594
2003-03-26,44.70000076293945,44.0,44.70000076293945,44.06999969482422,529700.0,32.150245666503906
2003-03-27,44.54999923706055,43.20000076293945,44.0,44.04999923706055,311000.0,32.135650634765625
2003-03-28,44.04999923706055,43.150001525878906,44.04999923706055,43.470001220703125,266500.0,31.712528228759766
2003-03-31,43.2400016784668,42.29999923706055,42.869998931884766,42.900001525878906,450900.0,31.296695709228516
2003-04-01,43.189998626708984,42.540000915527344,43.150001525878906,43.119998931884766,409300.0,31.457195281982422
2003-04-02,45.20000076293945,43.599998474121094,43.599998474121094,45.0,475300.0,32.828712463378906
2003-04-03,45.41999816894531,44.66999816894531,45.25,45.02000045776367,468000.0,32.84329605102539
2003-04-04,45.45000076293945,44.630001068115234,45.029998779296875,44.90999984741211,386900.0,32.76304244995117
2003-04-07,46.720001220703125,45.560001373291016,45.70000076293945,45.630001068115234,570400.0,33.28830337524414
2003-04-08,46.0,45.11000061035156,45.849998474121094,45.220001220703125,541300.0,32.98920440673828
2003-04-09,45.70000076293945,44.650001525878906,45.54999923706055,44.70000076293945,398800.0,32.6098518371582
2003-04-10,45.16999816894531,44.27000045776367,44.70000076293945,44.95000076293945,442100.0,32.792240142822266
2003-04-11,45.900001525878906,44.650001525878906,45.29999923706055,44.849998474121094,233600.0,32.71926498413086
2003-04-14,45.7400016784668,44.79999923706055,44.88999938964844,45.7400016784668,303100.0,33.368553161621094
2003-04-15,45.72999954223633,44.880001068115234,45.72999954223633,44.95000076293945,555900.0,32.792240142822266
2003-04-16,45.720001220703125,45.11000061035156,45.29999923706055,45.439998626708984,938200.0,33.14969253540039
2003-04-17,45.689998626708984,44.75,45.689998626708984,44.900001525878906,1224500.0,32.755760192871094
2003-04-21,45.18000030517578,44.849998474121094,45.0,44.900001525878906,425700.0,32.755760192871094
2003-04-22,45.0099983215332,44.22999954223633,44.900001525878906,44.91999816894531,722700.0,32.77035140991211
2003-04-23,45.5,44.709999084472656,44.93000030517578,45.349998474121094,526700.0,33.08403015136719
2003-04-24,45.369998931884766,44.97999954223633,45.29999923706055,45.0,275800.0,32.828712463378906
2003-04-25,44.849998474121094,43.7599983215332,44.849998474121094,43.869998931884766,459700.0,32.00433349609375
2003-04-28,45.5,43.869998931884766,43.869998931884766,45.27000045776367,532500.0,33.02568435668945
2003-04-29,45.56999969482422,45.08000183105469,45.16999816894531,45.5,533300.0,33.19346618652344
2003-04-30,46.29999923706055,45.08000183105469,45.40999984741211,46.150001525878906,595000.0,33.667659759521484
2003-05-01,46.16999816894531,45.459999084472656,46.150001525878906,45.810001373291016,808900.0,33.419620513916016
2003-05-02,46.54999923706055,45.599998474121094,45.75,46.54999923706055,1067700.0,33.95949172973633
2003-05-05,47.08000183105469,46.36000061035156,46.95000076293945,46.54999923706055,531900.0,33.95949172973633
2003-05-06,47.0,46.43000030517578,46.5,46.689998626708984,507200.0,34.061614990234375
2003-05-07,46.970001220703125,46.279998779296875,46.54999923706055,46.400001525878906,774100.0,33.85003662109375
2003-05-08,46.02000045776367,45.27000045776367,46.0,45.33000183105469,525800.0,33.201839447021484
2003-05-09,46.22999954223633,45.29999923706055,45.29999923706055,46.099998474121094,292700.0,33.76582336425781
2003-05-12,46.86000061035156,45.619998931884766,46.20000076293945,46.63999938964844,268400.0,34.16132354736328
2003-05-13,46.9900016784668,46.31999969482422,46.7400016784668,46.810001373291016,379700.0,34.28584289550781
2003-05-14,46.97999954223633,46.0,46.95000076293945,46.150001525878906,273400.0,33.80244827270508
2003-05-15,46.7400016784668,46.20000076293945,46.20000076293945,46.56999969482422,597800.0,34.11007308959961
2003-05-16,46.75,46.060001373291016,46.5,46.5,446100.0,34.058807373046875
2003-05-19,46.439998626708984,45.16999816894531,46.400001525878906,45.25,430200.0,33.14323043823242
2003-05-20,45.439998626708984,44.400001525878906,45.25,44.95000076293945,365000.0,32.92350387573242
2003-05-21,44.91999816894531,44.25,44.91999816894531,44.33000183105469,592300.0,32.46938705444336
2003-05-22,45.040000915527344,44.279998779296875,44.33000183105469,44.709999084472656,394700.0,32.74770736694336
2003-05-23,45.060001373291016,44.439998626708984,44.900001525878906,44.79999923706055,308900.0,32.813636779785156
2003-05-27,46.189998626708984,44.63999938964844,44.7599983215332,46.15999984741211,376900.0,33.809757232666016
2003-05-28,46.650001525878906,46.119998931884766,46.650001525878906,46.38999938964844,421500.0,33.97822952270508
2003-05-29,46.68000030517578,45.560001373291016,46.31999969482422,45.650001525878906,403500.0,33.43620300292969
2003-05-30,46.790000915527344,45.7599983215332,45.7599983215332,46.70000076293945,498100.0,34.20528793334961
2003-06-02,48.459999084472656,46.79999923706055,46.86000061035156,47.95000076293945,506800.0,35.120826721191406
2003-06-03,48.209999084472656,47.75,47.900001525878906,47.75,477600.0,34.974361419677734
2003-06-04,48.91999816894531,47.83000183105469,47.849998474121094,48.689998626708984,336600.0,35.66284942626953
2003-06-05,49.70000076293945,48.400001525878906,48.4900016784668,49.630001068115234,595000.0,36.351356506347656
2003-06-06,50.79999923706055,49.349998474121094,50.0,49.400001525878906,654000.0,36.18288040161133
2003-06-09,49.349998474121094,48.349998474121094,49.29999923706055,48.90999984741211,838400.0,35.82398986816406
2003-06-10,49.36000061035156,47.869998931884766,48.90999984741211,48.13999938964844,608000.0,35.25999450683594
2003-06-11,49.130001068115234,47.849998474121094,48.47999954223633,48.59000015258789,401600.0,35.5896110534668
2003-06-12,49.400001525878906,48.619998931884766,48.70000076293945,48.68000030517578,553700.0,35.65552520751953
2003-06-13,48.68000030517578,47.119998931884766,48.68000030517578,47.209999084472656,596300.0,34.578826904296875
2003-06-16,48.290000915527344,47.13999938964844,47.220001220703125,47.900001525878906,530900.0,35.08422088623047
2003-06-17,48.099998474121094,47.220001220703125,48.099998474121094,47.779998779296875,411200.0,34.9963264465332
2003-06-18,47.720001220703125,47.029998779296875,47.68000030517578,47.599998474121094,570000.0,34.86449432373047
2003-06-19,48.060001373291016,46.25,47.400001525878906,46.560001373291016,928700.0,34.102745056152344
2003-06-20,47.06999969482422,46.529998779296875,46.709999084472656,46.779998779296875,547000.0,34.26387405395508
2003-06-23,46.75,45.77000045776367,46.72999954223633,46.02000045776367,455700.0,33.707218170166016
2003-06-24,46.599998474121094,45.88999938964844,46.02000045776367,45.900001525878906,302800.0,33.619319915771484
2003-06-25,45.470001220703125,44.5,44.7599983215332,45.150001525878906,1183500.0,33.069984436035156
2003-06-26,47.56999969482422,46.099998474121094,46.5,47.220001220703125,1167700.0,34.586151123046875
2003-06-27,47.099998474121094,46.529998779296875,47.099998474121094,46.93000030517578,776900.0,34.37374496459961
2003-06-30,47.099998474121094,46.31999969482422,46.93000030517578,46.7599983215332,388600.0,34.249229431152344
2003-07-01,46.900001525878906,45.86000061035156,46.84000015258789,46.810001373291016,532700.0,34.28584289550781
2003-07-02,47.2400016784668,46.5,46.709999084472656,47.099998474121094,401000.0,34.498252868652344
2003-07-03,47.09000015258789,46.59000015258789,47.0,46.70000076293945,229300.0,34.20528793334961
2003-07-07,47.15999984741211,46.70000076293945,46.95000076293945,47.040000915527344,401600.0,34.45429611206055
2003-07-08,47.470001220703125,46.90999984741211,46.970001220703125,47.459999084472656,410600.0,34.761940002441406
2003-07-09,48.0,47.47999954223633,47.61000061035156,47.810001373291016,680700.0,35.01828384399414
2003-07-10,47.75,47.150001525878906,47.650001525878906,47.54999923706055,400400.0,34.827857971191406
2003-07-11,48.08000183105469,47.540000915527344,47.54999923706055,47.810001373291016,240900.0,35.01828384399414
2003-07-14,48.720001220703125,48.060001373291016,48.060001373291016,48.20000076293945,395200.0,35.30397033691406
2003-07-15,48.529998779296875,47.9900016784668,48.20000076293945,48.119998931884766,370900.0,35.24535369873047
2003-07-16,48.33000183105469,47.58000183105469,48.16999816894531,47.79999923706055,288400.0,35.010955810546875
2003-07-17,47.869998931884766,46.79999923706055,46.849998474121094,47.41999816894531,436800.0,34.73263931274414
2003-07-18,48.310001373291016,47.70000076293945,47.79999923706055,48.04999923706055,395900.0,35.194068908691406
2003-07-21,48.150001525878906,47.25,48.150001525878906,47.38999938964844,346800.0,34.71066665649414
2003-07-22,48.0099983215332,47.06999969482422,47.29999923706055,47.970001220703125,330000.0,35.13549041748047
2003-07-23,48.20000076293945,47.029998779296875,48.0,47.79999923706055,229300.0,35.010955810546875
2003-07-24,48.47999954223633,47.72999954223633,48.0,47.7599983215332,430600.0,34.98167037963867
2003-07-25,48.81999969482422,47.54999923706055,48.209999084472656,48.77000045776367,309400.0,35.72145080566406
2003-07-28,49.290000915527344,48.5,48.70000076293945,49.09000015258789,466000.0,35.955841064453125
2003-07-29,49.5,48.79999923706055,49.5,49.099998474121094,336000.0,35.96314239501953
2003-07-30,49.25,48.27000045776367,49.119998931884766,48.54999923706055,418300.0,35.56029510498047
2003-07-31,49.77000045776367,48.599998474121094,48.75,49.20000076293945,421800.0,36.036407470703125
2003-08-01,49.150001525878906,48.29999923706055,49.150001525878906,48.560001373291016,434400.0,35.5676383972168
2003-08-04,48.70000076293945,47.5,48.560001373291016,48.52000045776367,274600.0,35.538333892822266
2003-08-05,48.41999816894531,47.75,48.41999816894531,47.86000061035156,328800.0,35.054927825927734
2003-08-06,47.97999954223633,47.13999938964844,47.709999084472656,47.400001525878906,323600.0,34.71799850463867
2003-08-07,47.75,47.22999954223633,47.459999084472656,47.7400016784668,375500.0,35.104034423828125
2003-08-08,48.09000015258789,47.56999969482422,47.70000076293945,48.060001373291016,217800.0,35.339332580566406
2003-08-11,48.31999969482422,47.59000015258789,47.95000076293945,48.18000030517578,263300.0,35.42757034301758
2003-08-12,48.5099983215332,47.790000915527344,48.150001525878906,48.5099983215332,149700.0,35.670230865478516
2003-08-13,49.099998474121094,48.45000076293945,48.45000076293945,48.93000030517578,335100.0,35.979068756103516
2003-08-14,49.599998474121094,48.779998779296875,49.0,49.529998779296875,260000.0,36.42024612426758
2003-08-15,49.52000045776367,48.81999969482422,49.52000045776367,49.29999923706055,156200.0,36.251129150390625
2003-08-18,49.90999984741211,49.099998474121094,49.150001525878906,49.880001068115234,246100.0,36.6776123046875
2003-08-19,50.310001373291016,49.650001525878906,49.97999954223633,50.29999923706055,303200.0,36.986446380615234
2003-08-20,50.150001525878906,49.619998931884766,50.150001525878906,49.779998779296875,279500.0,36.60408401489258
2003-08-21,49.81999969482422,49.04999923706055,49.779998779296875,49.33000183105469,792500.0,36.273193359375
2003-08-22,49.56999969482422,48.5,49.5,48.58000183105469,349700.0,35.72170639038086
2003-08-25,49.0,48.470001220703125,48.58000183105469,48.9900016784668,451900.0,36.0231819152832
2003-08-26,49.2400016784668,48.290000915527344,48.900001525878906,49.09000015258789,283700.0,36.09672164916992
2003-08-27,49.54999923706055,48.900001525878906,49.0,49.470001220703125,310300.0,36.376136779785156
2003-08-28,49.54999923706055,48.720001220703125,49.52000045776367,49.439998626708984,276000.0,36.35407257080078
2003-08-29,49.86000061035156,49.25,49.439998626708984,49.83000183105469,190300.0,36.64083480834961
2003-09-02,52.33000183105469,50.75,50.75,52.25,1145900.0,38.42030334472656
2003-09-03,52.290000915527344,51.79999923706055,52.20000076293945,51.95000076293945,614400.0,38.19972229003906
2003-09-04,52.099998474121094,51.63999938964844,51.95000076293945,51.849998474121094,428900.0,38.12621307373047
2003-09-05,51.709999084472656,51.27000045776367,51.650001525878906,51.5,587300.0,37.86882019042969
2003-09-08,52.099998474121094,51.25,51.380001068115234,51.31999969482422,367400.0,37.736473083496094
2003-09-09,51.75,51.08000183105469,51.20000076293945,51.470001220703125,363400.0,37.846778869628906
2003-09-10,51.41999816894531,50.31999969482422,51.31999969482422,50.560001373291016,720700.0,37.17762756347656
2003-09-11,50.849998474121094,50.369998931884766,50.810001373291016,50.65999984741211,291000.0,37.25117111206055
2003-09-12,51.400001525878906,50.33000183105469,50.79999923706055,50.709999084472656,879100.0,37.28792190551758
2003-09-15,50.45000076293945,49.70000076293945,50.400001525878906,50.0,631400.0,36.76585006713867
2003-09-16,50.68000030517578,50.0,50.0,50.5,414600.0,37.13352584838867
2003-09-17,50.720001220703125,50.15999984741211,50.70000076293945,50.27000045776367,589300.0,36.964393615722656
2003-09-18,50.72999954223633,50.0099983215332,50.22999954223633,50.70000076293945,216600.0,37.280582427978516
2003-09-19,50.7599983215332,50.36000061035156,50.5,50.5,287000.0,37.13352584838867
2003-09-22,50.29999923706055,49.7599983215332,50.29999923706055,50.150001525878906,386200.0,36.876155853271484
2003-09-23,50.4900016784668,50.0099983215332,50.400001525878906,50.16999816894531,191600.0,36.8908576965332
2003-09-24,50.20000076293945,49.209999084472656,50.099998474121094,49.31999969482422,513600.0,36.265838623046875
2003-09-25,49.68000030517578,49.0099983215332,49.150001525878906,49.369998931884766,774900.0,36.30259704589844
2003-09-26,49.38999938964844,49.029998779296875,49.29999923706055,49.040000915527344,631500.0,36.05995559692383
2003-09-29,49.18000030517578,48.20000076293945,49.040000915527344,48.2400016784668,803000.0,35.471702575683594
2003-09-30,48.34000015258789,47.400001525878906,48.2400016784668,47.54999923706055,1161300.0,34.964317321777344
2003-10-01,48.54999923706055,47.54999923706055,47.58000183105469,48.54999923706055,584000.0,35.69963836669922
2003-10-02,49.349998474121094,48.689998626708984,48.70000076293945,49.0,428100.0,36.03055191040039
2003-10-03,50.06999969482422,49.20000076293945,49.70000076293945,49.209999084472656,472100.0,36.18496322631836
2003-10-06,49.400001525878906,48.70000076293945,49.209999084472656,49.099998474121094,327400.0,36.10405731201172
2003-10-07,49.75,48.91999816894531,49.060001373291016,49.650001525878906,376200.0,36.508480072021484
2003-10-08,49.79999923706055,49.25,49.75,49.400001525878906,317100.0,36.32465744018555
2003-10-09,50.310001373291016,49.150001525878906,49.70000076293945,49.41999816894531,499100.0,36.33937072753906
2003-10-10,49.68000030517578,48.779998779296875,49.66999816894531,48.84000015258789,469700.0,35.912879943847656
2003-10-13,49.400001525878906,48.91999816894531,48.91999816894531,49.20000076293945,267800.0,36.1776008605957
2003-10-14,49.349998474121094,48.70000076293945,49.31999969482422,48.900001525878906,716700.0,35.95700454711914
2003-10-15,50.83000183105469,48.97999954223633,49.0,50.72999954223633,827100.0,37.302608489990234
2003-10-16,50.72999954223633,46.4900016784668,50.72999954223633,47.0099983215332,2636300.0,34.5672492980957
2003-10-17,47.290000915527344,45.70000076293945,47.25,46.400001525878906,773700.0,34.11871337890625
2003-10-20,46.47999954223633,45.2599983215332,46.400001525878906,45.75,903400.0,33.64075469970703
2003-10-21,45.7599983215332,44.849998474121094,45.7599983215332,44.900001525878906,864200.0,33.01573181152344
2003-10-22,44.810001373291016,44.0,44.79999923706055,44.290000915527344,678500.0,32.567203521728516
2003-10-23,44.75,43.9900016784668,44.20000076293945,44.7400016784668,583000.0,32.8980712890625
2003-10-24,44.56999969482422,43.70000076293945,44.5,44.16999816894531,574100.0,32.47895050048828
2003-10-27,45.25,44.099998474121094,44.290000915527344,45.02000045776367,796500.0,33.10398483276367
2003-10-28,45.369998931884766,44.75,45.27000045776367,45.349998474121094,667800.0,33.34661865234375
2003-10-29,45.79999923706055,45.290000915527344,45.34000015258789,45.63999938964844,415800.0,33.55987548828125
2003-10-30,46.040000915527344,45.63999938964844,45.79999923706055,45.84000015258789,548200.0,33.706932067871094
2003-10-31,45.97999954223633,45.70000076293945,45.7400016784668,45.779998779296875,322600.0,33.662818908691406
2003-11-03,46.099998474121094,45.86000061035156,46.0,46.02000045776367,479500.0,33.83928298950195
2003-11-04,46.27000045776367,45.79999923706055,46.0,46.15999984741211,662600.0,33.942237854003906
2003-11-05,46.34000015258789,46.0099983215332,46.29999923706055,46.15999984741211,506400.0,33.942237854003906
2003-11-06,46.2400016784668,45.849998474121094,45.91999816894531,46.11000061035156,480000.0,34.041900634765625
2003-11-07,46.27000045776367,45.91999816894531,46.11000061035156,45.91999816894531,859900.0,33.90161895751953
2003-11-10,46.029998779296875,45.54999923706055,45.93000030517578,45.599998474121094,646400.0,33.665374755859375
2003-11-11,46.0099983215332,45.599998474121094,45.599998474121094,46.0099983215332,737800.0,33.96808624267578
2003-11-12,46.36000061035156,45.97999954223633,46.130001068115234,46.25,386500.0,34.14525604248047
2003-11-13,46.380001068115234,46.0,46.25,46.0,383200.0,33.96070098876953
2003-11-14,46.0,45.189998626708984,45.95000076293945,45.20000076293945,595300.0,33.37007522583008
2003-11-17,45.29999923706055,44.689998626708984,45.20000076293945,45.220001220703125,361900.0,33.384830474853516
2003-11-18,45.45000076293945,45.0,45.20000076293945,45.02000045776367,250600.0,33.2371940612793
2003-11-19,45.33000183105469,44.900001525878906,45.04999923706055,45.310001373291016,246300.0,33.45127487182617
2003-11-20,45.540000915527344,45.060001373291016,45.25,45.220001220703125,382600.0,33.384830474853516
2003-11-21,45.52000045776367,45.130001068115234,45.45000076293945,45.400001525878906,304000.0,33.51772689819336
2003-11-24,46.4900016784668,45.38999938964844,45.52000045776367,46.4900016784668,534100.0,34.322452545166016
2003-11-25,47.040000915527344,46.38999938964844,46.4900016784668,47.02000045776367,856900.0,34.713741302490234
2003-11-26,47.25,46.47999954223633,47.25,46.599998474121094,354800.0,34.40366744995117
2003-11-28,46.689998626708984,46.20000076293945,46.61000061035156,46.2599983215332,102000.0,34.15264892578125
2003-12-01,46.75,46.16999816894531,46.5,46.650001525878906,501000.0,34.44056701660156
2003-12-02,46.470001220703125,45.90999984741211,46.400001525878906,45.9900016784668,354200.0,33.95330810546875
2003-12-03,46.2400016784668,45.63999938964844,45.97999954223633,46.099998474121094,772300.0,34.0345344543457
2003-12-04,47.099998474121094,46.2599983215332,46.29999923706055,46.880001068115234,548800.0,34.61036682128906
2003-12-05,47.119998931884766,46.470001220703125,46.880001068115234,46.5,917900.0,34.3298454284668
2003-12-08,46.97999954223633,46.5099983215332,46.599998474121094,46.90999984741211,462500.0,34.63251495361328
2003-12-09,47.59000015258789,47.150001525878906,47.150001525878906,47.439998626708984,463600.0,35.023799896240234
2003-12-10,48.95000076293945,47.970001220703125,48.0,48.95000076293945,1143000.0,36.138607025146484
2003-12-11,49.349998474121094,48.72999954223633,48.849998474121094,49.220001220703125,740700.0,36.33793640136719
2003-12-12,49.369998931884766,48.75,49.25,49.29999923706055,501500.0,36.39699935913086
2003-12-15,49.91999816894531,48.599998474121094,49.650001525878906,48.599998474121094,658900.0,35.88020706176758
2003-12-16,46.5,44.2400016784668,46.4900016784668,44.79999923706055,3729000.0,33.074771881103516
2003-12-17,44.810001373291016,44.41999816894531,44.650001525878906,44.59000015258789,972100.0,32.91971969604492
2003-12-18,46.349998474121094,44.7599983215332,44.79999923706055,46.09000015258789,1424400.0,34.027137756347656
2003-12-19,46.68000030517578,46.349998474121094,46.5,46.5099983215332,1134700.0,34.33720397949219
2003-12-22,47.150001525878906,46.52000045776367,46.52000045776367,47.099998474121094,380600.0,34.772796630859375
2003-12-23,47.400001525878906,46.380001068115234,47.099998474121094,46.599998474121094,523500.0,34.40366744995117
2003-12-24,47.0,46.189998626708984,46.599998474121094,46.2599983215332,194900.0,34.15264892578125
2003-12-26,46.77000045776367,46.38999938964844,46.400001525878906,46.4900016784668,58300.0,34.322452545166016
2003-12-29,47.0,46.400001525878906,46.849998474121094,46.959999084472656,483400.0,34.66941833496094
2003-12-30,47.20000076293945,46.65999984741211,46.959999084472656,46.88999938964844,406300.0,34.617740631103516
2003-12-31,47.59000015258789,46.650001525878906,47.0,47.38999938964844,355400.0,34.98689270019531
2004-01-02,47.970001220703125,47.279998779296875,47.369998931884766,47.36000061035156,445700.0,34.964744567871094
2004-01-05,47.72999954223633,47.13999938964844,47.5,47.43000030517578,443300.0,35.016441345214844
2004-01-06,47.5099983215332,47.02000045776367,47.400001525878906,47.36000061035156,358400.0,34.964744567871094
2004-01-07,47.43000030517578,46.810001373291016,47.36000061035156,46.970001220703125,610600.0,34.67681884765625
2004-01-08,47.400001525878906,46.59000015258789,47.06999969482422,46.900001525878906,946800.0,34.62514877319336
2004-01-09,46.959999084472656,46.5099983215332,46.849998474121094,46.86000061035156,901600.0,34.59560775756836
2004-01-12,46.95000076293945,45.459999084472656,46.77000045776367,46.029998779296875,1402000.0,33.98284149169922
2004-01-13,46.2400016784668,45.25,46.040000915527344,45.900001525878906,667200.0,33.8868522644043
2004-01-14,46.09000015258789,45.66999816894531,45.849998474121094,45.709999084472656,461100.0,33.7465934753418
2004-01-15,45.849998474121094,45.0,45.709999084472656,45.349998474121094,753100.0,33.480804443359375
2004-01-16,46.93000030517578,45.54999923706055,45.66999816894531,46.68000030517578,859100.0,34.462730407714844
2004-01-20,46.79999923706055,46.0099983215332,46.79999923706055,46.04999923706055,454400.0,33.997615814208984
2004-01-21,46.400001525878906,45.619998931884766,46.130001068115234,46.25,319000.0,34.14525604248047
2004-01-22,46.5,45.709999084472656,46.5,46.060001373291016,432400.0,34.0049934387207
2004-01-23,46.040000915527344,45.099998474121094,46.0,45.439998626708984,337100.0,33.547264099121094
2004-01-26,45.7400016784668,45.0,45.20000076293945,45.720001220703125,415600.0,33.75398254394531
2004-01-27,45.959999084472656,45.619998931884766,45.77000045776367,45.70000076293945,308700.0,33.739219665527344
2004-01-28,46.0099983215332,45.5,45.709999084472656,45.599998474121094,681900.0,33.665374755859375
2004-01-29,47.599998474121094,46.20000076293945,46.599998474121094,47.5,1131900.0,35.06810760498047
2004-01-30,48.720001220703125,45.79999923706055,46.0,48.13999938964844,1721800.0,35.54059600830078
2004-02-02,47.959999084472656,47.06999969482422,47.95000076293945,47.29999923706055,687300.0,34.920440673828125
2004-02-03,47.88999938964844,46.72999954223633,47.189998626708984,47.290000915527344,487500.0,34.91306686401367
2004-02-04,47.7400016784668,46.66999816894531,46.91999816894531,47.099998474121094,398500.0,34.772796630859375
2004-02-05,48.220001220703125,46.650001525878906,46.900001525878906,48.04999923706055,665200.0,35.614036560058594
2004-02-06,49.02000045776367,47.95000076293945,48.099998474121094,48.650001525878906,639900.0,36.05875778198242
2004-02-09,48.58000183105469,47.5,48.5,47.77000045776367,486400.0,35.4065055847168
2004-02-10,48.119998931884766,47.5,47.70000076293945,48.119998931884766,332400.0,35.66592025756836
2004-02-11,48.630001068115234,47.90999984741211,48.119998931884766,48.25,569100.0,35.762298583984375
2004-02-12,48.529998779296875,47.91999816894531,48.25,48.31999969482422,544200.0,35.81415939331055
2004-02-13,48.65999984741211,48.220001220703125,48.33000183105469,48.369998931884766,343500.0,35.85122299194336
2004-02-17,48.900001525878906,48.11000061035156,48.4900016784668,48.27000045776367,373100.0,35.77711486816406
2004-02-18,48.93000030517578,48.099998474121094,48.400001525878906,48.5099983215332,261200.0,35.954986572265625
2004-02-19,48.900001525878906,48.25,48.61000061035156,48.310001373291016,322100.0,35.80674362182617
2004-02-20,48.310001373291016,47.56999969482422,48.310001373291016,47.959999084472656,444300.0,35.54732894897461
2004-02-23,48.029998779296875,47.5,47.880001068115234,47.79999923706055,339300.0,35.428733825683594
2004-02-24,47.68000030517578,47.22999954223633,47.599998474121094,47.5099983215332,294800.0,35.213802337646484
2004-02-25,47.72999954223633,47.2599983215332,47.400001525878906,47.38999938964844,328100.0,35.124855041503906
2004-02-26,47.599998474121094,47.150001525878906,47.439998626708984,47.45000076293945,300400.0,35.16934585571289
2004-02-27,47.54999923706055,46.9900016784668,47.45000076293945,47.25,436500.0,35.021095275878906
2004-03-01,47.439998626708984,47.04999923706055,47.29999923706055,47.290000915527344,491900.0,35.050743103027344
2004-03-02,47.40999984741211,46.7599983215332,47.290000915527344,46.83000183105469,472700.0,34.709781646728516
2004-03-03,47.029998779296875,46.56999969482422,46.83000183105469,47.0099983215332,489600.0,34.843204498291016
2004-03-04,47.52000045776367,46.90999984741211,47.04999923706055,47.41999816894531,246000.0,35.147090911865234
2004-03-05,48.20000076293945,46.97999954223633,47.0,47.5,315300.0,35.206398010253906
2004-03-08,47.529998779296875,47.150001525878906,47.400001525878906,47.2400016784668,385700.0,35.01368713378906
2004-03-09,47.2599983215332,46.25,47.0,46.400001525878906,555300.0,34.39108657836914
2004-03-10,46.45000076293945,45.47999954223633,46.29999923706055,45.59000015258789,388000.0,33.79072952270508
2004-03-11,46.70000076293945,45.529998779296875,45.650001525878906,45.540000915527344,483900.0,33.753662109375
2004-03-12,47.0,45.41999816894531,45.41999816894531,46.66999816894531,490000.0,34.59120559692383
2004-03-15,46.630001068115234,45.7400016784668,46.630001068115234,45.7400016784668,400100.0,33.90190887451172
2004-03-16,46.599998474121094,45.79999923706055,45.83000183105469,46.33000183105469,376800.0,34.33921432495117
2004-03-17,47.099998474121094,46.33000183105469,46.33000183105469,47.09000015258789,344500.0,34.90251159667969
2004-03-18,47.0,46.15999984741211,47.0,46.7599983215332,367500.0,34.65791702270508
2004-03-19,46.869998931884766,46.310001373291016,46.59000015258789,46.54999923706055,210100.0,34.502281188964844
2004-03-22,46.5,45.58000183105469,46.5,45.7599983215332,301100.0,33.91673278808594
2004-03-23,46.08000183105469,45.52000045776367,46.0,45.630001068115234,332000.0,33.82038116455078
2004-03-24,45.599998474121094,45.060001373291016,45.599998474121094,45.16999816894531,425100.0,33.479434967041016
2004-03-25,46.68000030517578,45.34000015258789,45.5099983215332,46.650001525878906,357200.0,34.57638168334961
2004-03-26,46.86000061035156,46.25,46.72999954223633,46.459999084472656,257300.0,34.43556594848633
2004-03-29,47.810001373291016,46.599998474121094,46.599998474121094,47.709999084472656,608100.0,35.362037658691406
2004-03-30,48.220001220703125,47.310001373291016,47.459999084472656,48.16999816894531,286100.0,35.70298767089844
2004-03-31,48.20000076293945,47.56999969482422,48.20000076293945,48.0,321000.0,35.57699203491211
2004-04-01,48.29999923706055,47.54999923706055,47.70000076293945,47.810001373291016,313600.0,35.43614959716797
2004-04-02,48.63999938964844,48.13999938964844,48.349998474121094,48.56999969482422,374200.0,35.99945831298828
2004-04-05,49.0,47.88999938964844,48.66999816894531,48.91999816894531,442800.0,36.25886917114258
2004-04-06,49.2400016784668,48.83000183105469,48.970001220703125,49.189998626708984,312100.0,36.458988189697266
2004-04-07,50.4900016784668,49.54999923706055,49.95000076293945,50.0099983215332,649200.0,37.06675720214844
2004-04-08,51.189998626708984,50.060001373291016,50.25,50.15999984741211,607800.0,37.177940368652344
2004-04-12,50.75,50.220001220703125,50.220001220703125,50.63999938964844,250300.0,37.533714294433594
2004-04-13,50.70000076293945,49.63999938964844,50.599998474121094,49.79999923706055,524200.0,36.91111373901367
2004-04-14,50.63999938964844,49.2599983215332,49.29999923706055,50.18000030517578,359800.0,37.19276428222656
2004-04-15,50.65999984741211,49.529998779296875,50.099998474121094,50.619998931884766,542600.0,37.518890380859375
2004-04-16,55.099998474121094,51.0,51.65999984741211,54.220001220703125,2267100.0,40.187171936035156
2004-04-19,53.970001220703125,52.790000915527344,53.599998474121094,53.81999969482422,615100.0,39.890682220458984
2004-04-20,56.439998626708984,53.900001525878906,53.95000076293945,55.0,1169400.0,40.76530075073242
2004-04-21,55.54999923706055,54.68000030517578,54.79999923706055,55.47999954223633,921600.0,41.121063232421875
2004-04-22,56.189998626708984,55.22999954223633,55.45000076293945,56.09000015258789,701500.0,41.57319641113281
2004-04-23,56.099998474121094,54.599998474121094,56.099998474121094,54.77000045776367,633400.0,40.59483337402344
2004-04-26,54.70000076293945,53.599998474121094,54.29999923706055,53.81999969482422,620500.0,39.890682220458984
2004-04-27,54.279998779296875,53.56999969482422,53.81999969482422,54.13999938964844,1863300.0,40.12788391113281
2004-04-28,54.13999938964844,52.7599983215332,54.13999938964844,53.099998474121094,566100.0,39.35702133178711
2004-04-29,53.52000045776367,52.849998474121094,52.849998474121094,53.2599983215332,439400.0,39.475624084472656
2004-04-30,53.40999984741211,52.189998626708984,53.2599983215332,52.400001525878906,456600.0,38.83820343017578
2004-05-03,52.689998626708984,51.900001525878906,52.349998474121094,52.400001525878906,547500.0,38.83820343017578
2004-05-04,53.54999923706055,52.560001373291016,52.650001525878906,53.130001068115234,471600.0,39.379276275634766
2004-05-05,53.31999969482422,52.75,52.9900016784668,53.27000045776367,377700.0,39.4830436706543
2004-05-06,52.88999938964844,51.900001525878906,52.88999938964844,52.25,340800.0,38.87297058105469
2004-05-07,52.849998474121094,51.66999816894531,52.400001525878906,51.70000076293945,439700.0,38.46379852294922
2004-05-10,51.29999923706055,49.7400016784668,51.099998474121094,50.25,597900.0,37.38502502441406
2004-05-11,51.7599983215332,50.400001525878906,50.400001525878906,51.4900016784668,443900.0,38.30754852294922
2004-05-12,51.5,50.11000061035156,51.5,51.22999954223633,388000.0,38.11411666870117
2004-05-13,52.060001373291016,50.70000076293945,51.119998931884766,51.959999084472656,519200.0,38.65724182128906
2004-05-14,52.79999923706055,51.5,51.95000076293945,52.65999984741211,588300.0,39.178001403808594
2004-05-17,52.40999984741211,51.0,52.40999984741211,51.099998474121094,394800.0,38.017398834228516
2004-05-18,52.130001068115234,51.040000915527344,51.040000915527344,51.689998626708984,389800.0,38.45635223388672
2004-05-19,52.779998779296875,51.79999923706055,51.939998626708984,51.970001220703125,597800.0,38.6646728515625
2004-05-20,52.04999923706055,51.369998931884766,51.900001525878906,51.79999923706055,178200.0,38.53818893432617
2004-05-21,52.79999923706055,52.06999969482422,52.15999984741211,52.36000061035156,248000.0,38.954811096191406
2004-05-24,53.130001068115234,52.2599983215332,52.5,52.560001373291016,193900.0,39.103607177734375
2004-05-25,53.220001220703125,52.040000915527344,52.36000061035156,53.13999938964844,426400.0,39.535118103027344
2004-05-26,53.54999923706055,52.900001525878906,53.22999954223633,53.43000030517578,207200.0,39.750858306884766
2004-05-27,54.54999923706055,53.61000061035156,53.61000061035156,54.0,388300.0,40.174930572509766
2004-05-28,54.59000015258789,53.79999923706055,53.79999923706055,54.45000076293945,241800.0,40.509735107421875
2004-06-01,55.130001068115234,54.45000076293945,54.45000076293945,54.83000183105469,428400.0,40.79244613647461
2004-06-02,55.150001525878906,54.630001068115234,54.689998626708984,54.97999954223633,464000.0,40.9040412902832
2004-06-03,55.16999816894531,53.83000183105469,55.099998474121094,53.84000015258789,349600.0,40.05588912963867
2004-06-04,54.060001373291016,53.5099983215332,53.939998626708984,53.59000015258789,452000.0,39.86989974975586
2004-06-07,54.47999954223633,53.83000183105469,53.84000015258789,54.47999954223633,446700.0,40.532047271728516
2004-06-08,55.72999954223633,54.61000061035156,54.61000061035156,55.650001525878906,498300.0,41.40251159667969
2004-06-09,55.9900016784668,54.83000183105469,55.7599983215332,54.88999938964844,329900.0,40.83708572387695
2004-06-10,55.9900016784668,54.880001068115234,54.90999984741211,55.97999954223633,335100.0,41.64803695678711
2004-06-14,55.689998626708984,54.52000045776367,55.58000183105469,54.720001220703125,371700.0,40.71060562133789
2004-06-15,55.970001220703125,54.93000030517578,54.93000030517578,55.90999984741211,248000.0,41.59595489501953
2004-06-16,55.709999084472656,55.27000045776367,55.709999084472656,55.45000076293945,229900.0,41.25371551513672
2004-06-17,55.38999938964844,55.0099983215332,55.16999816894531,55.150001525878906,240200.0,41.03052520751953
2004-06-18,55.93000030517578,55.20000076293945,55.20000076293945,55.400001525878906,325600.0,41.21651840209961
2004-06-21,55.90999984741211,55.25,55.59000015258789,55.470001220703125,274700.0,41.26859664916992
2004-06-22,55.9900016784668,55.150001525878906,55.29999923706055,55.95000076293945,463500.0,41.62569808959961
2004-06-23,56.52000045776367,55.689998626708984,55.77000045776367,56.38999938964844,286400.0,41.95306396484375
2004-06-24,56.400001525878906,55.709999084472656,56.0,55.709999084472656,238600.0,41.447147369384766
2004-06-25,56.33000183105469,55.630001068115234,55.79999923706055,56.20000076293945,330500.0,41.81170654296875
2004-06-28,56.599998474121094,55.869998931884766,56.400001525878906,56.02000045776367,291600.0,41.67777633666992
2004-06-29,57.2599983215332,55.849998474121094,55.959999084472656,57.08000183105469,420500.0,42.46641540527344
2004-06-30,57.65999984741211,56.959999084472656,57.279998779296875,57.5,337800.0,42.778873443603516
2004-07-01,57.68000030517578,56.029998779296875,57.68000030517578,56.470001220703125,250800.0,42.01258087158203
2004-07-02,56.599998474121094,55.529998779296875,56.599998474121094,55.880001068115234,221300.0,41.573631286621094
2004-07-06,55.95000076293945,55.36000061035156,55.88999938964844,55.650001525878906,344300.0,41.40251159667969
2004-07-07,56.220001220703125,55.54999923706055,55.650001525878906,55.869998931884766,537700.0,41.56618881225586
2004-07-08,55.65999984741211,54.5,55.619998931884766,54.59000015258789,464400.0,40.6139030456543
2004-07-09,55.83000183105469,54.380001068115234,54.400001525878906,55.66999816894531,508600.0,41.417396545410156
2004-07-12,56.22999954223633,55.36000061035156,55.880001068115234,55.93000030517578,365900.0,41.6108283996582
2004-07-13,56.31999969482422,56.029998779296875,56.150001525878906,56.13999938964844,313600.0,41.76707458496094
2004-07-14,56.15999984741211,55.400001525878906,55.95000076293945,55.65999984741211,630600.0,41.40996170043945
2004-07-15,56.91999816894531,55.72999954223633,55.79999923706055,56.0,526400.0,41.662899017333984
2004-07-16,58.900001525878906,57.0,58.0,57.220001220703125,921500.0,42.57057189941406
2004-07-19,56.58000183105469,55.540000915527344,56.220001220703125,55.88999938964844,617300.0,41.58106231689453
2004-07-20,56.25,55.369998931884766,56.20000076293945,55.5,643000.0,41.29090881347656
2004-07-21,56.0,54.11000061035156,55.75,54.150001525878906,642400.0,40.28652572631836
2004-07-22,54.29999923706055,53.029998779296875,54.15999984741211,53.810001373291016,813800.0,40.03358459472656
2004-07-23,53.9900016784668,52.970001220703125,53.560001373291016,53.33000183105469,625700.0,39.676483154296875
2004-07-26,53.81999969482422,52.959999084472656,53.470001220703125,53.16999816894531,424500.0,39.557430267333984
2004-07-27,53.29999923706055,52.7400016784668,53.029998779296875,53.20000076293945,594100.0,39.57976531982422
2004-07-28,53.25,52.20000076293945,53.150001525878906,52.619998931884766,494900.0,39.14824676513672
2004-07-29,53.099998474121094,52.7599983215332,53.0,53.0,470200.0,39.43095397949219
2004-07-30,53.20000076293945,52.869998931884766,53.0,52.95000076293945,497300.0,39.393775939941406
2004-08-02,53.02000045776367,52.290000915527344,52.959999084472656,52.65999984741211,360400.0,39.178001403808594
2004-08-03,52.83000183105469,52.349998474121094,52.54999923706055,52.5,337100.0,39.058963775634766
2004-08-04,52.599998474121094,51.79999923706055,52.119998931884766,52.47999954223633,523500.0,39.04410171508789
2004-08-05,52.27000045776367,51.08000183105469,52.27000045776367,51.08000183105469,501000.0,38.147891998291016
2004-08-06,51.119998931884766,50.33000183105469,51.08000183105469,50.650001525878906,497600.0,37.82677459716797
2004-08-09,51.09000015258789,50.400001525878906,50.5,50.88999938964844,544000.0,38.00600814819336
2004-08-10,52.209999084472656,50.7599983215332,50.869998931884766,52.09000015258789,730000.0,38.90218734741211
2004-08-11,52.099998474121094,51.25,52.099998474121094,51.709999084472656,528800.0,38.61839294433594
2004-08-12,51.630001068115234,50.779998779296875,51.5099983215332,50.90999984741211,369800.0,38.020938873291016
2004-08-13,51.29999923706055,50.65999984741211,50.90999984741211,50.880001068115234,250500.0,37.99854278564453
2004-08-16,52.15999984741211,50.709999084472656,50.83000183105469,52.15999984741211,479700.0,38.9544792175293
2004-08-17,52.7400016784668,51.65999984741211,52.189998626708984,51.79999923706055,302900.0,38.68562316894531
2004-08-18,52.9900016784668,51.099998474121094,51.45000076293945,52.84000015258789,378900.0,39.46229934692383
2004-08-19,52.63999938964844,51.70000076293945,52.63999938964844,52.0099983215332,270600.0,38.842437744140625
2004-08-20,53.2400016784668,51.90999984741211,51.90999984741211,53.09000015258789,260900.0,39.64902114868164
2004-08-23,53.45000076293945,52.90999984741211,52.93000030517578,53.02000045776367,240200.0,39.59674835205078
2004-08-24,53.63999938964844,52.959999084472656,53.099998474121094,53.25,274600.0,39.76851272583008
2004-08-25,53.47999954223633,52.58000183105469,53.13999938964844,53.36000061035156,208600.0,39.85066604614258
2004-08-26,53.58000183105469,53.06999969482422,53.150001525878906,53.45000076293945,137500.0,39.917884826660156
2004-08-27,53.810001373291016,53.380001068115234,53.599998474121094,53.79999923706055,161000.0,40.17927551269531
2004-08-30,53.95000076293945,53.5099983215332,53.95000076293945,53.650001525878906,182100.0,40.06724166870117
2004-08-31,53.81999969482422,52.790000915527344,53.650001525878906,53.40999984741211,387700.0,39.88800811767578
2004-09-01,53.790000915527344,53.16999816894531,53.209999084472656,53.22999954223633,243300.0,39.753570556640625
2004-09-02,53.79999923706055,52.7599983215332,53.22999954223633,53.79999923706055,243500.0,40.17927551269531
2004-09-03,53.900001525878906,53.13999938964844,53.88999938964844,53.209999084472656,302200.0,39.7386360168457
2004-09-07,53.56999969482422,52.95000076293945,53.2599983215332,53.02000045776367,579100.0,39.59674835205078
2004-09-08,52.9900016784668,52.34000015258789,52.88999938964844,52.439998626708984,484600.0,39.1635856628418
2004-09-09,52.540000915527344,51.810001373291016,52.540000915527344,52.060001373291016,433900.0,38.87980270385742
2004-09-10,53.70000076293945,52.209999084472656,52.279998779296875,53.66999816894531,398800.0,40.08218002319336
2004-09-13,55.5,53.5,53.75,55.40999984741211,751600.0,41.38166046142578
2004-09-14,55.43000030517578,55.04999923706055,55.369998931884766,55.43000030517578,301100.0,41.396610260009766
2004-09-15,55.97999954223633,55.06999969482422,55.439998626708984,55.779998779296875,389000.0,41.657997131347656
2004-09-16,56.33000183105469,55.58000183105469,55.66999816894531,55.86000061035156,234700.0,41.71772766113281
2004-09-17,56.599998474121094,55.9900016784668,56.15999984741211,56.16999816894531,202100.0,41.949249267578125
2004-09-20,56.15999984741211,55.599998474121094,55.970001220703125,55.7599983215332,220500.0,41.64303207397461
2004-09-21,56.400001525878906,55.72999954223633,55.75,56.13999938964844,355200.0,41.92684555053711
2004-09-22,55.939998626708984,55.18000030517578,55.939998626708984,55.36000061035156,236400.0,41.34431838989258
2004-09-23,55.36000061035156,54.9900016784668,55.11000061035156,55.02000045776367,265700.0,41.09040451049805
2004-09-24,55.52000045776367,54.900001525878906,55.0,55.20000076293945,232800.0,41.22483825683594
2004-09-27,55.2599983215332,54.720001220703125,55.18000030517578,55.08000183105469,305700.0,41.13520812988281
2004-09-28,55.4900016784668,54.75,54.939998626708984,55.400001525878906,370100.0,41.37419128417969
2004-09-29,56.779998779296875,55.31999969482422,55.31999969482422,56.560001373291016,286200.0,42.240509033203125
2004-09-30,57.650001525878906,56.61000061035156,56.790000915527344,57.650001525878906,414500.0,43.05455017089844
2004-10-01,58.0099983215332,57.34000015258789,57.65999984741211,57.970001220703125,389500.0,43.29352569580078
2004-10-04,59.150001525878906,58.150001525878906,58.150001525878906,59.0,540200.0,44.06277084350586
2004-10-05,59.33000183105469,58.619998931884766,59.04999923706055,59.25,516700.0,44.249473571777344
2004-10-06,59.45000076293945,58.70000076293945,59.040000915527344,59.400001525878906,501800.0,44.36151123046875
2004-10-07,59.939998626708984,59.41999816894531,59.79999923706055,59.7599983215332,845300.0,44.630348205566406
2004-10-08,59.7599983215332,58.20000076293945,59.7599983215332,58.33000183105469,601400.0,43.56239700317383
2004-10-11,58.5,58.130001068115234,58.27000045776367,58.38999938964844,253200.0,43.60720443725586
2004-10-12,58.209999084472656,57.11000061035156,58.20000076293945,57.34000015258789,509500.0,42.82304382324219
2004-10-13,57.84000015258789,56.75,57.59000015258789,57.310001373291016,302300.0,42.8006477355957
2004-10-14,57.68000030517578,56.70000076293945,57.310001373291016,56.7400016784668,427400.0,42.374935150146484
2004-10-15,57.97999954223633,56.95000076293945,57.0,57.77000045776367,315900.0,43.144161224365234
2004-10-18,59.0,57.59000015258789,58.0,58.0,1031800.0,43.31593704223633
2004-10-19,58.189998626708984,56.27000045776367,58.0,56.95000076293945,890500.0,42.53176498413086
2004-10-20,57.790000915527344,56.54999923706055,56.95000076293945,57.66999816894531,528700.0,43.06949234008789
2004-10-21,58.060001373291016,56.95000076293945,57.56999969482422,57.869998931884766,346100.0,43.21885681152344
2004-10-22,58.47999954223633,57.439998626708984,57.900001525878906,57.540000915527344,182100.0,42.972408294677734
2004-10-25,57.29999923706055,56.619998931884766,57.290000915527344,57.119998931884766,332200.0,42.658729553222656
2004-10-26,57.29999923706055,56.599998474121094,57.099998474121094,57.130001068115234,372300.0,42.66620635986328
2004-10-27,57.290000915527344,56.2599983215332,56.88999938964844,56.93000030517578,750600.0,42.516845703125
2004-10-28,58.29999923706055,56.5,56.93000030517578,58.11000061035156,638200.0,43.398094177246094
2004-10-29,58.59000015258789,57.849998474121094,57.900001525878906,58.59000015258789,262600.0,43.756568908691406
2004-11-01,58.619998931884766,57.88999938964844,58.59000015258789,58.209999084472656,295400.0,43.47277069091797
2004-11-02,58.400001525878906,57.54999923706055,58.0,57.91999816894531,391500.0,43.25617599487305
2004-11-03,58.36000061035156,57.68000030517578,58.20000076293945,57.880001068115234,655200.0,43.226314544677734
2004-11-04,59.720001220703125,57.880001068115234,57.880001068115234,59.470001220703125,496800.0,44.56778335571289
2004-11-05,59.75,59.13999938964844,59.470001220703125,59.599998474121094,506500.0,44.66519546508789
2004-11-08,59.81999969482422,59.36000061035156,59.5,59.45000076293945,267400.0,44.55277633666992
2004-11-09,59.95000076293945,59.20000076293945,59.54999923706055,59.86000061035156,182000.0,44.860042572021484
2004-11-10,59.849998474121094,59.40999984741211,59.75,59.599998474121094,212100.0,44.66519546508789
2004-11-11,60.02000045776367,59.29999923706055,59.75,59.959999084472656,208600.0,44.934974670410156
2004-11-12,60.099998474121094,59.29999923706055,59.9900016784668,60.060001373291016,506200.0,45.009925842285156
2004-11-15,61.959999084472656,59.81999969482422,59.81999969482422,61.29999923706055,694400.0,45.939208984375
2004-11-16,61.689998626708984,60.849998474121094,61.0,61.25,445100.0,45.90174102783203
2004-11-17,61.619998931884766,60.630001068115234,61.400001525878906,60.869998931884766,511600.0,45.61696243286133
2004-11-18,61.90999984741211,60.560001373291016,61.20000076293945,61.900001525878906,463900.0,46.38886260986328
2004-11-19,61.70000076293945,60.310001373291016,61.650001525878906,60.41999816894531,355200.0,45.279720306396484
2004-11-22,61.56999969482422,59.97999954223633,60.40999984741211,61.56999969482422,280800.0,46.14155960083008
2004-11-23,61.790000915527344,60.68000030517578,61.7599983215332,61.16999816894531,480900.0,45.8417854309082
2004-11-24,61.93000030517578,61.2599983215332,61.41999816894531,61.84000015258789,189000.0,46.34388732910156
2004-11-26,62.0,61.779998779296875,61.970001220703125,61.880001068115234,69600.0,46.37386703491211
2004-11-29,62.4900016784668,61.0,61.83000183105469,61.900001525878906,334200.0,46.38886260986328
2004-11-30,62.31999969482422,61.20000076293945,61.849998474121094,61.86000061035156,418100.0,46.35887908935547
2004-12-01,62.290000915527344,61.56999969482422,61.7599983215332,62.0,407100.0,46.46380615234375
2004-12-02,62.13999938964844,61.68000030517578,62.04999923706055,62.04999923706055,225400.0,46.50127029418945
2004-12-03,62.029998779296875,61.400001525878906,61.95000076293945,61.75,305100.0,46.276451110839844
2004-12-06,61.75,60.84000015258789,61.7400016784668,61.45000076293945,264400.0,46.05161666870117
2004-12-07,62.0,60.95000076293945,61.599998474121094,61.2599983215332,383300.0,45.90922927856445
2004-12-08,61.209999084472656,60.4900016784668,61.20000076293945,61.119998931884766,558700.0,45.80430603027344
2004-12-09,61.18000030517578,60.400001525878906,60.900001525878906,61.0,315900.0,45.71438217163086
2004-12-10,61.68000030517578,60.75,61.099998474121094,60.810001373291016,720100.0,45.57199478149414
2004-12-13,61.97999954223633,61.099998474121094,61.2400016784668,61.83000183105469,505400.0,46.3364143371582
2004-12-14,63.029998779296875,61.61000061035156,61.709999084472656,62.91999816894531,521400.0,47.15326690673828
2004-12-15,63.900001525878906,62.59000015258789,63.15999984741211,63.34000015258789,500100.0,47.4680061340332
2004-12-16,65.9000015258789,63.11000061035156,63.900001525878906,64.5199966430664,1498400.0,48.35232162475586
2004-12-17,64.9800033569336,63.689998626708984,64.19999694824219,63.9900016784668,717700.0,47.95512771606445
2004-12-20,65.95999908447266,64.55000305175781,64.56999969482422,65.4000015258789,657200.0,49.01182556152344
2004-12-21,66.44999694824219,65.4000015258789,65.4000015258789,66.19000244140625,441500.0,49.60385513305664
2004-12-22,66.33000183105469,65.41000366210938,66.25,65.47000122070312,537600.0,49.06425857543945
2004-12-23,66.0999984741211,65.30999755859375,65.7699966430664,65.4000015258789,377600.0,49.01182556152344
2004-12-27,65.86000061035156,65.0,65.69999694824219,65.33000183105469,316200.0,48.95933151245117
2004-12-28,66.19000244140625,65.30000305175781,65.33000183105469,66.19000244140625,288000.0,49.60385513305664
2004-12-29,66.33999633789062,65.68000030517578,66.2699966430664,66.01000213623047,207000.0,49.46895980834961
2004-12-30,66.44999694824219,65.91000366210938,66.30000305175781,66.22000122070312,263400.0,49.6263313293457
2004-12-31,66.98999786376953,66.0999984741211,66.47000122070312,66.62000274658203,231300.0,49.92609786987305
2005-01-03,66.97000122070312,64.86000061035156,66.5199966430664,65.0999984741211,360300.0,48.786991119384766
2005-01-04,65.55000305175781,63.45000076293945,65.55000305175781,64.0,379600.0,47.9626350402832
2005-01-05,64.5,63.0,64.0999984741211,63.060001373291016,518400.0,47.2581787109375
2005-01-06,63.29999923706055,62.400001525878906,63.0,62.540000915527344,548400.0,46.86847686767578
2005-01-07,62.779998779296875,61.849998474121094,62.779998779296875,62.02000045776367,512900.0,46.478790283203125
2005-01-10,62.52000045776367,61.72999954223633,62.25,61.86000061035156,667800.0,46.35887908935547
2005-01-11,62.099998474121094,61.380001068115234,61.86000061035156,61.91999816894531,616300.0,46.403846740722656
2005-01-12,62.11000061035156,61.54999923706055,61.95000076293945,62.040000915527344,608300.0,46.4937858581543
2005-01-13,62.0,61.08000183105469,61.95000076293945,61.08000183105469,380500.0,45.77433776855469
2005-01-14,62.779998779296875,61.310001373291016,61.33000183105469,62.70000076293945,438400.0,46.98838424682617
2005-01-18,63.16999816894531,62.0,62.45000076293945,62.939998626708984,395900.0,47.168251037597656
2005-01-19,63.029998779296875,62.2599983215332,62.7400016784668,62.27000045776367,254600.0,46.66614532470703
2005-01-20,62.209999084472656,61.279998779296875,62.209999084472656,61.61000061035156,255400.0,46.1715202331543
2005-01-21,61.93000030517578,60.70000076293945,61.61000061035156,60.810001373291016,321500.0,45.57199478149414
2005-01-24,61.04999923706055,60.0099983215332,60.95000076293945,60.02000045776367,295300.0,44.97996139526367
2005-01-25,60.70000076293945,59.959999084472656,60.25,60.09000015258789,274700.0,45.032413482666016
2005-01-26,60.75,59.86000061035156,59.9900016784668,60.400001525878906,366800.0,45.264739990234375
2005-01-27,61.5,60.400001525878906,60.599998474121094,60.689998626708984,576700.0,45.48207092285156
2005-01-28,60.709999084472656,59.849998474121094,60.70000076293945,60.18000030517578,544000.0,45.09986114501953
2005-01-31,61.31999969482422,60.439998626708984,60.75,61.209999084472656,495600.0,45.871761322021484
2005-02-01,61.900001525878906,60.900001525878906,61.209999084472656,61.7599983215332,465100.0,46.283931732177734
2005-02-02,62.25,61.54999923706055,61.9900016784668,62.18000030517578,620500.0,46.59869384765625
2005-02-03,62.27000045776367,61.58000183105469,61.97999954223633,62.099998474121094,253000.0,46.68891525268555
2005-02-04,63.779998779296875,62.15999984741211,62.20000076293945,63.72999954223633,695100.0,47.914398193359375
2005-02-07,63.869998931884766,63.18000030517578,63.20000076293945,63.79999923706055,437800.0,47.967037200927734
2005-02-08,63.90999984741211,63.11000061035156,63.900001525878906,63.400001525878906,260300.0,47.66630935668945
2005-02-09,63.5,62.70000076293945,63.45000076293945,62.779998779296875,219500.0,47.200157165527344
2005-02-10,63.540000915527344,62.220001220703125,62.75,63.2599983215332,467900.0,47.561031341552734
2005-02-11,63.86000061035156,63.099998474121094,63.29999923706055,63.40999984741211,353200.0,47.67380142211914
2005-02-14,63.790000915527344,63.150001525878906,63.599998474121094,63.36000061035156,266300.0,47.636226654052734
2005-02-15,63.29999923706055,62.709999084472656,63.20000076293945,62.86000061035156,398400.0,47.26031494140625
2005-02-16,62.849998474121094,62.349998474121094,62.849998474121094,62.439998626708984,405600.0,46.94453811645508
2005-02-17,62.599998474121094,61.5,62.470001220703125,61.849998474121094,378200.0,46.50094223022461
2005-02-18,62.09000015258789,61.36000061035156,61.849998474121094,61.380001068115234,426000.0,46.1475944519043
2005-02-22,61.7400016784668,60.70000076293945,61.130001068115234,60.70000076293945,488800.0,45.636329650878906
2005-02-23,61.630001068115234,60.79999923706055,60.849998474121094,61.400001525878906,320200.0,46.16263198852539
2005-02-24,62.34000015258789,60.79999923706055,61.29999923706055,62.2599983215332,466700.0,46.8092041015625
2005-02-25,63.25,61.849998474121094,62.5099983215332,63.20000076293945,487400.0,47.51593017578125
2005-02-28,64.45999908447266,62.779998779296875,63.29999923706055,62.779998779296875,697800.0,47.200157165527344
2005-03-01,63.900001525878906,62.869998931884766,63.0,63.220001220703125,381400.0,47.530967712402344
2005-03-02,63.63999938964844,62.849998474121094,63.220001220703125,63.63999938964844,319800.0,47.84673309326172
2005-03-03,63.689998626708984,62.900001525878906,63.68000030517578,63.25,225900.0,47.55351638793945
2005-03-04,64.75,63.099998474121094,63.38999938964844,64.70999908447266,353300.0,48.651214599609375
2005-03-07,65.43000030517578,64.41999816894531,64.5,65.43000030517578,445400.0,49.19252395629883
2005-03-08,65.37000274658203,64.69999694824219,65.0999984741211,65.0999984741211,603500.0,48.94441604614258
2005-03-09,65.44999694824219,64.70999908447266,65.0,65.16999816894531,486800.0,48.997047424316406
2005-03-10,65.4800033569336,64.81999969482422,65.0999984741211,65.0,563900.0,48.869232177734375
2005-03-11,66.06999969482422,65.0,65.25,66.0199966430664,678400.0,49.6360969543457
2005-03-14,67.25,65.23999786376953,66.0,65.81999969482422,897100.0,49.485721588134766
2005-03-15,65.95999908447266,64.86000061035156,65.83000183105469,65.0,425800.0,48.869232177734375
2005-03-16,64.93000030517578,63.25,64.75,63.7599983215332,548500.0,47.93695068359375
2005-03-17,64.06999969482422,63.349998474121094,64.06999969482422,63.900001525878906,423000.0,48.042205810546875
2005-03-18,64.7300033569336,63.540000915527344,63.70000076293945,64.3499984741211,769600.0,48.38055419921875
2005-03-21,64.29000091552734,63.58000183105469,64.29000091552734,63.86000061035156,339800.0,48.01215362548828
2005-03-22,64.41999816894531,63.5,63.79999923706055,63.54999923706055,251800.0,47.779052734375
2005-03-23,64.20999908447266,63.04999923706055,63.70000076293945,63.31999969482422,412800.0,47.606143951416016
2005-03-24,63.900001525878906,63.06999969482422,63.900001525878906,63.34000015258789,375200.0,47.62117385864258
2005-03-28,63.880001068115234,62.20000076293945,63.40999984741211,62.220001220703125,630400.0,46.77913284301758
2005-03-29,62.4900016784668,61.790000915527344,62.22999954223633,61.88999938964844,490800.0,46.531028747558594
2005-03-30,62.45000076293945,61.630001068115234,61.849998474121094,62.040000915527344,431600.0,46.64381408691406
2005-03-31,62.849998474121094,61.84000015258789,62.18000030517578,62.27000045776367,282000.0,46.816734313964844
2005-04-01,63.380001068115234,62.54999923706055,62.75,62.619998931884766,329800.0,47.079864501953125
2005-04-04,62.540000915527344,61.810001373291016,62.4900016784668,62.310001373291016,255400.0,46.84679412841797
2005-04-05,62.720001220703125,62.290000915527344,62.31999969482422,62.5,203000.0,46.98965835571289
2005-04-06,62.849998474121094,61.91999816894531,62.540000915527344,62.130001068115234,259400.0,46.71146011352539
2005-04-07,62.650001525878906,62.06999969482422,62.2599983215332,62.41999816894531,230800.0,46.929500579833984
2005-04-08,62.349998474121094,61.810001373291016,62.16999816894531,61.91999816894531,225200.0,46.55356979370117
2005-04-11,61.959999084472656,61.040000915527344,61.93000030517578,61.099998474121094,324200.0,45.93708038330078
2005-04-12,62.689998626708984,60.54999923706055,61.150001525878906,61.7599983215332,481300.0,46.43330001831055
2005-04-13,61.86000061035156,60.77000045776367,61.7599983215332,60.93000030517578,371000.0,45.80928039550781
2005-04-14,60.900001525878906,59.31999969482422,60.72999954223633,59.7400016784668,717800.0,44.914581298828125
2005-04-15,59.75,55.02000045776367,59.7400016784668,55.25,2841900.0,41.53885269165039
2005-04-18,55.7599983215332,53.689998626708984,55.20000076293945,54.08000183105469,1056600.0,40.6591911315918
2005-04-19,55.25,54.29999923706055,54.29999923706055,55.06999969482422,861600.0,41.40351486206055
2005-04-20,55.29999923706055,53.52000045776367,55.2400016784668,53.59000015258789,763400.0,40.29080581665039
2005-04-21,55.2400016784668,53.849998474121094,54.099998474121094,55.0,948200.0,41.35087966918945
2005-04-22,54.95000076293945,53.939998626708984,54.95000076293945,54.20000076293945,682000.0,40.749412536621094
2005-04-25,54.52000045776367,54.0099983215332,54.25,54.25,712400.0,40.7869987487793
2005-04-26,54.130001068115234,52.290000915527344,53.75,52.290000915527344,886600.0,39.31342697143555
2005-04-27,54.70000076293945,51.650001525878906,52.290000915527344,54.58000183105469,1009800.0,41.03511428833008
2005-04-28,55.06999969482422,54.099998474121094,54.25,54.5099983215332,843800.0,40.98249816894531
2005-04-29,55.4900016784668,54.41999816894531,54.689998626708984,55.290000915527344,713200.0,41.56892013549805
2005-05-02,55.900001525878906,55.130001068115234,55.40999984741211,55.61000061035156,490400.0,41.809513092041016
2005-05-03,55.59000015258789,54.400001525878906,55.36000061035156,54.90999984741211,559800.0,41.28323745727539
2005-05-04,56.150001525878906,54.84000015258789,55.400001525878906,56.150001525878906,723200.0,42.215492248535156
2005-05-05,55.95000076293945,55.400001525878906,55.709999084472656,55.75,464000.0,42.094696044921875
2005-05-06,56.70000076293945,55.88999938964844,56.0,56.34000015258789,361600.0,42.5401611328125
2005-05-09,56.400001525878906,55.5099983215332,56.400001525878906,55.79999923706055,596200.0,42.1324462890625
2005-05-10,55.91999816894531,55.13999938964844,55.54999923706055,55.54999923706055,445600.0,41.94368362426758
2005-05-11,56.06999969482422,55.29999923706055,55.45000076293945,56.029998779296875,319200.0,42.30609130859375
2005-05-12,56.279998779296875,54.150001525878906,56.13999938964844,54.4900016784668,592200.0,41.143314361572266
2005-05-13,54.70000076293945,53.18000030517578,54.470001220703125,53.84000015258789,465300.0,40.65251159667969
2005-05-16,55.2400016784668,53.20000076293945,53.5,54.900001525878906,766200.0,41.4528923034668
2005-05-17,54.90999984741211,54.08000183105469,54.70000076293945,54.849998474121094,574100.0,41.41512680053711
2005-05-18,55.9900016784668,54.25,54.75,55.540000915527344,742400.0,41.93611526489258
2005-05-19,55.599998474121094,54.38999938964844,55.349998474121094,54.45000076293945,996000.0,41.113101959228516
2005-05-20,54.470001220703125,53.72999954223633,54.400001525878906,54.06999969482422,1241100.0,40.8261833190918
2005-05-23,54.58000183105469,54.0,54.18000030517578,54.41999816894531,690800.0,41.090457916259766
2005-05-24,54.599998474121094,54.0,54.58000183105469,54.560001373291016,628600.0,41.196163177490234
2005-05-25,54.540000915527344,54.130001068115234,54.470001220703125,54.25,657500.0,40.96208190917969
2005-05-26,54.68000030517578,54.150001525878906,54.279998779296875,54.45000076293945,866400.0,41.113101959228516
2005-05-27,54.939998626708984,54.31999969482422,54.38999938964844,54.77000045776367,300100.0,41.35472869873047
2005-05-31,54.72999954223633,54.29999923706055,54.56999969482422,54.38999938964844,509800.0,41.06779098510742
2005-06-01,54.88999938964844,54.040000915527344,54.130001068115234,54.779998779296875,425100.0,41.362274169921875
2005-06-02,54.72999954223633,54.20000076293945,54.529998779296875,54.52000045776367,373600.0,41.165958404541016
2005-06-03,54.7400016784668,54.310001373291016,54.540000915527344,54.56999969482422,497400.0,41.20370864868164
2005-06-06,54.58000183105469,53.650001525878906,54.45000076293945,54.0,631900.0,40.77332305908203
2005-06-07,54.61000061035156,53.709999084472656,53.900001525878906,54.20000076293945,457400.0,40.924346923828125
2005-06-08,54.7400016784668,54.400001525878906,54.43000030517578,54.560001373291016,671100.0,41.196163177490234
2005-06-09,54.70000076293945,54.43000030517578,54.650001525878906,54.52000045776367,730200.0,41.165958404541016
2005-06-10,54.650001525878906,54.29999923706055,54.45000076293945,54.5,380200.0,41.15087127685547
2005-06-13,55.119998931884766,54.11000061035156,54.45000076293945,54.630001068115234,497200.0,41.2490119934082
2005-06-14,55.18000030517578,54.47999954223633,54.779998779296875,55.15999984741211,585000.0,41.649192810058594
2005-06-15,55.689998626708984,55.0,55.400001525878906,55.400001525878906,526600.0,41.830421447753906
2005-06-16,55.58000183105469,54.959999084472656,55.439998626708984,55.029998779296875,315100.0,41.55104446411133
2005-06-17,56.060001373291016,55.45000076293945,55.45000076293945,56.060001373291016,524200.0,42.328765869140625
2005-06-20,56.279998779296875,55.86000061035156,56.0,56.189998626708984,385700.0,42.42694091796875
2005-06-21,56.58000183105469,56.0,56.279998779296875,56.150001525878906,567800.0,42.396697998046875
2005-06-22,56.63999938964844,55.95000076293945,56.400001525878906,56.029998779296875,347600.0,42.30609130859375
2005-06-23,56.130001068115234,55.33000183105469,56.130001068115234,55.52000045776367,328800.0,41.921024322509766
2005-06-24,56.09000015258789,54.22999954223633,55.31999969482422,54.56999969482422,483100.0,41.20370864868164
2005-06-27,54.65999984741211,53.79999923706055,54.5,54.25,409400.0,40.96208190917969
2005-06-28,55.099998474121094,54.2599983215332,54.459999084472656,54.709999084472656,327400.0,41.30940628051758
2005-06-29,55.22999954223633,54.5099983215332,54.689998626708984,55.119998931884766,320200.0,41.618995666503906
2005-06-30,55.45000076293945,54.43000030517578,55.41999816894531,54.790000915527344,361700.0,41.36982727050781
2005-07-01,55.5,54.79999923706055,54.88999938964844,55.38999938964844,340900.0,41.822872161865234
2005-07-05,55.34000015258789,54.5,54.970001220703125,55.099998474121094,381100.0,41.60390853881836
2005-07-06,55.400001525878906,54.06999969482422,55.11000061035156,54.25,267700.0,40.96208190917969
2005-07-07,54.5,53.099998474121094,53.400001525878906,54.369998931884766,300900.0,41.05268478393555
2005-07-08,55.900001525878906,54.130001068115234,54.380001068115234,55.70000076293945,434600.0,42.05693054199219
2005-07-11,56.0,55.400001525878906,55.45000076293945,55.900001525878906,311400.0,42.207942962646484
2005-07-12,55.849998474121094,54.59000015258789,55.849998474121094,55.029998779296875,421100.0,41.55104446411133
2005-07-13,57.16999816894531,55.54999923706055,55.54999923706055,57.16999816894531,730400.0,43.1668815612793
2005-07-14,57.79999923706055,56.63999938964844,57.79999923706055,57.25,482400.0,43.227272033691406
2005-07-15,62.95000076293945,60.5099983215332,61.5,61.560001373291016,2493300.0,46.481597900390625
2005-07-18,64.68000030517578,62.75,62.75,63.66999816894531,1574200.0,48.074764251708984
2005-07-19,64.04000091552734,62.540000915527344,63.849998474121094,62.540000915527344,837700.0,47.22156524658203
2005-07-20,62.790000915527344,61.75,62.459999084472656,62.7400016784668,563500.0,47.37257766723633
2005-07-21,63.0,62.029998779296875,62.91999816894531,62.130001068115234,428300.0,46.9119758605957
2005-07-22,62.7400016784668,62.040000915527344,62.29999923706055,62.43000030517578,393300.0,47.13850402832031
2005-07-25,62.47999954223633,61.619998931884766,62.130001068115234,61.83000183105469,417000.0,46.68547058105469
2005-07-26,62.29999923706055,61.72999954223633,61.90999984741211,61.97999954223633,324000.0,46.79872131347656
2005-07-27,62.540000915527344,61.849998474121094,62.150001525878906,62.459999084472656,391700.0,47.161155700683594
2005-07-28,62.77000045776367,62.25,62.400001525878906,62.52000045776367,470300.0,47.20647048950195
2005-07-29,62.5099983215332,61.91999816894531,62.369998931884766,62.31999969482422,518700.0,47.05543518066406
2005-08-01,62.310001373291016,61.61000061035156,62.220001220703125,61.84000015258789,439900.0,46.69301986694336
2005-08-02,62.599998474121094,61.83000183105469,62.02000045776367,62.369998931884766,364000.0,47.09320068359375
2005-08-03,62.369998931884766,61.63999938964844,62.20000076293945,62.279998779296875,513100.0,47.02524185180664
2005-08-04,62.25,61.70000076293945,62.02000045776367,62.04999923706055,398500.0,47.03281021118164
2005-08-05,62.04999923706055,61.599998474121094,61.650001525878906,62.0,407800.0,46.99491500854492
2005-08-08,62.5,61.560001373291016,62.25,62.119998931884766,319100.0,47.08587646484375
2005-08-09,62.66999816894531,61.91999816894531,62.369998931884766,62.099998474121094,251400.0,47.07072830200195
2005-08-10,63.400001525878906,62.349998474121094,62.349998474121094,62.83000183105469,487200.0,47.62403869628906
2005-08-11,64.06999969482422,62.93000030517578,62.93000030517578,64.06999969482422,460600.0,48.563941955566406
2005-08-12,64.05999755859375,63.369998931884766,64.04000091552734,63.65999984741211,348100.0,48.253170013427734
2005-08-15,64.08999633789062,63.5099983215332,63.77000045776367,64.0,240300.0,48.51087951660156
2005-08-16,63.63999938964844,62.34000015258789,63.61000061035156,62.43000030517578,541000.0,47.32086944580078
2005-08-17,62.790000915527344,62.29999923706055,62.29999923706055,62.45000076293945,535400.0,47.33602523803711
2005-08-18,62.470001220703125,62.0,62.45000076293945,62.290000915527344,288000.0,47.214744567871094
2005-08-19,62.79999923706055,62.2400016784668,62.79999923706055,62.31999969482422,293500.0,47.23747253417969
2005-08-22,62.66999816894531,62.0,62.2400016784668,62.16999816894531,619300.0,47.12377166748047
2005-08-23,62.540000915527344,61.95000076293945,62.369998931884766,62.220001220703125,616800.0,47.16167449951172
2005-08-24,62.099998474121094,61.380001068115234,62.0,61.540000915527344,670700.0,46.6462516784668
2005-08-25,62.119998931884766,61.560001373291016,61.900001525878906,61.959999084472656,557200.0,46.964599609375
2005-08-26,62.81999969482422,61.689998626708984,61.97999954223633,62.43000030517578,515900.0,47.32086944580078
2005-08-29,63.34000015258789,62.20000076293945,62.20000076293945,63.25,633200.0,47.94239044189453
2005-08-30,63.099998474121094,62.099998474121094,63.0,62.47999954223633,607900.0,47.35874557495117
2005-08-31,64.31999969482422,62.63999938964844,63.099998474121094,64.31999969482422,861500.0,48.75343322753906
2005-09-01,65.0,64.12000274658203,64.5,64.5,741000.0,48.8898811340332
2005-09-02,64.61000061035156,64.19999694824219,64.5999984741211,64.22000122070312,625900.0,48.677642822265625
2005-09-06,65.0,64.22000122070312,64.22000122070312,64.77999877929688,442300.0,49.10211181640625
2005-09-07,64.94000244140625,64.05999755859375,64.94000244140625,64.37999725341797,515600.0,48.79892349243164
2005-09-08,64.88999938964844,63.81999969482422,64.30000305175781,64.77999877929688,464900.0,49.10211181640625
2005-09-09,64.93000030517578,64.30000305175781,64.69999694824219,64.62999725341797,442000.0,48.9884147644043
2005-09-12,66.06999969482422,64.19000244140625,64.75,65.76000213623047,490200.0,49.844940185546875
2005-09-13,66.19000244140625,65.2300033569336,65.80000305175781,65.36000061035156,545100.0,49.54174041748047
2005-09-14,65.5,64.45999908447266,65.44999694824219,64.80000305175781,284700.0,49.11726760864258
2005-09-15,65.30000305175781,64.0999984741211,64.9000015258789,64.22000122070312,332900.0,48.677642822265625
2005-09-16,64.9000015258789,64.36000061035156,64.80000305175781,64.62999725341797,809800.0,48.9884147644043
2005-09-19,64.41000366210938,62.79999923706055,64.4000015258789,63.439998626708984,500300.0,48.08639907836914
2005-09-20,63.75,62.5,63.63999938964844,62.65999984741211,276000.0,47.495201110839844
2005-09-21,62.52000045776367,61.66999816894531,62.52000045776367,61.81999969482422,444600.0,46.85847473144531
2005-09-22,62.029998779296875,61.060001373291016,61.650001525878906,62.0,224300.0,46.99491500854492
2005-09-23,62.83000183105469,61.58000183105469,61.70000076293945,62.34000015258789,293700.0,47.25264358520508
2005-09-26,63.150001525878906,62.0,62.84000015258789,62.20000076293945,299200.0,47.146514892578125
2005-09-27,62.68000030517578,61.58000183105469,62.650001525878906,62.0,330100.0,46.99491500854492
2005-09-28,62.59000015258789,61.5,62.45000076293945,61.790000915527344,231200.0,46.835750579833984
2005-09-29,62.7400016784668,61.2599983215332,61.79999923706055,62.59000015258789,254900.0,47.442134857177734
2005-09-30,62.91999816894531,61.900001525878906,62.650001525878906,62.91999816894531,338000.0,47.6922721862793
2005-10-03,63.5099983215332,62.86000061035156,63.0,63.150001525878906,315700.0,47.866600036621094
2005-10-04,63.880001068115234,63.060001373291016,63.5,63.099998474121094,382300.0,47.82869338989258
2005-10-05,63.34000015258789,61.900001525878906,63.09000015258789,62.15999984741211,475600.0,47.1161994934082
2005-10-06,62.119998931884766,60.5,62.08000183105469,61.279998779296875,494900.0,46.44917297363281
2005-10-07,62.33000183105469,61.25,61.34000015258789,61.939998626708984,354400.0,46.949440002441406
2005-10-10,62.02000045776367,61.31999969482422,61.849998474121094,61.68000030517578,216100.0,46.752357482910156
2005-10-11,62.599998474121094,61.61000061035156,61.68000030517578,61.689998626708984,289300.0,46.75996017456055
2005-10-12,63.720001220703125,61.56999969482422,61.75,62.33000183105469,498800.0,47.24504852294922
2005-10-13,62.310001373291016,61.09000015258789,62.22999954223633,62.040000915527344,408000.0,47.025245666503906
2005-10-14,64.0,62.279998779296875,62.279998779296875,63.86000061035156,386600.0,48.40478515625
2005-10-17,66.55000305175781,63.720001220703125,66.0,65.0199966430664,977500.0,49.284034729003906
2005-10-18,65.05999755859375,64.0999984741211,65.05999755859375,64.5999984741211,493200.0,48.965660095214844
2005-10-19,65.79000091552734,64.66999816894531,65.05000305175781,65.55999755859375,808100.0,49.69334030151367
2005-10-20,65.77999877929688,64.18000030517578,65.55999755859375,64.29000091552734,434500.0,48.73069381713867
2005-10-21,64.95999908447266,63.84000015258789,64.6500015258789,64.76000213623047,336400.0,49.08695602416992
2005-10-24,66.5999984741211,64.8499984741211,64.95999908447266,66.25,448600.0,50.21635437011719
2005-10-25,66.1500015258789,64.83000183105469,65.8499984741211,65.19999694824219,338600.0,49.420475006103516
2005-10-26,65.77999877929688,65.0999984741211,65.3499984741211,65.18000030517578,281900.0,49.4052848815918
2005-10-27,65.06999969482422,64.5,65.01000213623047,64.58000183105469,322800.0,48.950523376464844
2005-10-28,66.11000061035156,64.94000244140625,65.1500015258789,66.11000061035156,365100.0,50.11022186279297
2005-10-31,67.19000244140625,65.76000213623047,66.12000274658203,66.9800033569336,487500.0,50.76966857910156
2005-11-01,67.94999694824219,66.75,66.87999725341797,67.6500015258789,570800.0,51.27752685546875
2005-11-02,67.98999786376953,67.1500015258789,67.4000015258789,67.69999694824219,362300.0,51.315425872802734
2005-11-03,67.91999816894531,67.16000366210938,67.80000305175781,67.66000366210938,391200.0,51.28511428833008
2005-11-04,67.9000015258789,67.0199966430664,67.76000213623047,67.1500015258789,267100.0,50.8985481262207
2005-11-07,68.1500015258789,67.0,68.0,67.06999969482422,506300.0,50.83790588378906
2005-11-08,67.0199966430664,66.38999938964844,66.9000015258789,66.8499984741211,271800.0,50.671138763427734
2005-11-09,67.72000122070312,66.5199966430664,66.5199966430664,67.51000213623047,303500.0,51.35578155517578
2005-11-10,68.26000213623047,66.86000061035156,67.51000213623047,68.23999786376953,346300.0,51.91109848022461
2005-11-11,69.05999755859375,68.05000305175781,68.0999984741211,68.87999725341797,439500.0,52.39796829223633
2005-11-14,69.16000366210938,68.44000244140625,69.0,68.81999969482422,305400.0,52.35231018066406
2005-11-15,68.98999786376953,68.5,68.87999725341797,68.62000274658203,254800.0,52.200157165527344
2005-11-16,69.05000305175781,68.05000305175781,68.81999969482422,69.05000305175781,409200.0,52.52727127075195
2005-11-17,71.55999755859375,70.27999877929688,70.5,71.08000183105469,539600.0,54.071533203125
2005-11-18,71.80000305175781,70.33999633789062,71.5999984741211,70.94999694824219,411400.0,53.97261047363281
2005-11-21,71.27999877929688,70.44999694824219,70.5999984741211,71.26000213623047,259000.0,54.20845413208008
2005-11-22,70.9000015258789,70.25,70.9000015258789,70.76000213623047,453600.0,53.828094482421875
2005-11-23,71.29000091552734,70.58000183105469,71.19999694824219,70.86000061035156,261000.0,53.90418243408203
2005-11-25,71.11000061035156,70.0199966430664,71.11000061035156,70.19999694824219,164100.0,53.40209197998047
2005-11-28,70.58000183105469,69.33999633789062,70.52999877929688,69.36000061035156,403300.0,52.76308822631836
2005-11-29,70.70999908447266,69.44999694824219,69.44999694824219,70.1500015258789,282200.0,53.36405563354492
2005-11-30,70.91000366210938,70.01000213623047,70.05000305175781,70.2300033569336,289400.0,53.42491149902344
2005-12-01,71.93000030517578,70.30000305175781,70.43000030517578,71.83000183105469,455300.0,54.64204788208008
2005-12-02,71.98999786376953,71.02999877929688,71.45999908447266,71.91999816894531,280500.0,54.71052551269531
2005-12-05,71.7300033569336,70.94000244140625,71.72000122070312,71.3499984741211,229200.0,54.27690887451172
2005-12-06,71.5,70.58000183105469,71.31999969482422,70.66999816894531,220300.0,53.759639739990234
2005-12-07,70.69999694824219,69.66000366210938,70.69999694824219,70.08000183105469,284400.0,53.31081771850586
2005-12-08,70.4800033569336,69.5,70.19999694824219,70.08999633789062,273000.0,53.31841278076172
2005-12-09,70.63999938964844,69.80000305175781,70.27999877929688,70.3499984741211,344700.0,53.516197204589844
2005-12-12,71.0,70.25,70.75,70.73999786376953,222300.0,53.812904357910156
2005-12-13,71.19000244140625,69.9000015258789,70.7300033569336,70.4800033569336,338800.0,53.61508560180664
2005-12-14,71.43000030517578,70.56999969482422,70.62999725341797,71.19999694824219,327200.0,54.16280746459961
2005-12-15,71.4800033569336,70.16000366210938,71.43000030517578,70.45999908447266,237200.0,53.5998649597168
2005-12-16,71.68000030517578,70.48999786376953,71.0,70.48999786376953,390500.0,53.622703552246094
2005-12-19,70.62000274658203,69.93000030517578,70.48999786376953,70.05000305175781,312700.0,53.288002014160156
2005-12-20,71.08000183105469,70.1500015258789,70.1500015258789,70.6500015258789,251200.0,53.744415283203125
2005-12-21,71.48999786376953,70.91000366210938,71.0999984741211,71.08000183105469,255600.0,54.071533203125
2005-12-22,71.62000274658203,70.94999694824219,71.1500015258789,71.61000061035156,263800.0,54.47470474243164
2005-12-23,72.0999984741211,71.51000213623047,71.66000366210938,71.97000122070312,253000.0,54.748558044433594
2005-12-27,72.44999694824219,71.37999725341797,72.22000122070312,71.37999725341797,286500.0,54.29974365234375
2005-12-28,71.69000244140625,71.01000213623047,71.1500015258789,71.58999633789062,240000.0,54.45948791503906
2005-12-29,72.0199966430664,71.30000305175781,71.33999633789062,71.73999786376953,217100.0,54.5735969543457
2005-12-30,71.52999877929688,71.0999984741211,71.5,71.0999984741211,200700.0,54.08673095703125
2006-01-03,72.12000274658203,69.3499984741211,71.0199966430664,71.80000305175781,598400.0,54.61923599243164
2006-01-04,71.80000305175781,71.11000061035156,71.68000030517578,71.48999786376953,336000.0,54.38341522216797
2006-01-05,71.48999786376953,71.0,71.05000305175781,71.38999938964844,290500.0,54.307350158691406
2006-01-06,74.69999694824219,72.0,72.0,74.56999969482422,1000200.0,56.726409912109375
2006-01-09,75.3499984741211,73.0999984741211,73.0999984741211,75.16000366210938,591500.0,57.17523193359375
2006-01-10,75.25,74.4000015258789,75.05000305175781,74.93000030517578,638300.0,57.000282287597656
2006-01-11,75.44999694824219,74.31999969482422,75.19999694824219,74.5,526300.0,56.673160552978516
2006-01-12,74.94999694824219,74.16999816894531,74.69999694824219,74.6500015258789,313600.0,56.78726577758789
2006-01-13,75.22000122070312,73.80000305175781,73.80000305175781,75.0199966430664,250500.0,57.06874465942383
2006-01-17,75.23999786376953,74.62999725341797,74.91999816894531,75.0,398000.0,57.05351257324219
2006-01-18,75.12999725341797,74.29000091552734,74.5,74.83999633789062,282500.0,56.931793212890625
2006-01-19,74.87000274658203,73.94000244140625,74.33999633789062,74.68000030517578,395800.0,56.810081481933594
2006-01-20,74.26000213623047,72.44000244140625,74.19999694824219,72.62000274658203,508100.0,55.24302291870117
2006-01-23,73.70999908447266,72.5199966430664,72.95999908447266,73.30000305175781,273700.0,55.760311126708984
2006-01-24,74.7699966430664,73.55000305175781,73.55000305175781,74.4000015258789,292800.0,56.59710693359375
2006-01-25,74.83999633789062,73.55000305175781,74.6500015258789,74.37000274658203,279400.0,56.574275970458984
2006-01-26,74.9000015258789,72.86000061035156,74.61000061035156,73.30000305175781,540600.0,55.760311126708984
2006-01-27,73.3499984741211,70.72000122070312,73.19999694824219,71.55000305175781,790800.0,54.4290771484375
2006-01-30,72.5999984741211,71.55999755859375,71.55999755859375,71.5999984741211,679200.0,54.467105865478516
2006-01-31,71.7699966430664,70.77999877929688,71.5999984741211,70.93000030517578,575500.0,53.95743179321289
2006-02-01,71.4800033569336,70.37999725341797,71.23999786376953,71.30999755859375,607300.0,54.24650192260742
2006-02-02,72.1500015258789,71.01000213623047,71.44000244140625,71.94999694824219,531500.0,54.73332214355469
2006-02-03,72.1500015258789,70.97000122070312,71.8499984741211,71.12000274658203,385700.0,54.101959228515625
2006-02-06,72.43000030517578,71.63999938964844,71.69999694824219,72.02999877929688,565500.0,54.794193267822266
2006-02-07,72.25,71.12000274658203,71.80000305175781,71.18000030517578,351400.0,54.1475944519043
2006-02-08,71.62999725341797,71.0,71.19999694824219,71.5,288100.0,54.391014099121094
2006-02-09,72.58000183105469,71.79000091552734,72.0,71.86000061035156,518700.0,54.848976135253906
2006-02-10,72.9000015258789,71.25,71.97000122070312,72.33000183105469,635700.0,55.207733154296875
2006-02-13,72.58999633789062,71.2699966430664,72.33000183105469,71.75,395100.0,54.76504898071289
2006-02-14,71.4800033569336,69.30000305175781,71.44999694824219,70.54000091552734,717000.0,53.84145736694336
2006-02-15,71.94999694824219,70.4000015258789,70.75,71.66999816894531,493200.0,54.70397186279297
2006-02-16,72.25,71.66999816894531,71.66999816894531,72.19000244140625,219600.0,55.100894927978516
2006-02-17,72.37000274658203,71.93000030517578,72.18000030517578,72.27999877929688,289100.0,55.16956329345703
2006-02-21,72.22000122070312,71.16999816894531,71.97000122070312,71.73999786376953,349200.0,54.75737762451172
2006-02-22,74.02999877929688,71.94999694824219,72.05000305175781,73.91000366210938,478900.0,56.413719177246094
2006-02-23,73.98999786376953,73.13999938964844,73.69999694824219,73.56999969482422,258900.0,56.15420150756836
2006-02-24,74.29000091552734,73.16000366210938,73.5,73.95999908447266,163300.0,56.451866149902344
2006-02-27,74.66000366210938,74.08000183105469,74.0999984741211,74.25,195200.0,56.67322540283203
2006-02-28,74.3499984741211,73.68000030517578,73.75,74.04000091552734,375200.0,56.51292419433594
2006-03-01,75.47000122070312,74.19999694824219,74.2699966430664,75.4000015258789,397700.0,57.55099868774414
2006-03-02,75.2300033569336,73.41000366210938,74.94999694824219,73.47000122070312,745000.0,56.077857971191406
2006-03-03,74.19000244140625,72.91999816894531,73.26000213623047,73.69000244140625,552900.0,56.24578857421875
2006-03-06,73.9000015258789,72.37999725341797,73.9000015258789,72.66999816894531,619800.0,55.46725845336914
2006-03-07,73.4000015258789,71.94000244140625,72.5999984741211,72.5,561600.0,55.33750534057617
2006-03-08,71.98999786376953,70.56999969482422,71.80000305175781,71.0999984741211,1135500.0,54.268898010253906
2006-03-09,71.73999786376953,71.0,71.0999984741211,71.51000213623047,779700.0,54.581851959228516
2006-03-10,72.7699966430664,71.05999755859375,71.5999984741211,72.30000305175781,513000.0,55.18483352661133
2006-03-13,72.6500015258789,70.97000122070312,72.19999694824219,71.79000091552734,576300.0,54.79555892944336
2006-03-14,75.4000015258789,71.69999694824219,71.69999694824219,74.41000366210938,984000.0,56.79534912109375
2006-03-15,74.56999969482422,73.44999694824219,74.30000305175781,74.02999877929688,581600.0,56.505287170410156
2006-03-16,75.7300033569336,73.94999694824219,73.94999694824219,75.08000183105469,529200.0,57.306739807128906
2006-03-17,75.36000061035156,74.83999633789062,75.30000305175781,75.06999969482422,446500.0,57.29910659790039
2006-03-20,76.0199966430664,75.0,75.06999969482422,75.62000274658203,328200.0,57.71890640258789
2006-03-21,75.80000305175781,74.38999938964844,75.55000305175781,74.66000366210938,317100.0,56.98617172241211
2006-03-22,76.16999816894531,74.2699966430664,74.2699966430664,76.0,278600.0,58.00895690917969
2006-03-23,75.93000030517578,74.7699966430664,75.9000015258789,75.25,217000.0,57.436500549316406
2006-03-24,75.93000030517578,74.55000305175781,75.16000366210938,75.25,242000.0,57.436500549316406
2006-03-27,75.22000122070312,74.16999816894531,75.05999755859375,74.80000305175781,213600.0,57.09304428100586
2006-03-28,74.9800033569336,74.20999908447266,74.5,74.91999816894531,441000.0,57.184600830078125
2006-03-29,75.80999755859375,74.83000183105469,75.0999984741211,75.62999725341797,327600.0,57.72653579711914
2006-03-30,76.58999633789062,75.16999816894531,75.8499984741211,75.76000213623047,322100.0,57.82577133178711
2006-03-31,75.80999755859375,74.88999938964844,75.62000274658203,75.3499984741211,369500.0,57.51283645629883
2006-04-03,76.9000015258789,75.55000305175781,76.0999984741211,75.68000030517578,283400.0,57.764713287353516
2006-04-04,76.80000305175781,75.16000366210938,75.83000183105469,76.51000213623047,272500.0,58.39820861816406
2006-04-05,77.83999633789062,76.06999969482422,76.51000213623047,77.4000015258789,396000.0,59.077518463134766
2006-04-06,77.5,76.1500015258789,77.1500015258789,76.80999755859375,309900.0,58.627201080322266
2006-04-07,77.19000244140625,75.4000015258789,76.9000015258789,75.4000015258789,243000.0,57.55099868774414
2006-04-10,75.91999816894531,73.16000366210938,75.51000213623047,73.44999694824219,762800.0,56.06260299682617
2006-04-11,73.43000030517578,71.36000061035156,72.55000305175781,72.5199966430664,779700.0,55.35272216796875
2006-04-12,73.22000122070312,72.06999969482422,72.45999908447266,72.86000061035156,485900.0,55.61225891113281
2006-04-13,73.83999633789062,72.61000061035156,72.61000061035156,73.69999694824219,498700.0,56.253440856933594
2006-04-17,76.72000122070312,73.5,74.5,74.37000274658203,831700.0,56.76481246948242
2006-04-18,78.94999694824219,74.83000183105469,75.0199966430664,78.38999938964844,881400.0,59.83317947387695
2006-04-19,79.80000305175781,78.0199966430664,78.08000183105469,79.69000244140625,838200.0,60.825439453125
2006-04-20,79.62999725341797,78.0999984741211,78.1500015258789,79.26000213623047,650300.0,60.497230529785156
2006-04-21,79.5199966430664,77.87000274658203,79.5,78.3499984741211,534700.0,59.802642822265625
2006-04-24,77.94999694824219,76.68000030517578,77.8499984741211,77.01000213623047,493300.0,58.77987289428711
2006-04-25,77.2300033569336,76.51000213623047,77.11000061035156,76.61000061035156,416700.0,58.47454071044922
2006-04-26,77.7699966430664,76.55000305175781,76.69000244140625,77.69000244140625,574800.0,59.298892974853516
2006-04-27,77.79000091552734,76.69999694824219,77.5199966430664,76.87999725341797,481100.0,58.68062973022461
2006-04-28,77.52999877929688,76.56999969482422,77.0,76.91999816894531,365800.0,58.71115493774414
2006-05-01,78.1500015258789,76.98999786376953,77.47000122070312,77.9000015258789,566100.0,59.45916748046875
2006-05-02,78.61000061035156,77.11000061035156,77.80000305175781,78.61000061035156,543600.0,60.00111770629883
2006-05-03,79.30000305175781,78.0,78.20999908447266,78.63999938964844,393600.0,60.02400207519531
2006-05-04,78.94999694824219,78.38999938964844,78.5,78.69999694824219,350400.0,60.292137145996094
2006-05-05,79.94999694824219,78.51000213623047,78.9000015258789,79.7300033569336,367800.0,61.0811882019043
2006-05-08,79.93000030517578,79.05000305175781,79.72000122070312,79.27999877929688,245400.0,60.73649215698242
2006-05-09,79.19999694824219,78.52999877929688,79.12000274658203,78.95999908447266,242000.0,60.4913444519043
2006-05-10,79.19000244140625,77.94000244140625,79.05000305175781,78.36000061035156,264600.0,60.031681060791016
2006-05-11,78.33999633789062,77.12000274658203,78.25,77.4000015258789,395900.0,59.29621887207031
2006-05-12,77.5,75.88999938964844,77.36000061035156,76.08999633789062,454400.0,58.29262161254883
2006-05-15,76.0,75.02999877929688,75.9800033569336,75.19000244140625,479600.0,57.60313415527344
2006-05-16,75.5999984741211,74.72000122070312,75.19000244140625,75.16999816894531,626400.0,57.587806701660156
2006-05-17,75.19999694824219,73.4000015258789,74.77999877929688,73.62000274658203,582600.0,56.40032196044922
2006-05-18,74.29000091552734,73.0,73.41999816894531,73.36000061035156,510400.0,56.20116424560547
2006-05-19,74.23999786376953,72.58000183105469,73.4000015258789,73.6500015258789,385700.0,56.42332077026367
2006-05-22,73.83000183105469,72.29000091552734,73.4000015258789,73.37000274658203,339900.0,56.20882034301758
2006-05-23,74.76000213623047,73.54000091552734,73.83999633789062,73.9000015258789,475600.0,56.61486053466797
2006-05-24,74.5,71.44999694824219,73.5,71.75,1178500.0,54.96774673461914
2006-05-25,72.58000183105469,71.0,72.0999984741211,71.4000015258789,1021600.0,54.6995964050293
2006-05-26,72.3499984741211,71.4000015258789,71.9000015258789,72.1500015258789,572000.0,55.274166107177734
2006-05-30,72.25,71.51000213623047,72.0,71.51000213623047,385700.0,54.783878326416016
2006-05-31,72.47000122070312,71.38999938964844,71.69999694824219,72.16000366210938,470700.0,55.281837463378906
2006-06-01,73.52999877929688,72.05000305175781,72.05999755859375,73.4800033569336,387400.0,56.29309844970703
2006-06-02,73.7300033569336,72.51000213623047,73.55000305175781,73.5999984741211,382300.0,56.38502883911133
2006-06-05,73.31999969482422,71.93000030517578,73.19999694824219,71.98999786376953,531500.0,55.151588439941406
2006-06-06,72.88999938964844,71.3499984741211,72.08999633789062,71.88999938964844,518600.0,55.07499313354492
2006-06-07,72.33999633789062,70.95999908447266,72.05000305175781,71.0,446400.0,54.393157958984375
2006-06-08,71.27999877929688,68.22000122070312,70.87000274658203,70.6500015258789,781900.0,54.12501525878906
2006-06-09,71.41999816894531,70.6500015258789,70.6500015258789,70.80000305175781,315400.0,54.23994064331055
2006-06-12,71.08999633789062,69.43000030517578,71.0199966430664,69.4800033569336,428200.0,53.22869873046875
2006-06-13,70.19999694824219,68.8499984741211,69.0,69.4000015258789,724400.0,53.167381286621094
2006-06-14,70.0999984741211,68.75,69.19999694824219,70.0999984741211,548300.0,53.70366668701172
2006-06-15,72.0,70.3499984741211,70.3499984741211,71.87999725341797,345800.0,55.06732940673828
2006-06-16,71.93000030517578,70.86000061035156,71.5199966430664,71.20999908447266,425600.0,54.55405807495117
2006-06-19,71.5999984741211,70.43000030517578,71.18000030517578,70.62999725341797,511600.0,54.109703063964844
2006-06-20,71.06999969482422,70.0,70.69999694824219,70.29000091552734,488100.0,53.84922409057617
2006-06-21,71.44999694824219,70.30000305175781,70.30000305175781,70.66999816894531,383800.0,54.140357971191406
2006-06-22,70.9000015258789,70.02999877929688,70.66999816894531,70.5,400200.0,54.010093688964844
2006-06-23,71.72000122070312,69.9000015258789,70.19999694824219,71.25,290200.0,54.584686279296875
2006-06-26,72.4800033569336,71.3499984741211,71.47000122070312,72.22000122070312,290100.0,55.32779312133789
2006-06-27,73.06999969482422,71.94999694824219,72.16999816894531,72.55999755859375,694700.0,55.5882682800293
2006-06-28,73.16999816894531,71.68000030517578,71.68000030517578,72.8499984741211,469600.0,55.81044006347656
2006-06-29,74.41000366210938,72.83999633789062,72.95999908447266,74.33999633789062,484900.0,56.951927185058594
2006-06-30,75.33000183105469,74.25,74.41999816894531,75.2300033569336,465600.0,57.6337776184082
2006-07-03,75.98999786376953,75.20999908447266,75.33999633789062,75.95999908447266,137000.0,58.193016052246094
2006-07-05,75.5,74.31999969482422,75.5,75.2699966430664,505000.0,57.664405822753906
2006-07-06,76.19000244140625,75.12999725341797,75.26000213623047,75.66000366210938,465100.0,57.96318054199219
2006-07-07,75.54000091552734,74.68000030517578,75.41000366210938,75.06999969482422,545500.0,57.51118850708008
2006-07-10,76.20999908447266,74.75,75.08999633789062,75.80000305175781,303500.0,58.070430755615234
2006-07-11,75.88999938964844,74.5999984741211,75.4000015258789,75.7699966430664,414100.0,58.047462463378906
2006-07-12,75.79000091552734,73.68000030517578,75.75,73.94999694824219,982400.0,56.65313720703125
2006-07-13,73.7300033569336,72.30999755859375,73.51000213623047,72.56999969482422,572200.0,55.5959358215332
2006-07-14,73.55000305175781,72.30999755859375,72.31999969482422,73.0,1130100.0,55.92536163330078
2006-07-17,71.22000122070312,62.9900016784668,71.0,63.0,4673200.0,48.26435089111328
2006-07-18,63.380001068115234,60.79999923706055,62.5,61.0,2990100.0,46.73214340209961
2006-07-19,62.29999923706055,60.599998474121094,61.099998474121094,61.47999954223633,1989600.0,47.09986877441406
2006-07-20,62.40999984741211,60.599998474121094,61.70000076293945,60.619998931884766,1316500.0,46.441017150878906
2006-07-21,62.599998474121094,60.709999084472656,61.0,62.599998474121094,2094300.0,47.957923889160156
2006-07-24,63.70000076293945,62.04999923706055,62.79999923706055,62.90999984741211,1555900.0,48.195396423339844
2006-07-25,63.45000076293945,62.619998931884766,63.0,63.02000045776367,628800.0,48.2796745300293
2006-07-26,63.099998474121094,61.61000061035156,62.900001525878906,61.849998474121094,964100.0,47.38333511352539
2006-07-27,62.86000061035156,61.34000015258789,62.04999923706055,61.650001525878906,919600.0,47.23011779785156
2006-07-28,62.4900016784668,61.7400016784668,61.900001525878906,62.08000183105469,551500.0,47.55953598022461
2006-07-31,62.2400016784668,61.439998626708984,61.70000076293945,62.09000015258789,459000.0,47.56719970703125
2006-08-01,62.310001373291016,61.54999923706055,61.97999954223633,61.75,560900.0,47.306724548339844
2006-08-02,62.77000045776367,61.849998474121094,61.900001525878906,62.380001068115234,452000.0,47.78937530517578
2006-08-03,63.540000915527344,62.11000061035156,62.20000076293945,63.04999923706055,517700.0,48.30266189575195
2006-08-04,64.81999969482422,62.79999923706055,64.19999694824219,63.29999923706055,611100.0,48.494178771972656
2006-08-07,63.20000076293945,62.0,63.150001525878906,62.33000183105469,489000.0,47.751068115234375
2006-08-08,62.560001373291016,61.84000015258789,62.380001068115234,62.02000045776367,536700.0,47.51358413696289
2006-08-09,63.16999816894531,61.40999984741211,62.5,61.599998474121094,1021300.0,47.19179916381836
2006-08-10,61.33000183105469,60.77000045776367,61.11000061035156,61.119998931884766,774500.0,47.04556655883789
2006-08-11,61.25,60.75,61.06999969482422,61.09000015258789,569700.0,47.0224723815918
2006-08-14,62.2400016784668,61.15999984741211,61.5,61.25,533500.0,47.1456298828125
2006-08-15,63.0,61.16999816894531,61.5,63.0,994300.0,48.49264907836914
2006-08-16,64.80000305175781,62.970001220703125,63.04999923706055,64.08000183105469,723500.0,49.323944091796875
2006-08-17,64.63999938964844,63.630001068115234,64.06999969482422,63.900001525878906,433400.0,49.18539047241211
2006-08-18,64.47000122070312,63.04999923706055,64.0199966430664,63.470001220703125,426600.0,48.85441207885742
2006-08-21,63.220001220703125,62.77000045776367,63.220001220703125,63.0,378100.0,48.49264907836914
2006-08-22,63.36000061035156,62.81999969482422,62.900001525878906,62.91999816894531,547600.0,48.43106460571289
2006-08-23,63.54999923706055,62.90999984741211,63.099998474121094,63.29999923706055,349300.0,48.72356414794922
2006-08-24,64.05999755859375,63.0,63.54999923706055,63.56999969482422,535500.0,48.9313850402832
2006-08-25,64.20999908447266,63.38999938964844,63.38999938964844,64.08000183105469,487300.0,49.323944091796875
2006-08-28,65.30999755859375,64.0,64.05000305175781,65.19999694824219,636900.0,50.18604278564453
2006-08-29,66.12999725341797,65.05000305175781,65.4800033569336,65.8499984741211,906900.0,50.68635177612305
2006-08-30,66.30000305175781,65.66000366210938,66.0,66.11000061035156,648300.0,50.88649368286133
2006-08-31,66.8499984741211,65.83999633789062,66.30000305175781,66.80000305175781,479800.0,51.417598724365234
2006-09-01,67.62000274658203,66.72000122070312,67.5199966430664,66.87999725341797,589700.0,51.47917556762695
2006-09-05,67.16000366210938,66.68000030517578,66.93000030517578,66.75,545200.0,51.379112243652344
2006-09-06,66.6500015258789,65.13999938964844,66.63999938964844,65.4000015258789,911000.0,50.33998489379883
2006-09-07,65.18000030517578,63.810001373291016,64.5999984741211,64.75,722200.0,49.83966827392578
2006-09-08,65.1500015258789,64.69999694824219,64.8499984741211,64.91000366210938,241600.0,49.96281051635742
2006-09-11,65.19000244140625,64.44999694824219,64.80000305175781,64.73999786376953,495700.0,49.83196258544922
2006-09-12,65.68000030517578,64.93000030517578,64.98999786376953,65.58999633789062,695500.0,50.486236572265625
2006-09-13,66.87999725341797,65.37999725341797,65.55000305175781,66.43000030517578,386700.0,51.132816314697266
2006-09-14,66.83000183105469,66.19999694824219,66.4000015258789,66.7699966430664,530600.0,51.394508361816406
2006-09-15,68.94999694824219,67.08000183105469,67.08000183105469,68.48999786376953,1008300.0,52.71842575073242
2006-09-18,69.25,67.56999969482422,69.23999786376953,68.20999908447266,746600.0,52.50291061401367
2006-09-19,71.33999633789062,68.70999908447266,70.56999969482422,69.29000091552734,1584900.0,53.3342170715332
2006-09-20,69.69999694824219,69.02999877929688,69.29000091552734,69.6500015258789,752500.0,53.6113166809082
2006-09-21,69.9000015258789,68.30000305175781,69.68000030517578,68.61000061035156,664100.0,52.810794830322266
2006-09-22,68.80000305175781,68.08999633789062,68.6500015258789,68.31999969482422,285800.0,52.58757781982422
2006-09-25,68.94999694824219,67.16999816894531,68.4000015258789,68.75,878400.0,52.918575286865234
2006-09-26,69.02999877929688,67.77999877929688,68.5,67.93000030517578,1102700.0,52.28738021850586
2006-09-27,68.54000091552734,67.41000366210938,67.52999877929688,68.26000213623047,767200.0,52.54140090942383
2006-09-28,68.6500015258789,67.3499984741211,68.44999694824219,67.9800033569336,632500.0,52.32587432861328
2006-09-29,68.0999984741211,66.87000274658203,68.06999969482422,67.0199966430664,596000.0,51.586936950683594
2006-10-02,67.25,65.86000061035156,67.25,66.44000244140625,1051600.0,51.14051055908203
2006-10-03,67.33000183105469,66.0,66.19999694824219,67.0,539200.0,51.571537017822266
2006-10-04,67.87999725341797,66.66000366210938,66.97000122070312,67.87999725341797,426100.0,52.2489013671875
2006-10-05,68.69999694824219,67.79000091552734,67.80000305175781,68.66000366210938,370600.0,52.84928512573242
2006-10-06,68.63999938964844,67.97000122070312,68.5199966430664,68.62000274658203,450000.0,52.818485260009766
2006-10-09,68.6500015258789,67.72000122070312,68.4000015258789,68.31999969482422,377800.0,52.58757781982422
2006-10-10,69.20999908447266,68.05000305175781,68.25,68.87999725341797,461300.0,53.01860046386719
2006-10-11,68.98999786376953,68.06999969482422,68.06999969482422,68.91999816894531,424500.0,53.04942321777344
2006-10-12,69.7300033569336,69.01000213623047,69.22000122070312,69.69000244140625,410200.0,53.64210891723633
2006-10-13,71.25,69.37000274658203,69.37000274658203,70.5199966430664,983100.0,54.280967712402344
2006-10-16,74.83999633789062,69.80000305175781,69.88999938964844,72.69999694824219,2531600.0,55.95895004272461
2006-10-17,72.80000305175781,71.93000030517578,72.1500015258789,72.36000061035156,938000.0,55.6972541809082
2006-10-18,74.19999694824219,72.72000122070312,73.0,72.88999938964844,1453700.0,56.10520935058594
2006-10-19,73.1500015258789,72.12999725341797,72.80000305175781,72.30000305175781,811600.0,55.651092529296875
2006-10-20,72.30999755859375,71.11000061035156,72.25,71.62999725341797,697000.0,55.13536071777344
2006-10-23,73.26000213623047,71.5,71.5,72.08999633789062,665500.0,55.48942565917969
2006-10-24,73.0999984741211,72.0,72.08999633789062,73.0999984741211,759400.0,56.26686477661133
2006-10-25,73.44999694824219,72.44999694824219,73.22000122070312,72.9000015258789,434100.0,56.11293411254883
2006-10-26,73.88999938964844,72.76000213623047,73.06999969482422,73.33000183105469,567700.0,56.44388961791992
2006-10-27,74.0,72.73999786376953,73.0999984741211,72.83999633789062,609600.0,56.06671905517578
2006-10-30,73.19000244140625,72.16000366210938,72.37999725341797,72.66999816894531,486100.0,55.93589782714844
2006-10-31,73.37000274658203,72.1500015258789,72.9000015258789,72.77999877929688,534900.0,56.02055740356445
2006-11-01,73.70999908447266,72.7699966430664,72.88999938964844,72.81999969482422,634000.0,56.05134201049805
2006-11-02,72.61000061035156,71.79000091552734,72.3499984741211,72.30000305175781,561400.0,55.651092529296875
2006-11-03,72.25,70.41000366210938,71.75,71.2699966430664,1101100.0,54.858272552490234
2006-11-06,71.5,71.0,71.4000015258789,71.33000183105469,723100.0,54.90446090698242
2006-11-07,72.26000213623047,71.4000015258789,71.4000015258789,71.8499984741211,522300.0,55.304691314697266
2006-11-08,72.72000122070312,71.4000015258789,71.4000015258789,72.62000274658203,515700.0,55.89739227294922
2006-11-09,72.47000122070312,70.27999877929688,71.7699966430664,70.41999816894531,1395300.0,54.42133331298828
2006-11-10,70.69000244140625,68.4000015258789,68.5999984741211,70.5,1318400.0,54.4831428527832
2006-11-13,71.0199966430664,70.36000061035156,70.44999694824219,70.80000305175781,486600.0,54.71499252319336
2006-11-14,71.36000061035156,70.47000122070312,70.80000305175781,71.08000183105469,651100.0,54.931392669677734
2006-11-15,75.9000015258789,70.98999786376953,71.0,73.56999969482422,1757900.0,56.855682373046875
2006-11-16,74.41000366210938,73.44999694824219,73.69999694824219,73.94999694824219,598500.0,57.14933776855469
2006-11-17,74.05999755859375,73.33000183105469,73.98999786376953,73.69999694824219,484000.0,56.956138610839844
2006-11-20,73.75,73.0,73.4000015258789,73.13999938964844,346000.0,56.52335739135742
2006-11-21,73.58000183105469,73.01000213623047,73.0999984741211,73.37000274658203,537100.0,56.70112228393555
2006-11-22,73.87000274658203,73.04000091552734,73.36000061035156,73.41000366210938,521700.0,56.73203659057617
2006-11-24,73.62999725341797,73.02999877929688,73.1500015258789,73.30000305175781,129300.0,56.647037506103516
2006-11-27,73.72000122070312,72.12000274658203,73.05000305175781,72.19000244140625,702700.0,55.789215087890625
2006-11-28,72.5,71.55999755859375,72.25,72.05000305175781,436600.0,55.680999755859375
2006-11-29,72.62999725341797,72.0,72.23999786376953,72.41999816894531,237000.0,55.96695327758789
2006-11-30,72.81999969482422,71.8499984741211,72.75,72.36000061035156,510400.0,55.920570373535156
2006-12-01,72.56999969482422,71.36000061035156,72.4000015258789,71.9000015258789,449800.0,55.56507873535156
2006-12-04,72.94000244140625,71.30999755859375,71.9000015258789,72.56999969482422,468000.0,56.08286666870117
2006-12-05,72.52999877929688,71.87000274658203,72.5,72.37000274658203,532800.0,55.92829895019531
2006-12-06,73.66000366210938,72.4000015258789,72.41999816894531,73.58000183105469,542700.0,56.8634033203125
2006-12-07,74.13999938964844,73.22000122070312,73.95999908447266,73.37999725341797,460000.0,56.708839416503906
2006-12-08,74.41999816894531,72.8499984741211,73.33999633789062,74.12000274658203,559700.0,57.280723571777344
2006-12-11,73.76000213623047,71.94999694824219,73.75,72.12000274658203,598200.0,55.735103607177734
2006-12-12,72.94000244140625,71.95999908447266,72.16999816894531,72.63999938964844,441900.0,56.13697052001953
2006-12-13,72.88999938964844,71.73999786376953,72.87999725341797,72.0,354900.0,55.642372131347656
2006-12-14,73.08999633789062,72.0,72.41999816894531,72.44999694824219,338900.0,55.99013137817383
2006-12-15,72.37999725341797,70.79000091552734,72.37999725341797,71.0,901900.0,54.869564056396484
2006-12-18,72.0199966430664,71.05000305175781,71.0999984741211,71.2699966430664,682400.0,55.07822036743164
2006-12-19,71.27999877929688,70.37999725341797,71.0,71.16000366210938,673200.0,54.99321746826172
2006-12-20,71.80000305175781,71.0999984741211,71.0999984741211,71.51000213623047,360100.0,55.26370620727539
2006-12-21,71.80999755859375,70.9800033569336,71.80999755859375,70.9800033569336,555100.0,54.8541145324707
2006-12-22,71.16999816894531,69.68000030517578,71.1500015258789,70.0,606900.0,54.09674835205078
2006-12-26,70.04000091552734,69.68000030517578,69.80000305175781,69.94999694824219,348200.0,54.05810546875
2006-12-27,70.98999786376953,69.94000244140625,70.0,70.80999755859375,373400.0,54.72273635864258
2006-12-28,71.47000122070312,70.12999725341797,70.69999694824219,70.4000015258789,350900.0,54.40586471557617
2006-12-29,70.38999938964844,69.83999633789062,70.37000274658203,69.94000244140625,267600.0,54.05036163330078
2007-01-03,71.66999816894531,70.37000274658203,70.5,71.0,706000.0,54.869564056396484
2007-01-04,71.18000030517578,70.25,71.0,70.77999877929688,452100.0,54.69955062866211
2007-01-05,70.79000091552734,68.91999816894531,70.5999984741211,69.33999633789062,583000.0,53.58668899536133
2007-01-08,70.33999633789062,68.7699966430664,69.33999633789062,70.0199966430664,365600.0,54.11220169067383
2007-01-09,70.2300033569336,69.52999877929688,70.0199966430664,70.06999969482422,281300.0,54.15082550048828
2007-01-10,70.6500015258789,69.56999969482422,69.7699966430664,70.55999755859375,403200.0,54.5295295715332
2007-01-11,71.3499984741211,70.51000213623047,70.56999969482422,71.3499984741211,314100.0,55.14004135131836
2007-01-12,71.88999938964844,71.0999984741211,71.38999938964844,71.76000213623047,290800.0,55.45688247680664
2007-01-16,71.80000305175781,71.29000091552734,71.5999984741211,71.7300033569336,155800.0,55.4337043762207
2007-01-17,72.36000061035156,71.62999725341797,71.80000305175781,72.08999633789062,407500.0,55.711910247802734
2007-01-18,72.30000305175781,70.51000213623047,72.30000305175781,70.9000015258789,724300.0,54.79227066040039
2007-01-19,71.66000366210938,71.0,71.0199966430664,71.31999969482422,379300.0,55.11683654785156
2007-01-22,71.4000015258789,70.91999816894531,71.31999969482422,71.12000274658203,373600.0,54.9622802734375
2007-01-23,72.25,71.0,71.12999725341797,71.80000305175781,290200.0,55.4878044128418
2007-01-24,72.47000122070312,71.25,71.7300033569336,72.41999816894531,402900.0,55.96695327758789
2007-01-25,72.5999984741211,71.63999938964844,72.41999816894531,71.98999786376953,666300.0,55.63463592529297
2007-01-26,74.76000213623047,72.26000213623047,72.4000015258789,72.7300033569336,965800.0,56.206520080566406
2007-01-29,77.25,74.0,74.6500015258789,76.5999984741211,1336800.0,59.19729232788086
2007-01-30,76.94999694824219,75.7699966430664,75.7699966430664,76.4800033569336,791900.0,59.10454559326172
2007-01-31,77.87000274658203,75.81999969482422,76.22000122070312,77.6500015258789,672700.0,60.008731842041016
2007-02-01,78.0,76.87999725341797,77.5999984741211,77.5999984741211,881100.0,59.97010040283203
2007-02-02,77.66999816894531,76.91000366210938,77.0,77.5,402000.0,59.8928337097168
2007-02-05,79.18000030517578,77.41999816894531,77.75,78.56999969482422,932000.0,60.719722747802734
2007-02-06,78.73999786376953,77.80999755859375,78.69999694824219,78.61000061035156,677600.0,60.75065231323242
2007-02-07,78.87999725341797,78.41999816894531,78.54000091552734,78.69000244140625,516000.0,60.81245803833008
2007-02-08,78.4000015258789,77.19999694824219,78.4000015258789,77.94999694824219,760500.0,60.463443756103516
2007-02-09,78.37999725341797,77.98999786376953,78.0999984741211,78.16999816894531,845800.0,60.63406753540039
2007-02-12,78.2300033569336,77.11000061035156,77.69999694824219,77.5999984741211,957600.0,60.19192886352539
2007-02-13,78.9000015258789,77.8499984741211,77.9000015258789,78.51000213623047,593200.0,60.897789001464844
2007-02-14,79.1500015258789,78.5,78.91000366210938,78.9000015258789,599700.0,61.20029830932617
2007-02-15,79.36000061035156,79.0,79.30000305175781,79.20999908447266,391500.0,61.44076156616211
2007-02-16,78.98999786376953,78.0999984741211,78.98999786376953,78.7300033569336,247500.0,61.06842803955078
2007-02-20,80.0,78.73999786376953,79.25,79.94999694824219,634900.0,62.014747619628906
2007-02-21,80.3499984741211,79.30000305175781,79.80000305175781,80.31999969482422,404800.0,62.301753997802734
2007-02-22,80.37000274658203,79.6500015258789,80.06999969482422,80.37000274658203,290800.0,62.3405647277832
2007-02-23,80.05999755859375,79.72000122070312,79.94999694824219,79.9800033569336,291600.0,62.038028717041016
2007-02-26,80.23999786376953,79.41000366210938,79.98999786376953,79.56999969482422,352700.0,61.720008850097656
2007-02-27,79.08000183105469,76.55999755859375,78.75,76.94999694824219,929800.0,59.68776321411133
2007-02-28,77.80000305175781,76.27999877929688,76.73999786376953,77.29000091552734,622000.0,59.95145034790039
2007-03-01,77.62000274658203,76.3499984741211,76.77999877929688,77.04000091552734,587400.0,59.7575569152832
2007-03-02,77.25,75.6500015258789,77.04000091552734,75.76000213623047,543400.0,58.764705657958984
2007-03-05,75.4800033569336,74.30000305175781,75.2300033569336,74.30000305175781,575500.0,57.632240295410156
2007-03-06,75.2699966430664,74.0,74.5999984741211,75.06999969482422,481500.0,58.22949981689453
2007-03-07,75.88999938964844,74.83999633789062,74.88999938964844,75.4000015258789,333100.0,58.48546600341797
2007-03-08,76.38999938964844,75.80000305175781,75.88999938964844,76.25,360300.0,59.144813537597656
2007-03-09,76.83000183105469,75.95999908447266,76.5,76.58000183105469,296900.0,59.40077209472656
2007-03-12,77.18000030517578,75.87999725341797,76.54000091552734,76.62000274658203,507500.0,59.43179702758789
2007-03-13,76.30999755859375,75.1500015258789,76.25,75.25,524600.0,58.36912536621094
2007-03-14,75.80000305175781,73.31999969482422,75.26000213623047,74.83999633789062,869200.0,58.05108642578125
2007-03-15,75.55000305175781,74.5999984741211,74.86000061035156,75.11000061035156,490800.0,58.260501861572266
2007-03-16,76.08999633789062,74.80999755859375,75.68000030517578,75.26000213623047,584600.0,58.37687301635742
2007-03-19,76.5,75.4000015258789,75.4000015258789,75.94999694824219,243400.0,58.91206359863281
2007-03-20,76.5,75.9000015258789,75.9000015258789,76.19999694824219,190400.0,59.10599899291992
2007-03-21,77.55999755859375,75.9000015258789,76.13999938964844,77.47000122070312,298700.0,60.09109878540039
2007-03-22,78.54000091552734,77.52999877929688,77.52999877929688,78.01000213623047,580700.0,60.50996017456055
2007-03-23,78.83999633789062,78.0,78.06999969482422,78.70999908447266,304100.0,61.05292510986328
2007-03-26,78.44999694824219,76.6500015258789,78.3499984741211,77.70999908447266,454400.0,60.27727127075195
2007-03-27,77.5,76.66000366210938,77.5,77.05000305175781,158800.0,59.76532745361328
2007-03-28,76.97000122070312,75.94999694824219,76.80000305175781,76.20999908447266,307000.0,59.11376953125
2007-03-29,76.7300033569336,76.13999938964844,76.45999908447266,76.62000274658203,246700.0,59.43179702758789
2007-03-30,77.87999725341797,76.48999786376953,76.55000305175781,77.23999786376953,591600.0,59.91269302368164
2007-04-02,77.25,76.22000122070312,77.0999984741211,76.38999938964844,420600.0,59.25337600708008
2007-04-03,77.11000061035156,76.0,76.44000244140625,77.08000183105469,508900.0,59.788604736328125
2007-04-04,77.22000122070312,76.45999908447266,77.16000366210938,77.02999877929688,272900.0,59.74979019165039
2007-04-05,77.69999694824219,76.6500015258789,76.95999908447266,77.51000213623047,245500.0,60.12213134765625
2007-04-09,78.44999694824219,76.77999877929688,77.51000213623047,77.41999816894531,405800.0,60.052330017089844
2007-04-10,77.9000015258789,77.25,77.25,77.58000183105469,227300.0,60.176429748535156
2007-04-11,77.44000244140625,76.4000015258789,77.41999816894531,77.0,596900.0,59.72654342651367
2007-04-12,78.33000183105469,76.69999694824219,77.05000305175781,78.19000244140625,389100.0,60.649559020996094
2007-04-13,79.75,78.05000305175781,78.2699966430664,79.52999877929688,1004500.0,61.688995361328125
2007-04-16,83.98999786376953,81.0,81.0,81.58999633789062,1564100.0,63.28687286376953
2007-04-17,82.25,80.69000244140625,81.33999633789062,82.0999984741211,676300.0,63.68246078491211
2007-04-18,83.08000183105469,81.30999755859375,82.0,82.69999694824219,918100.0,64.1478500366211
2007-04-19,82.38999938964844,81.0,81.76000213623047,82.02999877929688,818100.0,63.62813949584961
2007-04-20,83.19000244140625,82.41000366210938,82.44999694824219,82.9800033569336,946000.0,64.36504364013672
2007-04-23,84.0999984741211,82.81999969482422,83.0,83.9000015258789,598200.0,65.07865905761719
2007-04-24,83.69999694824219,83.0,83.4000015258789,83.08000183105469,443300.0,64.44261169433594
2007-04-25,84.25,82.94999694824219,83.1500015258789,84.0199966430664,476500.0,65.17174530029297
2007-04-26,84.27999877929688,83.58000183105469,84.02999877929688,84.0199966430664,350100.0,65.17174530029297
2007-04-27,84.20999908447266,83.26000213623047,83.9000015258789,83.8499984741211,324600.0,65.03988647460938
2007-04-30,83.8499984741211,82.5999984741211,83.16000366210938,82.62000274658203,560600.0,64.08580017089844
2007-05-01,83.83000183105469,82.5,82.62000274658203,83.58000183105469,610500.0,64.83042907714844
2007-05-02,84.94999694824219,83.4000015258789,83.55000305175781,84.45999908447266,496500.0,65.51305389404297
2007-05-03,84.80000305175781,84.20999908447266,84.4000015258789,84.31999969482422,389200.0,65.40443420410156
2007-05-04,84.88999938964844,83.7300033569336,84.5,84.08000183105469,626700.0,65.21826171875
2007-05-07,84.3499984741211,83.12999725341797,84.08000183105469,83.30000305175781,800100.0,64.61325073242188
2007-05-08,84.38999938964844,83.0,83.1500015258789,84.18000030517578,789800.0,65.29586029052734
2007-05-09,84.5999984741211,83.61000061035156,84.0,84.5,543200.0,65.54405212402344
2007-05-10,84.0,83.41000366210938,83.9000015258789,83.62000274658203,511500.0,65.1312255859375
2007-05-11,84.58000183105469,83.54000091552734,83.76000213623047,84.58000183105469,347900.0,65.87896728515625
2007-05-14,84.80000305175781,84.1500015258789,84.55000305175781,84.44999694824219,256100.0,65.7777099609375
2007-05-15,85.0,83.9000015258789,84.69999694824219,84.04000091552734,335500.0,65.45834350585938
2007-05-16,84.0999984741211,83.36000061035156,84.0,83.9000015258789,318700.0,65.34933471679688
2007-05-17,83.87000274658203,83.30999755859375,83.87000274658203,83.61000061035156,453500.0,65.1234359741211
2007-05-18,85.05000305175781,83.63999938964844,83.98999786376953,84.77999877929688,395700.0,66.0347671508789
2007-05-21,85.69999694824219,84.80000305175781,84.87999725341797,85.4000015258789,638200.0,66.5176773071289
2007-05-22,86.0,85.16000366210938,85.25,85.81999969482422,216900.0,66.84481048583984
2007-05-23,86.4000015258789,85.5999984741211,85.8499984741211,86.13999938964844,494300.0,67.09405517578125
2007-05-24,86.97000122070312,84.58999633789062,86.16000366210938,84.80999755859375,432800.0,66.0581283569336
2007-05-25,85.91000366210938,84.62999725341797,84.97000122070312,85.63999938964844,228300.0,66.70457458496094
2007-05-29,86.0,85.5,85.80000305175781,85.88999938964844,277400.0,66.8993148803711
2007-05-30,87.25,85.37000274658203,85.5999984741211,87.25,478400.0,67.95862579345703
2007-05-31,88.05000305175781,86.80000305175781,87.26000213623047,88.05000305175781,388900.0,68.58174133300781
2007-06-01,89.0999984741211,88.04000091552734,88.05000305175781,88.69999694824219,579900.0,69.08802795410156
2007-06-04,88.58000183105469,86.91000366210938,88.30000305175781,88.2300033569336,513500.0,68.7219467163086
2007-06-05,88.23999786376953,87.5,87.75,87.69999694824219,482200.0,68.30912017822266
2007-06-06,87.54000091552734,86.6500015258789,87.54000091552734,86.83000183105469,474900.0,67.6314926147461
2007-06-07,88.06999969482422,85.13999938964844,87.76000213623047,85.1500015258789,663300.0,66.32293701171875
2007-06-08,86.12000274658203,85.1500015258789,85.16000366210938,85.94999694824219,635600.0,66.94608306884766
2007-06-11,87.36000061035156,85.52999877929688,85.94000244140625,86.73999786376953,403500.0,67.56139373779297
2007-06-12,88.0199966430664,86.01000213623047,86.58000183105469,87.04000091552734,581100.0,67.7950668334961
2007-06-13,90.30000305175781,87.62000274658203,87.62000274658203,89.48999786376953,1116300.0,69.70335388183594
2007-06-14,89.7699966430664,88.98999786376953,89.19999694824219,89.5999984741211,553800.0,69.78904724121094
2007-06-15,90.5999984741211,89.58999633789062,90.4800033569336,89.7300033569336,849200.0,69.8902816772461
2007-06-18,91.33999633789062,90.05000305175781,90.05000305175781,90.80000305175781,401700.0,70.72370147705078
2007-06-19,91.4800033569336,89.94000244140625,90.51000213623047,90.91999816894531,664700.0,70.81716918945312
2007-06-20,92.25,90.68000030517578,91.0999984741211,90.68000030517578,1144400.0,70.6302261352539
2007-06-21,92.70999908447266,90.69999694824219,90.76000213623047,92.54000091552734,775400.0,72.07899475097656
2007-06-22,92.48999786376953,91.25,92.12000274658203,91.94000244140625,1015400.0,71.61163330078125
2007-06-25,93.4800033569336,91.9000015258789,92.08999633789062,93.25,1862800.0,72.63201141357422
2007-06-26,94.75,92.62999725341797,93.36000061035156,93.19000244140625,1742400.0,72.58525848388672
2007-06-27,93.44000244140625,91.23999786376953,92.25,93.33999633789062,644000.0,72.70208740234375
2007-06-28,93.66999816894531,92.69000244140625,93.33999633789062,92.93000030517578,398900.0,72.38275909423828
2007-06-29,93.94000244140625,92.75,93.4000015258789,93.05000305175781,466000.0,72.47624206542969
2007-07-02,94.38999938964844,93.16000366210938,93.5,94.26000213623047,315900.0,73.41867065429688
2007-07-03,94.72000122070312,93.12999725341797,94.44999694824219,93.23999786376953,405200.0,72.62419891357422
2007-07-05,93.80999755859375,92.83000183105469,93.23999786376953,93.69000244140625,482300.0,72.97470092773438
2007-07-06,94.54000091552734,93.31999969482422,94.18000030517578,94.20999908447266,468100.0,73.37974548339844
2007-07-09,95.0,93.98999786376953,94.20999908447266,95.0,578300.0,73.99507141113281
2007-07-10,94.69999694824219,92.87000274658203,94.69999694824219,92.87000274658203,596300.0,72.3360366821289
2007-07-11,94.08999633789062,92.45999908447266,92.9000015258789,94.08999633789062,357500.0,73.28627014160156
2007-07-12,96.7699966430664,94.08999633789062,94.41000366210938,96.7699966430664,803800.0,75.37371063232422
2007-07-13,98.5999984741211,95.41999816894531,95.41999816894531,98.44999694824219,1161600.0,76.6822509765625
2007-07-16,97.56999969482422,93.0999984741211,97.5,94.33000183105469,1682700.0,73.47321319580078
2007-07-17,95.94000244140625,94.22000122070312,94.62999725341797,95.4000015258789,934100.0,74.30663299560547
2007-07-18,95.44000244140625,94.25,95.0,95.33999633789062,687500.0,74.25989532470703
2007-07-19,95.70999908447266,94.55000305175781,95.70999908447266,94.9800033569336,587200.0,73.9794921875
2007-07-20,94.98999786376953,92.68000030517578,94.93000030517578,93.19999694824219,732800.0,72.59304809570312
2007-07-23,94.76000213623047,92.7699966430664,93.80000305175781,92.93000030517578,607800.0,72.38275909423828
2007-07-24,93.51000213623047,90.80999755859375,93.51000213623047,91.16999816894531,885200.0,71.01190185546875
2007-07-25,91.91999816894531,89.56999969482422,91.37999725341797,90.55000305175781,701700.0,70.52898406982422
2007-07-26,90.36000061035156,87.36000061035156,90.0,88.45999908447266,738800.0,68.90111541748047
2007-07-27,88.66999816894531,86.8499984741211,88.08000183105469,86.86000061035156,954600.0,67.65486907958984
2007-07-30,88.87000274658203,86.5,86.69000244140625,88.55000305175781,603100.0,68.97119903564453
2007-07-31,89.68000030517578,87.36000061035156,89.19999694824219,87.36000061035156,553600.0,68.04428100585938
2007-08-01,87.94999694824219,86.2699966430664,86.97000122070312,87.61000061035156,684200.0,68.23902130126953
2007-08-02,87.97000122070312,86.36000061035156,87.66000366210938,87.72000122070312,558000.0,68.32472229003906
2007-08-03,88.16000366210938,85.5999984741211,88.16000366210938,85.5999984741211,855200.0,66.67343139648438
2007-08-06,86.70999908447266,85.08999633789062,85.94000244140625,86.70999908447266,491000.0,67.53800964355469
2007-08-07,87.2300033569336,85.30999755859375,86.19999694824219,86.8499984741211,634600.0,67.64706420898438
2007-08-08,87.61000061035156,85.69999694824219,87.0999984741211,87.08000183105469,972400.0,67.82620239257812
2007-08-09,86.80999755859375,84.05000305175781,85.80000305175781,84.61000061035156,1278300.0,66.16829681396484
2007-08-10,86.91999816894531,83.30000305175781,84.44999694824219,86.37999725341797,826700.0,67.55250549316406
2007-08-13,88.25,86.05000305175781,86.9000015258789,86.3499984741211,678400.0,67.52904510498047
2007-08-14,86.94999694824219,83.08999633789062,86.68000030517578,83.45999908447266,512300.0,65.26897430419922
2007-08-15,84.4000015258789,81.70999908447266,83.2699966430664,81.94000244140625,306600.0,64.08024597167969
2007-08-16,81.7699966430664,79.37999725341797,81.18000030517578,81.7699966430664,687100.0,63.94731903076172
2007-08-17,85.5999984741211,82.87999725341797,84.36000061035156,84.6500015258789,553200.0,66.19959259033203
2007-08-20,86.36000061035156,84.69999694824219,84.70999908447266,85.86000061035156,467400.0,67.1458511352539
2007-08-21,88.70999908447266,85.72000122070312,86.19999694824219,87.44999694824219,689500.0,68.38927459716797
2007-08-22,89.80999755859375,87.93000030517578,88.36000061035156,89.38999938964844,555900.0,69.90644836425781
2007-08-23,90.0,88.26000213623047,90.0,88.7300033569336,583000.0,69.39028930664062
2007-08-24,90.80000305175781,87.91999816894531,88.4000015258789,90.66000366210938,642700.0,70.89962005615234
2007-08-27,92.33000183105469,90.5,90.5999984741211,91.05000305175781,517800.0,71.20462036132812
2007-08-28,90.48999786376953,87.13999938964844,90.19000244140625,87.13999938964844,618500.0,68.1468734741211
2007-08-29,90.11000061035156,87.62000274658203,87.75,90.08999633789062,487900.0,70.4538803100586
2007-08-30,90.48999786376953,88.7699966430664,88.97000122070312,89.93000030517578,406200.0,70.32876586914062
2007-08-31,92.23999786376953,90.5,91.08999633789062,91.61000061035156,412000.0,71.64257049560547
2007-09-04,92.83999633789062,90.66000366210938,91.08000183105469,92.05000305175781,401600.0,71.98664093017578
2007-09-05,91.61000061035156,89.68000030517578,91.47000122070312,90.08000183105469,370600.0,70.44603729248047
2007-09-06,91.2699966430664,89.5199966430664,90.11000061035156,90.8499984741211,382300.0,71.04821014404297
2007-09-07,89.94999694824219,87.66000366210938,89.94999694824219,88.0999984741211,575900.0,68.8976058959961
2007-09-10,89.4800033569336,86.33999633789062,88.0,88.51000213623047,657100.0,69.21820831298828
2007-09-11,88.80999755859375,86.66999816894531,88.36000061035156,87.06999969482422,1245400.0,68.09212493896484
2007-09-12,87.70999908447266,86.0199966430664,86.98999786376953,86.76000213623047,637900.0,67.84969329833984
2007-09-13,87.44000244140625,85.58999633789062,86.80999755859375,86.55000305175781,836900.0,67.6854248046875
2007-09-14,87.6500015258789,85.61000061035156,85.66999816894531,87.33000183105469,771700.0,68.29546356201172
2007-09-17,87.7300033569336,85.94999694824219,87.33999633789062,86.41999816894531,703500.0,67.58378601074219
2007-09-18,89.75,86.69000244140625,87.08000183105469,89.69000244140625,800500.0,70.14105224609375
2007-09-19,92.41999816894531,89.75,89.9800033569336,91.0,644200.0,71.16554260253906
2007-09-20,91.55000305175781,90.06999969482422,91.08999633789062,90.69000244140625,842900.0,70.92311096191406
2007-09-21,92.13999938964844,90.69000244140625,91.6500015258789,91.0999984741211,449400.0,71.24372100830078
2007-09-24,91.9800033569336,90.5199966430664,91.08000183105469,90.70999908447266,359200.0,70.9386978149414
2007-09-25,90.56999969482422,89.38999938964844,90.0,90.37999725341797,382600.0,70.6806411743164
2007-09-26,91.37000274658203,90.30999755859375,90.70999908447266,91.30000305175781,350900.0,71.40015411376953
2007-09-27,92.0,91.01000213623047,91.81999969482422,91.41000366210938,471200.0,71.48616790771484
2007-09-28,92.5,90.97000122070312,91.52999877929688,91.19000244140625,623500.0,71.31411743164062
2007-10-01,93.61000061035156,91.44999694824219,91.44999694824219,93.45999908447266,620600.0,73.08934020996094
2007-10-02,93.87999725341797,91.68000030517578,93.6500015258789,92.76000213623047,400400.0,72.54190826416016
2007-10-03,92.51000213623047,90.80000305175781,92.44999694824219,91.05000305175781,502100.0,71.20462036132812
2007-10-04,92.12000274658203,90.30999755859375,91.43000030517578,91.98999786376953,301300.0,71.93973541259766
2007-10-05,94.94999694824219,91.70999908447266,93.33999633789062,94.3499984741211,679800.0,73.78534698486328
2007-10-08,94.94999694824219,93.69999694824219,94.0,94.12000274658203,204400.0,73.60546875
2007-10-09,95.0,94.12000274658203,94.7300033569336,94.80000305175781,367700.0,74.13726806640625
2007-10-10,94.91000366210938,93.47000122070312,94.72000122070312,94.05000305175781,324000.0,73.5507583618164
2007-10-11,94.27999877929688,92.26000213623047,94.22000122070312,92.70999908447266,710900.0,72.5027847290039
2007-10-12,94.54000091552734,91.5999984741211,93.05000305175781,94.22000122070312,714500.0,73.6836929321289
2007-10-15,96.0,92.01000213623047,95.0,93.75,1239800.0,73.31612396240234
2007-10-16,95.37000274658203,92.83999633789062,94.0,93.58999633789062,776100.0,73.19100189208984
2007-10-17,94.66000366210938,91.83000183105469,94.41999816894531,92.70999908447266,639900.0,72.5027847290039
2007-10-18,92.66999816894531,90.33999633789062,92.4800033569336,90.69999694824219,798700.0,70.93089294433594
2007-10-19,91.25,89.16000366210938,90.37999725341797,89.16000366210938,755400.0,69.7265625
2007-10-22,90.44000244140625,88.5999984741211,88.62000274658203,89.80000305175781,836400.0,70.22708129882812
2007-10-23,90.18000030517578,88.19999694824219,90.0,88.8499984741211,751400.0,69.48417663574219
2007-10-24,89.37999725341797,87.5199966430664,88.8499984741211,89.13999938964844,952000.0,69.7109375
2007-10-25,89.5,87.83000183105469,89.3499984741211,88.88999938964844,627300.0,69.51541137695312
2007-10-26,89.43000030517578,88.52999877929688,89.3499984741211,89.05000305175781,545300.0,69.64057159423828
2007-10-29,89.80000305175781,88.69000244140625,89.27999877929688,88.91999816894531,437400.0,69.53888702392578
2007-10-30,89.13999938964844,87.91000366210938,88.81999969482422,87.91999816894531,699200.0,68.75684356689453
2007-10-31,90.1500015258789,88.48999786376953,88.56999969482422,89.91999816894531,874000.0,70.3209228515625
2007-11-01,89.79000091552734,87.5199966430664,89.79000091552734,87.5199966430664,535200.0,68.44401550292969
2007-11-02,88.73999786376953,86.43000030517578,87.9000015258789,88.18000030517578,591100.0,68.96015167236328
2007-11-05,88.81999969482422,87.0,87.66999816894531,88.18000030517578,696000.0,68.96015167236328
2007-11-06,88.87000274658203,87.37000274658203,88.87000274658203,87.95999908447266,587600.0,68.7881088256836
2007-11-07,87.0,85.58000183105469,87.0,85.69000244140625,1135200.0,67.28060150146484
2007-11-08,87.2699966430664,85.31999969482422,85.95999908447266,86.9000015258789,776800.0,68.23068237304688
2007-11-09,86.55000305175781,85.23999786376953,85.93000030517578,85.29000091552734,480700.0,66.966552734375
2007-11-12,86.33000183105469,84.61000061035156,85.44999694824219,84.62000274658203,476200.0,66.44049072265625
2007-11-13,87.20999908447266,84.5999984741211,85.0,87.20999908447266,834500.0,68.47407531738281
2007-11-14,90.70999908447266,86.37000274658203,87.55999755859375,88.36000061035156,1240400.0,69.3769760131836
2007-11-15,91.56999969482422,88.91000366210938,90.55999755859375,89.19000244140625,1456500.0,70.0286636352539
2007-11-16,91.7300033569336,87.70999908447266,91.7300033569336,88.38999938964844,1024600.0,69.40052795410156
2007-11-19,87.8499984741211,85.69000244140625,87.68000030517578,85.98999786376953,891200.0,67.51615905761719
2007-11-20,87.2699966430664,85.25,85.94000244140625,86.41999816894531,937500.0,67.8537826538086
2007-11-21,85.88999938964844,84.4000015258789,85.6500015258789,84.4000015258789,1075100.0,66.26776885986328
2007-11-23,86.91999816894531,84.58000183105469,85.72000122070312,86.83999633789062,261500.0,68.18356323242188
2007-11-26,88.37999725341797,85.80999755859375,86.66999816894531,85.80999755859375,620800.0,67.37482452392578
2007-11-27,87.37999725341797,85.75,86.08000183105469,86.75,558200.0,68.1128921508789
2007-11-28,89.26000213623047,86.86000061035156,87.4800033569336,89.19999694824219,625700.0,70.03652954101562
2007-11-29,89.41999816894531,88.26000213623047,88.97000122070312,89.0,452500.0,69.8794937133789
2007-11-30,90.72000122070312,88.0,90.4800033569336,88.30000305175781,678600.0,69.32987976074219
2007-12-03,88.5,86.87000274658203,88.2699966430664,86.91999816894531,694100.0,68.24636840820312
2007-12-04,87.44000244140625,86.30000305175781,86.93000030517578,86.6500015258789,752900.0,68.03437805175781
2007-12-05,88.5,87.0999984741211,87.27999877929688,88.25,680300.0,69.2906265258789
2007-12-06,90.33000183105469,88.05000305175781,88.22000122070312,90.1500015258789,571000.0,70.7824478149414
2007-12-07,92.22000122070312,90.5,90.69999694824219,91.29000091552734,1299100.0,71.67755126953125
2007-12-10,92.0,91.2699966430664,91.36000061035156,91.41999816894531,792200.0,71.77957916259766
2007-12-11,93.27999877929688,89.62000274658203,91.41000366210938,89.62000274658203,939900.0,70.36629486083984
2007-12-12,92.08000183105469,89.30000305175781,91.81999969482422,89.95999908447266,862100.0,70.63327026367188
2007-12-13,92.19000244140625,89.27999877929688,89.48999786376953,92.04000091552734,749600.0,72.26639556884766
2007-12-14,91.30000305175781,90.25,90.95999908447266,90.4800033569336,685100.0,71.0415267944336
2007-12-17,90.54000091552734,88.19000244140625,90.54000091552734,88.19000244140625,706200.0,69.2435302734375
2007-12-18,89.06999969482422,87.55000305175781,88.2699966430664,88.80999755859375,683200.0,69.7303237915039
2007-12-19,89.36000061035156,87.7699966430664,89.0,87.80999755859375,664100.0,68.94515991210938
2007-12-20,88.80000305175781,87.23999786376953,88.54000091552734,87.95999908447266,634400.0,69.06291961669922
2007-12-21,90.12999725341797,88.48999786376953,89.0,89.26000213623047,703200.0,70.0836410522461
2007-12-24,90.98999786376953,89.2699966430664,89.54000091552734,90.83000183105469,138200.0,71.31636810302734
2007-12-26,91.05000305175781,90.43000030517578,91.0,90.68000030517578,349500.0,71.19855499267578
2007-12-27,90.93000030517578,89.02999877929688,90.68000030517578,89.0999984741211,361200.0,69.9580078125
2007-12-28,89.91999816894531,88.4000015258789,89.91999816894531,88.54000091552734,332900.0,69.51834869384766
2007-12-31,88.54000091552734,87.37999725341797,88.04000091552734,87.5199966430664,293100.0,68.71744537353516
2008-01-02,87.91999816894531,85.33999633789062,87.16999816894531,85.51000213623047,854000.0,67.1392822265625
2008-01-03,86.37000274658203,85.04000091552734,85.95999908447266,85.18000030517578,772300.0,66.88018798828125
2008-01-04,85.94000244140625,82.47000122070312,85.94000244140625,82.54000091552734,1368200.0,64.80735778808594
2008-01-07,83.0,81.26000213623047,82.68000030517578,82.08999633789062,1064600.0,64.45401000976562
2008-01-08,82.66000366210938,79.91000366210938,82.66000366210938,80.12999725341797,1097800.0,62.915096282958984
2008-01-09,80.47000122070312,78.33999633789062,80.19000244140625,80.13999938964844,1275400.0,62.92295837402344
2008-01-10,80.77999877929688,78.44999694824219,79.31999969482422,79.94000244140625,1889300.0,62.76593017578125
2008-01-11,78.37000274658203,76.52999877929688,77.7699966430664,76.87000274658203,1573200.0,60.355499267578125
2008-01-14,77.93000030517578,76.80000305175781,77.19000244140625,77.44999694824219,532500.0,60.810855865478516
2008-01-15,76.94999694824219,75.41999816894531,76.81999969482422,76.06999969482422,1156000.0,59.727352142333984
2008-01-16,77.93000030517578,75.26000213623047,75.4800033569336,75.62000274658203,1478600.0,59.3740234375
2008-01-17,76.95999908447266,72.93000030517578,75.93000030517578,73.29000091552734,1802100.0,57.54460144042969
2008-01-18,74.44999694824219,71.22000122070312,73.76000213623047,71.87000274658203,1509500.0,56.42967224121094
2008-01-22,76.94999694824219,69.0,70.29000091552734,76.30000305175781,2246500.0,59.90795135498047
2008-01-23,78.44999694824219,73.0199966430664,74.20999908447266,78.22000122070312,1687700.0,61.41545104980469
2008-01-24,82.30000305175781,79.2699966430664,81.0,80.79000091552734,1832600.0,63.43331527709961
2008-01-25,82.0,76.97000122070312,82.0,77.58000183105469,1738500.0,60.91292953491211
2008-01-28,77.54000091552734,75.08000183105469,77.54000091552734,76.66999816894531,1432800.0,60.19843292236328
2008-01-29,77.58999633789062,76.37999725341797,76.66999816894531,77.30000305175781,952800.0,60.693092346191406
2008-01-30,79.8499984741211,76.81999969482422,77.30000305175781,77.80999755859375,626400.0,61.093528747558594
2008-01-31,80.11000061035156,76.0999984741211,76.73999786376953,79.37999725341797,1000500.0,62.32623291015625
2008-02-01,80.80000305175781,79.06999969482422,80.08999633789062,80.3499984741211,752500.0,63.08784866333008
2008-02-04,80.45999908447266,79.55999755859375,80.05999755859375,80.16999816894531,500500.0,62.94649887084961
2008-02-05,79.70999908447266,78.2699966430664,78.45999908447266,79.02999877929688,1125500.0,62.051456451416016
2008-02-06,80.0999984741211,78.58999633789062,79.58000183105469,78.86000061035156,1098900.0,61.9179573059082
2008-02-07,79.41000366210938,77.52999877929688,78.12999725341797,79.08000183105469,858200.0,62.36749267578125
2008-02-08,79.77999877929688,75.5199966430664,79.04000091552734,76.6500015258789,2543700.0,60.45102310180664
2008-02-11,76.70999908447266,74.69999694824219,75.0,76.37000274658203,1703500.0,60.23019790649414
2008-02-12,76.97000122070312,75.20999908447266,76.69000244140625,75.8499984741211,1158400.0,59.82011795043945
2008-02-13,77.68000030517578,76.27999877929688,76.27999877929688,77.41000366210938,892700.0,61.050418853759766
2008-02-14,77.41000366210938,75.05000305175781,77.26000213623047,75.45999908447266,680200.0,59.51253890991211
2008-02-15,75.56999969482422,74.66000366210938,75.37000274658203,75.12000274658203,973900.0,59.2443962097168
2008-02-19,76.0,74.27999877929688,75.91000366210938,74.54000091552734,841700.0,58.78693389892578
2008-02-20,75.16999816894531,73.54000091552734,74.04000091552734,74.91999816894531,1355500.0,59.08665466308594
2008-02-21,75.80999755859375,74.26000213623047,75.16000366210938,74.69999694824219,962800.0,58.91313171386719
2008-02-22,75.30999755859375,72.76000213623047,75.2300033569336,74.7699966430664,1146300.0,58.968345642089844
2008-02-25,76.05000305175781,74.31999969482422,74.66999816894531,75.93000030517578,1052900.0,59.88318634033203
2008-02-26,76.97000122070312,74.9000015258789,74.9000015258789,76.83999633789062,909600.0,60.6008415222168
2008-02-27,77.83000183105469,76.30000305175781,76.58999633789062,76.9000015258789,971200.0,60.64820861816406
2008-02-28,76.70999908447266,74.91000366210938,76.5,75.70999908447266,750100.0,59.709686279296875
2008-02-29,74.7300033569336,73.41000366210938,74.7300033569336,73.66000366210938,1314600.0,58.09293746948242
2008-03-03,74.93000030517578,73.41000366210938,73.41000366210938,74.52999877929688,1108500.0,58.779048919677734
2008-03-04,74.55999755859375,73.25,73.9800033569336,74.19999694824219,809700.0,58.518821716308594
2008-03-05,75.61000061035156,73.87000274658203,73.87000274658203,74.7699966430664,774900.0,58.968345642089844
2008-03-06,74.38999938964844,73.51000213623047,74.2300033569336,73.54000091552734,778500.0,57.998291015625
2008-03-07,74.88999938964844,71.9000015258789,73.30000305175781,72.5199966430664,1345400.0,57.19384002685547
2008-03-10,72.87000274658203,71.25,72.05999755859375,71.5999984741211,1608500.0,56.468299865722656
2008-03-11,73.62000274658203,71.41000366210938,73.08000183105469,73.3499984741211,1086100.0,57.84845733642578
2008-03-12,75.29000091552734,73.44999694824219,73.6500015258789,74.05000305175781,1244000.0,58.400516510009766
2008-03-13,74.44000244140625,70.94999694824219,72.87000274658203,73.75,1490900.0,58.16392135620117
2008-03-14,74.30000305175781,71.7699966430664,74.13999938964844,72.86000061035156,1086300.0,57.461997985839844
2008-03-17,74.91999816894531,71.62000274658203,72.0,74.0,1549600.0,58.36106872558594
2008-03-18,76.18000030517578,74.22000122070312,74.91999816894531,76.18000030517578,1022600.0,60.080345153808594
2008-03-19,77.80000305175781,76.02999877929688,76.30000305175781,76.27999877929688,1193900.0,60.159236907958984
2008-03-20,78.51000213623047,76.30000305175781,76.69999694824219,78.26000213623047,1092600.0,61.72077941894531
2008-03-24,80.47000122070312,78.5,78.81999969482422,79.6500015258789,865600.0,62.817020416259766
2008-03-25,80.5199966430664,78.93000030517578,79.52999877929688,80.05000305175781,676100.0,63.13249206542969
2008-03-26,79.80999755859375,78.33999633789062,79.75,79.48999786376953,688600.0,62.690834045410156
2008-03-27,80.08999633789062,77.91000366210938,80.08999633789062,78.0,745400.0,61.51572036743164
2008-03-28,77.98999786376953,74.75,76.80000305175781,76.45999908447266,1048100.0,60.30118942260742
2008-03-31,77.0,75.54000091552734,76.52999877929688,76.38999938964844,673200.0,60.24597930908203
2008-04-01,79.43000030517578,75.94000244140625,76.9800033569336,79.30000305175781,1060800.0,62.540992736816406
2008-04-02,80.7300033569336,79.12000274658203,79.30000305175781,80.51000213623047,1008400.0,63.49525833129883
2008-04-03,80.55000305175781,79.19999694824219,80.30999755859375,80.25,757800.0,63.29022216796875
2008-04-04,81.7300033569336,79.75,80.48999786376953,80.94999694824219,525500.0,63.84230422973633
2008-04-07,82.12000274658203,80.56999969482422,81.83999633789062,81.6500015258789,672300.0,64.39435577392578
2008-04-08,83.19999694824219,81.0999984741211,81.30000305175781,83.0,921700.0,65.45904541015625
2008-04-09,83.20999908447266,80.76000213623047,83.12999725341797,81.2699966430664,1134600.0,64.09464263916016
2008-04-10,80.98999786376953,79.2300033569336,80.80999755859375,80.0,1302000.0,63.093048095703125
2008-04-11,80.87999725341797,78.5,78.83000183105469,80.0,2078400.0,63.093048095703125
2008-04-14,84.23999786376953,81.3499984741211,84.08999633789062,81.7300033569336,1987100.0,64.45742797851562
2008-04-15,83.0,81.66000366210938,82.54000091552734,82.62999725341797,1704100.0,65.167236328125
2008-04-16,85.55000305175781,82.83000183105469,83.41000366210938,85.31999969482422,977800.0,67.28876495361328
2008-04-17,86.29000091552734,84.33000183105469,84.76000213623047,85.91000366210938,1017600.0,67.75406646728516
2008-04-18,88.05999755859375,86.55000305175781,86.76000213623047,87.5,1185400.0,69.00804901123047
2008-04-21,87.7699966430664,86.38999938964844,87.18000030517578,87.63999938964844,520800.0,69.11843872070312
2008-04-22,87.41999816894531,85.30999755859375,87.0,85.86000061035156,479800.0,67.71463012695312
2008-04-23,86.69999694824219,84.31999969482422,86.69999694824219,85.08000183105469,540300.0,67.0994644165039
2008-04-24,85.5999984741211,84.26000213623047,85.5999984741211,84.70999908447266,728300.0,66.80764770507812
2008-04-25,86.36000061035156,84.2699966430664,85.19999694824219,85.97000122070312,502800.0,67.80138397216797
2008-04-28,85.91999816894531,85.11000061035156,85.70999908447266,85.77999877929688,593300.0,67.65151977539062
2008-04-29,86.30000305175781,85.29000091552734,85.33999633789062,85.81999969482422,590200.0,67.68306732177734
2008-04-30,87.25,85.69000244140625,85.87000274658203,86.70999908447266,1316300.0,68.3849868774414
2008-05-01,87.9800033569336,86.31999969482422,86.91999816894531,87.83999633789062,689300.0,69.27617645263672
2008-05-02,88.98999786376953,86.70999908447266,88.31999969482422,87.30000305175781,558800.0,68.8503189086914
2008-05-05,87.18000030517578,86.04000091552734,86.62000274658203,86.69000244140625,393000.0,68.36920928955078
2008-05-06,87.69999694824219,85.62000274658203,86.56999969482422,87.37000274658203,593100.0,68.905517578125
2008-05-07,87.41999816894531,85.7300033569336,87.02999877929688,85.8499984741211,570400.0,67.70674133300781
2008-05-08,86.55000305175781,85.43000030517578,85.70999908447266,86.20999908447266,825200.0,68.30890655517578
2008-05-09,86.16000366210938,84.83999633789062,85.0999984741211,85.87000274658203,437000.0,68.0395278930664
2008-05-12,87.94000244140625,86.08999633789062,86.5,87.93000030517578,625100.0,69.6717529296875
2008-05-13,89.55000305175781,87.83999633789062,88.0,89.45999908447266,980900.0,70.88409423828125
2008-05-14,91.12999725341797,89.0199966430664,89.62999725341797,90.20999908447266,888900.0,71.47836303710938
2008-05-15,91.44000244140625,89.33000183105469,89.70999908447266,91.20999908447266,668100.0,72.27068328857422
2008-05-16,92.0,90.87000274658203,91.04000091552734,91.76000213623047,1044400.0,72.70648956298828
2008-05-19,93.12000274658203,91.41000366210938,91.61000061035156,91.5,927700.0,72.50049591064453
2008-05-20,91.54000091552734,90.37999725341797,91.54000091552734,90.51000213623047,517600.0,71.7160415649414
2008-05-21,91.97000122070312,89.63999938964844,91.41999816894531,90.26000213623047,1110100.0,71.5179443359375
2008-05-22,91.1500015258789,89.87999725341797,90.18000030517578,90.20999908447266,494500.0,71.47836303710938
2008-05-23,89.7300033569336,87.94999694824219,89.7300033569336,88.73999786376953,429800.0,70.31356048583984
2008-05-27,89.43000030517578,87.80999755859375,88.26000213623047,89.26000213623047,896100.0,70.72564697265625
2008-05-28,90.68000030517578,89.37999725341797,89.63999938964844,90.55999755859375,393300.0,71.75567626953125
2008-05-29,91.75,89.94000244140625,90.62000274658203,91.16000366210938,468000.0,72.23110961914062
2008-05-30,91.69000244140625,90.56999969482422,91.16000366210938,91.26000213623047,627500.0,72.3103256225586
2008-06-02,91.0999984741211,89.30000305175781,91.0999984741211,89.93000030517578,572600.0,71.25647735595703
2008-06-03,90.87999725341797,89.51000213623047,90.0,90.36000061035156,524000.0,71.5971908569336
2008-06-04,91.9000015258789,89.79000091552734,90.0199966430664,91.41000366210938,734100.0,72.4291763305664
2008-06-05,92.77999877929688,91.08000183105469,91.80000305175781,92.75,677800.0,73.49093627929688
2008-06-06,92.30000305175781,89.22000122070312,92.30000305175781,89.22000122070312,615700.0,70.69392395019531
2008-06-09,90.44000244140625,89.37000274658203,89.5999984741211,89.97000122070312,538200.0,71.2882080078125
2008-06-10,90.73999786376953,89.25,89.5,90.0,551300.0,71.31194305419922
2008-06-11,90.44999694824219,88.5,89.33999633789062,88.5,1095200.0,70.1234359741211
2008-06-12,89.55999755859375,87.9800033569336,89.0,88.44999694824219,905700.0,70.08379364013672
2008-06-13,90.5199966430664,88.6500015258789,88.7699966430664,89.7300033569336,899000.0,71.0979995727539
2008-06-16,90.4800033569336,89.0999984741211,89.47000122070312,90.08999633789062,557000.0,71.38327026367188
2008-06-17,90.98999786376953,89.33999633789062,90.9000015258789,89.36000061035156,541500.0,70.80484008789062
2008-06-18,89.29000091552734,87.6500015258789,88.97000122070312,88.04000091552734,923500.0,69.75894165039062
2008-06-19,89.25,87.6500015258789,87.97000122070312,89.08999633789062,511500.0,70.59088897705078
2008-06-20,89.25,86.44000244140625,89.08000183105469,86.80000305175781,864600.0,68.77642059326172
2008-06-23,87.55000305175781,85.79000091552734,87.19999694824219,86.0999984741211,571400.0,68.2217788696289
2008-06-24,86.0,83.94000244140625,85.79000091552734,84.25,792000.0,66.75591278076172
2008-06-25,86.12000274658203,83.63999938964844,84.52999877929688,85.18000030517578,1090700.0,67.49281311035156
2008-06-26,84.88999938964844,82.16999816894531,84.86000061035156,82.30999755859375,1430900.0,65.21875762939453
2008-06-27,82.44000244140625,80.9000015258789,82.18000030517578,81.44000244140625,1462300.0,64.52938842773438
2008-06-30,82.7699966430664,81.05999755859375,81.58999633789062,81.80000305175781,667600.0,64.81465148925781
2008-07-01,82.5199966430664,79.9800033569336,80.72000122070312,82.02999877929688,1624400.0,64.99688720703125
2008-07-02,82.76000213623047,79.73999786376953,82.4000015258789,79.80000305175781,1387900.0,63.22995376586914
2008-07-03,83.12000274658203,79.66000366210938,80.37999725341797,81.45999908447266,812900.0,64.54524230957031
2008-07-07,82.88999938964844,80.77999877929688,82.44000244140625,81.5199966430664,716700.0,64.59278869628906
2008-07-08,84.5999984741211,81.19999694824219,81.93000030517578,84.44999694824219,976700.0,66.91439819335938
2008-07-09,86.0,83.98999786376953,84.25,83.98999786376953,1236500.0,66.54989624023438
2008-07-10,84.70999908447266,83.11000061035156,84.19000244140625,84.58000183105469,1020200.0,67.01737213134766
2008-07-11,84.43000030517578,82.13999938964844,83.79000091552734,83.13999938964844,633100.0,65.87640380859375
2008-07-14,84.94000244140625,82.87999725341797,83.75,84.20999908447266,825600.0,66.72421264648438
2008-07-15,85.0199966430664,81.2699966430664,82.4000015258789,83.91000366210938,1858200.0,66.48651885986328
2008-07-16,87.2300033569336,83.76000213623047,84.44999694824219,86.44999694824219,1525700.0,68.49908447265625
2008-07-17,90.36000061035156,86.12000274658203,86.56999969482422,89.5199966430664,1759400.0,70.93163299560547
2008-07-18,90.41999816894531,88.25,89.5,88.87000274658203,1080200.0,70.41659545898438
2008-07-21,89.54000091552734,87.88999938964844,88.55999755859375,89.12999725341797,746600.0,70.6225814819336
2008-07-22,91.97000122070312,88.54000091552734,88.6500015258789,91.87999725341797,1070700.0,72.80155944824219
2008-07-23,92.04000091552734,89.9800033569336,91.80000305175781,90.33999633789062,1014600.0,71.58134460449219
2008-07-24,90.5,88.05000305175781,90.5,88.3499984741211,919600.0,70.00455474853516
2008-07-25,89.0199966430664,87.76000213623047,88.5999984741211,88.0,686100.0,69.72723388671875
2008-07-28,88.43000030517578,86.47000122070312,88.04000091552734,86.76000213623047,595900.0,68.74472045898438
2008-07-29,88.36000061035156,87.12000274658203,87.12000274658203,88.2699966430664,645200.0,69.9411849975586
2008-07-30,90.41999816894531,88.54000091552734,89.11000061035156,90.1500015258789,901400.0,71.43080139160156
2008-07-31,91.8499984741211,89.33999633789062,89.33999633789062,89.51000213623047,910200.0,70.92371368408203
2008-08-01,90.43000030517578,87.68000030517578,89.66000366210938,88.44999694824219,751200.0,70.08379364013672
2008-08-04,88.5199966430664,87.01000213623047,88.2699966430664,87.1500015258789,507300.0,69.05377197265625
2008-08-05,88.86000061035156,87.61000061035156,87.61000061035156,88.86000061035156,554600.0,70.40869140625
2008-08-06,89.58999633789062,87.7300033569336,88.0,89.01000213623047,564700.0,70.52750396728516
2008-08-07,88.01000213623047,86.02999877929688,88.0,86.2699966430664,705300.0,68.6650390625
2008-08-08,89.73999786376953,85.88999938964844,86.29000091552734,89.7300033569336,618500.0,71.4189453125
2008-08-11,92.20999908447266,88.66999816894531,89.1500015258789,91.2699966430664,1254300.0,72.64471435546875
2008-08-12,93.0,90.66999816894531,90.73999786376953,92.77999877929688,926900.0,73.8465576171875
2008-08-13,92.69999694824219,91.1500015258789,92.11000061035156,91.9800033569336,778800.0,73.2098159790039
2008-08-14,93.0,91.20999908447266,91.3499984741211,92.4800033569336,601300.0,73.60779571533203
2008-08-15,93.98999786376953,92.61000061035156,92.7699966430664,93.0999984741211,696900.0,74.10125732421875
2008-08-18,93.48999786376953,92.0999984741211,93.20999908447266,92.62000274658203,558100.0,73.71918487548828
2008-08-19,92.91000366210938,90.36000061035156,92.91000366210938,90.73999786376953,393500.0,72.22284698486328
2008-08-20,91.08999633789062,89.62000274658203,91.08999633789062,90.5,484100.0,72.03182220458984
2008-08-21,90.93000030517578,89.0199966430664,89.0199966430664,90.30999755859375,547400.0,71.88060760498047
2008-08-22,92.0199966430664,90.6500015258789,90.73999786376953,91.19000244140625,395600.0,72.58101654052734
2008-08-25,90.79000091552734,89.05999755859375,90.7699966430664,89.2699966430664,415900.0,71.05279541015625
2008-08-26,89.86000061035156,87.93000030517578,89.0,88.5,464100.0,70.43997955322266
2008-08-27,89.44000244140625,88.25,88.25,89.13999938964844,374200.0,70.94935607910156
2008-08-28,91.83000183105469,89.52999877929688,89.91999816894531,90.63999938964844,528500.0,72.1432876586914
2008-08-29,91.45999908447266,90.0199966430664,90.41000366210938,90.02999877929688,441000.0,71.65775299072266
2008-09-02,93.06999969482422,91.27999877929688,91.83000183105469,91.63999938964844,1114300.0,72.9391860961914
2008-09-03,92.22000122070312,90.26000213623047,91.69000244140625,90.80999755859375,548600.0,72.27857971191406
2008-09-04,90.20999908447266,87.58999633789062,90.20999908447266,88.20999908447266,787500.0,70.20914459228516
2008-09-05,88.55000305175781,86.19000244140625,87.18000030517578,87.30999755859375,710100.0,69.49282836914062
2008-09-08,90.43000030517578,88.37999725341797,89.87999725341797,89.45999908447266,621800.0,71.2040786743164
2008-09-09,89.98999786376953,87.51000213623047,89.58000183105469,88.31999969482422,1090700.0,70.29671478271484
2008-09-10,89.7300033569336,87.58000183105469,89.2300033569336,88.38999938964844,973900.0,70.35242462158203
2008-09-11,88.4800033569336,86.08000183105469,86.87999725341797,88.06999969482422,852700.0,70.09771728515625
2008-09-12,90.75,86.98999786376953,87.5999984741211,90.05000305175781,743400.0,71.67365264892578
2008-09-15,89.62999725341797,86.48999786376953,87.30999755859375,86.91000366210938,801100.0,69.1744613647461
2008-09-16,92.33000183105469,85.4000015258789,85.4000015258789,91.5199966430664,2146200.0,72.84368133544922
2008-09-17,92.30000305175781,88.9000015258789,89.79000091552734,89.05999755859375,1555800.0,70.88568878173828
2008-09-18,90.44999694824219,84.75,89.9000015258789,89.13999938964844,1616000.0,70.94935607910156
2008-09-19,93.58999633789062,83.62999725341797,86.79000091552734,92.33000183105469,1277300.0,73.48839569091797
2008-09-22,92.30999755859375,88.41999816894531,91.56999969482422,88.87000274658203,607700.0,70.73446655273438
2008-09-23,90.01000213623047,87.45999908447266,89.30000305175781,87.83000183105469,877500.0,69.90670013427734
2008-09-24,88.41999816894531,85.44999694824219,87.83000183105469,85.94999694824219,781100.0,68.41035461425781
2008-09-25,89.37000274658203,85.52999877929688,85.58999633789062,88.0,828100.0,70.04199981689453
2008-09-26,89.25,86.37000274658203,86.86000061035156,89.05999755859375,804500.0,70.88568878173828
2008-09-29,88.05000305175781,82.6500015258789,87.9800033569336,83.36000061035156,1231000.0,66.34888458251953
2008-09-30,87.5999984741211,82.75,85.0,86.97000122070312,987600.0,69.22217559814453
2008-10-01,86.9000015258789,81.16000366210938,86.1500015258789,81.93000030517578,1710900.0,65.21070861816406
2008-10-02,81.66000366210938,76.2300033569336,81.66000366210938,77.9800033569336,1516800.0,62.06679153442383
2008-10-03,81.93000030517578,77.18000030517578,78.8499984741211,77.30999755859375,1429600.0,61.53350067138672
2008-10-06,77.58000183105469,72.69000244140625,75.33999633789062,76.86000061035156,1659100.0,61.17531967163086
2008-10-07,78.11000061035156,72.73999786376953,77.55000305175781,72.73999786376953,1632200.0,57.89609146118164
2008-10-08,76.0199966430664,69.91000366210938,71.5999984741211,72.61000061035156,2020100.0,57.79261016845703
2008-10-09,77.26000213623047,71.20999908447266,74.5,71.2300033569336,2187300.0,56.694244384765625
2008-10-10,78.12000274658203,66.45999908447266,69.08999633789062,73.87000274658203,2385200.0,58.79547119140625
2008-10-13,80.44999694824219,74.26000213623047,74.26000213623047,80.44999694824219,1081400.0,64.0326919555664
2008-10-14,86.75,81.80999755859375,85.12000274658203,83.4000015258789,2804400.0,66.38069915771484
2008-10-15,82.87999725341797,74.91000366210938,82.01000213623047,75.20999908447266,1515800.0,59.86204528808594
2008-10-16,78.11000061035156,71.7300033569336,75.4800033569336,77.0,1906000.0,61.28675842285156
2008-10-17,81.16000366210938,75.02999877929688,76.70999908447266,78.36000061035156,1804300.0,62.36921691894531
2008-10-20,83.45999908447266,78.69000244140625,79.26000213623047,83.23999786376953,2228400.0,66.25334930419922
2008-10-21,82.91000366210938,77.5999984741211,81.76000213623047,77.7300033569336,1714000.0,61.8677864074707
2008-10-22,76.69999694824219,68.94999694824219,75.97000122070312,71.4800033569336,1955900.0,56.893211364746094
2008-10-23,73.77999877929688,66.66999816894531,71.86000061035156,69.5999984741211,2544900.0,55.3968620300293
2008-10-24,70.05000305175781,63.939998626708984,64.26000213623047,68.16000366210938,927100.0,54.25071334838867
2008-10-27,71.8499984741211,66.76000213623047,66.76000213623047,69.22000122070312,1345300.0,55.09440994262695
2008-10-28,75.45999908447266,68.30999755859375,71.16999816894531,75.45999908447266,1433200.0,60.06103515625
2008-10-29,78.18000030517578,74.05999755859375,75.11000061035156,74.23999786376953,1441000.0,59.08997344970703
2008-10-30,77.75,74.58000183105469,76.4000015258789,76.80000305175781,828200.0,61.12757110595703
2008-10-31,80.88999938964844,76.77999877929688,77.37999725341797,78.56999969482422,1103200.0,62.5363655090332
2008-11-03,79.66000366210938,76.98999786376953,78.22000122070312,78.70999908447266,1275800.0,62.6478157043457
2008-11-04,82.98999786376953,79.44999694824219,80.4000015258789,80.94999694824219,1745400.0,64.43070983886719
2008-11-05,78.2300033569336,73.69000244140625,77.58000183105469,76.13999938964844,2217400.0,60.60227966308594
2008-11-06,76.18000030517578,72.51000213623047,74.75,72.91000366210938,1420700.0,58.33788299560547
2008-11-07,74.91000366210938,70.88999938964844,73.05999755859375,72.18000030517578,1336200.0,57.753780364990234
2008-11-10,74.25,70.69999694824219,73.38999938964844,71.48999786376953,931100.0,57.20168685913086
2008-11-11,71.80999755859375,68.36000061035156,70.7300033569336,70.06999969482422,1259500.0,56.06548309326172
2008-11-12,68.9800033569336,64.97000122070312,68.4000015258789,65.2699966430664,1846000.0,52.22483444213867
2008-11-13,67.36000061035156,61.11000061035156,65.41000366210938,67.36000061035156,1824800.0,53.897125244140625
2008-11-14,69.3499984741211,64.75,66.0999984741211,65.05999755859375,1018200.0,52.056800842285156
2008-11-17,67.41000366210938,63.41999816894531,64.12000274658203,64.02999877929688,1108300.0,51.23265838623047
2008-11-18,64.86000061035156,60.619998931884766,64.0,63.380001068115234,1894600.0,50.712581634521484
2008-11-19,63.75,59.88999938964844,63.290000915527344,59.91999816894531,1816200.0,47.94410705566406
2008-11-20,65.20999908447266,58.86000061035156,59.599998474121094,60.33000183105469,1966100.0,48.27217102050781
2008-11-21,64.58999633789062,59.0099983215332,61.4900016784668,64.52999877929688,1417400.0,51.63274383544922
2008-11-24,68.30999755859375,64.5199966430664,64.5199966430664,67.04000091552734,1047200.0,53.64107131958008
2008-11-25,68.9800033569336,66.27999877929688,68.16000366210938,67.68000030517578,1085600.0,54.15314483642578
2008-11-26,71.12999725341797,66.31999969482422,66.5999984741211,70.63999938964844,848000.0,56.52156448364258
2008-11-28,71.13999938964844,69.47000122070312,70.43000030517578,70.56999969482422,302000.0,56.465572357177734
2008-12-01,69.81999969482422,65.26000213623047,69.81999969482422,65.3499984741211,1093700.0,52.288848876953125
2008-12-02,66.76000213623047,64.5,65.4000015258789,66.0999984741211,1033400.0,52.888954162597656
2008-12-03,68.43000030517578,63.709999084472656,64.29000091552734,68.16999816894531,1290600.0,54.54521942138672
2008-12-04,68.91999816894531,65.91000366210938,67.48999786376953,67.20999908447266,998100.0,53.777099609375
2008-12-05,69.47000122070312,64.25,66.0,69.30999755859375,746000.0,55.4573860168457
2008-12-08,72.98999786376953,69.76000213623047,70.33999633789062,71.75,1282800.0,57.40973663330078
2008-12-09,73.0199966430664,70.2300033569336,70.69999694824219,70.80000305175781,1176600.0,56.64958190917969
2008-12-10,72.19000244140625,70.2300033569336,71.19000244140625,70.94000244140625,742300.0,56.7615966796875
2008-12-11,70.87000274658203,65.56999969482422,70.6500015258789,66.29000091552734,1032200.0,53.04096984863281
2008-12-12,69.43000030517578,62.93000030517578,63.0,68.73999786376953,1461700.0,55.00131607055664
2008-12-15,73.36000061035156,70.5,71.5199966430664,72.2699966430664,1782100.0,57.82578659057617
2008-12-16,75.66000366210938,72.47000122070312,72.7699966430664,74.75,1693400.0,59.81010818481445
2008-12-17,74.75,73.3499984741211,74.19000244140625,73.9800033569336,1587800.0,59.19401931762695
2008-12-18,74.38999938964844,73.0199966430664,74.0999984741211,73.44000244140625,1447800.0,58.761932373046875
2008-12-19,74.37999725341797,72.73999786376953,73.47000122070312,73.44999694824219,1226200.0,58.76993179321289
2008-12-22,74.0999984741211,72.36000061035156,73.9000015258789,73.6500015258789,906600.0,58.92995071411133
2008-12-23,75.19000244140625,73.72000122070312,74.25,74.16000366210938,934400.0,59.33803176879883
2008-12-24,75.48999786376953,74.0999984741211,74.41000366210938,74.6500015258789,337400.0,59.7301025390625
2008-12-26,75.95999908447266,74.77999877929688,74.9000015258789,75.55999755859375,373200.0,60.458229064941406
2008-12-29,75.4800033569336,74.05000305175781,75.04000091552734,74.7300033569336,912800.0,59.79410934448242
2008-12-30,77.5,74.9000015258789,75.0199966430664,77.48999786376953,651700.0,62.00248336791992
2008-12-31,79.58000183105469,77.4000015258789,78.08999633789062,78.83999633789062,905100.0,63.08268737792969
2009-01-02,81.18000030517578,76.7300033569336,78.8499984741211,80.58999633789062,1039600.0,64.48290252685547
2009-01-05,80.75,78.16999816894531,80.0199966430664,78.80999755859375,1480300.0,63.05866241455078
2009-01-06,79.33000183105469,77.8499984741211,79.16000366210938,78.51000213623047,1529200.0,62.81861877441406
2009-01-07,78.52999877929688,76.98999786376953,77.77999877929688,77.5,1356100.0,62.010498046875
2009-01-08,77.61000061035156,74.83000183105469,76.1500015258789,77.44000244140625,2079000.0,61.96249008178711
2009-01-09,77.69000244140625,74.91000366210938,77.41999816894531,76.52999877929688,1380400.0,61.23436737060547
2009-01-12,77.0,75.04000091552734,76.4000015258789,75.83000183105469,1404000.0,60.674259185791016
2009-01-13,77.23999786376953,75.08999633789062,75.79000091552734,76.2300033569336,950500.0,60.994319915771484
2009-01-14,75.30000305175781,73.5,75.04000091552734,73.98999786376953,1243700.0,59.2020263671875
2009-01-15,76.22000122070312,73.22000122070312,74.2300033569336,75.55000305175781,1214000.0,60.450233459472656
2009-01-16,77.06999969482422,74.41999816894531,76.52999877929688,76.5199966430664,1423400.0,61.226356506347656
2009-01-20,76.83999633789062,72.41999816894531,76.30999755859375,72.6500015258789,2079300.0,58.12983703613281
2009-01-21,73.73999786376953,70.01000213623047,73.61000061035156,72.69999694824219,2545100.0,58.16984939575195
2009-01-22,71.91000366210938,70.12000274658203,71.0,71.19000244140625,1963800.0,56.96165084838867
2009-01-23,73.25,69.33000183105469,69.81999969482422,71.81999969482422,1623600.0,57.4657096862793
2009-01-26,73.0,70.0,70.94999694824219,71.16000366210938,1839200.0,56.93762969970703
2009-01-27,74.08999633789062,71.51000213623047,71.68000030517578,73.51000213623047,1495600.0,58.81794357299805
2009-01-28,75.54000091552734,73.81999969482422,74.5,75.27999877929688,1228200.0,60.23420715332031
2009-01-29,75.0,73.30999755859375,74.13999938964844,74.11000061035156,1463200.0,59.29801940917969
2009-01-30,75.22000122070312,72.26000213623047,74.62000274658203,72.94999694824219,1347000.0,58.3698844909668
2009-02-02,73.11000061035156,71.04000091552734,72.01000213623047,72.55999755859375,1340400.0,58.05781936645508
2009-02-03,74.55999755859375,71.7300033569336,72.63999938964844,74.19999694824219,1053500.0,59.37005615234375
2009-02-04,74.06999969482422,71.55000305175781,72.52999877929688,72.13999938964844,2266200.0,57.72178649902344
2009-02-05,73.69999694824219,70.79000091552734,71.45999908447266,73.08000183105469,1196600.0,58.79991912841797
2009-02-06,75.61000061035156,72.9000015258789,73.2699966430664,75.2300033569336,1109600.0,60.52982711791992
2009-02-09,76.26000213623047,74.3499984741211,75.04000091552734,75.30999755859375,777200.0,60.59417724609375
2009-02-10,75.66000366210938,71.72000122070312,74.48999786376953,72.11000061035156,1512700.0,58.01945495605469
2009-02-11,72.19999694824219,69.9000015258789,71.33000183105469,71.4800033569336,2330500.0,57.512569427490234
2009-02-12,74.12999725341797,71.36000061035156,71.94000244140625,73.7300033569336,2255100.0,59.32290267944336
2009-02-13,74.98999786376953,73.04000091552734,73.44999694824219,74.16999816894531,1801400.0,59.67694854736328
2009-02-17,73.88999938964844,71.61000061035156,72.01000213623047,72.87000274658203,1581400.0,58.63096618652344
2009-02-18,73.51000213623047,70.11000061035156,73.51000213623047,71.0,1903600.0,57.12635803222656
2009-02-19,72.12999725341797,68.83999633789062,71.44999694824219,69.11000061035156,1635500.0,55.60566329956055
2009-02-20,69.81999969482422,67.20999908447266,68.18000030517578,68.73999786376953,2151200.0,55.3079833984375
2009-02-23,69.54000091552734,65.79000091552734,69.54000091552734,65.91999816894531,2341800.0,53.039024353027344
2009-02-24,69.02999877929688,65.94999694824219,66.0,68.52999877929688,1219800.0,55.13903045654297
2009-02-25,69.1500015258789,67.05999755859375,67.88999938964844,67.66000366210938,1773100.0,54.43900680541992
2009-02-26,68.48999786376953,66.76000213623047,67.79000091552734,66.7699966430664,1439100.0,53.722923278808594
2009-02-27,67.45999908447266,65.7300033569336,65.7300033569336,66.16000366210938,1525700.0,53.23212432861328
2009-03-02,66.0199966430664,63.119998931884766,65.16999816894531,64.05000305175781,1760600.0,51.53441619873047
2009-03-03,65.25,63.22999954223633,64.80000305175781,63.849998474121094,1924800.0,51.37348937988281
2009-03-04,65.4000015258789,62.95000076293945,64.66000366210938,64.4000015258789,2466700.0,51.81602478027344
2009-03-05,63.439998626708984,61.220001220703125,63.25,61.709999084472656,2134400.0,49.651668548583984
2009-03-06,63.369998931884766,59.95000076293945,61.5,61.45000076293945,2511000.0,49.44247817993164
2009-03-09,62.40999984741211,60.31999969482422,60.45000076293945,61.369998931884766,1585500.0,49.37810134887695
2009-03-10,65.33000183105469,61.93000030517578,62.650001525878906,65.16999816894531,2068600.0,52.43556213378906
2009-03-11,66.0,63.040000915527344,65.98999786376953,64.20999908447266,1866700.0,51.66314697265625
2009-03-12,66.73999786376953,62.88999938964844,64.18000030517578,66.44000244140625,1247900.0,53.45740509033203
2009-03-13,66.87999725341797,64.76000213623047,66.87999725341797,65.8499984741211,1011600.0,52.98268508911133
2009-03-16,66.80000305175781,62.7599983215332,66.69000244140625,64.33000183105469,1980900.0,51.75969696044922
2009-03-17,66.47000122070312,63.72999954223633,64.69999694824219,66.47000122070312,1076600.0,53.481536865234375
2009-03-18,68.30000305175781,65.0,65.66999816894531,67.55999755859375,1323300.0,54.358558654785156
2009-03-19,68.16000366210938,66.62999725341797,68.16000366210938,67.66000366210938,1092000.0,54.43900680541992
2009-03-20,68.5999984741211,66.06999969482422,68.19999694824219,66.70999908447266,1154500.0,53.67464065551758
2009-03-23,70.48999786376953,67.1500015258789,67.88999938964844,70.44999694824219,1232200.0,56.683834075927734
2009-03-24,71.47000122070312,69.23999786376953,69.62999725341797,70.20999908447266,984900.0,56.4907112121582
2009-03-25,73.23999786376953,68.79000091552734,70.62999725341797,70.88999938964844,1270500.0,57.03785705566406
2009-03-26,73.5999984741211,71.25,71.75,73.5999984741211,1142300.0,59.218318939208984
2009-03-27,72.98999786376953,71.20999908447266,72.5999984741211,71.69000244140625,834000.0,57.68154525756836
2009-03-30,71.05999755859375,69.27999877929688,70.56999969482422,70.55999755859375,1002000.0,56.772342681884766
2009-03-31,71.48999786376953,68.69999694824219,70.69999694824219,70.18000030517578,1191900.0,56.46659469604492
2009-04-01,72.01000213623047,68.61000061035156,69.38999938964844,71.7699966430664,1079400.0,57.745887756347656
2009-04-02,75.5,73.2699966430664,73.30000305175781,74.69999694824219,1302100.0,60.10335922241211
2009-04-03,75.48999786376953,73.98999786376953,74.5,75.23999786376953,919800.0,60.537841796875
2009-04-06,75.25,73.4800033569336,74.55000305175781,74.86000061035156,882800.0,60.232093811035156
2009-04-07,74.2300033569336,71.4000015258789,73.62999725341797,72.2699966430664,832800.0,58.1482048034668
2009-04-08,73.05999755859375,71.4000015258789,72.44000244140625,72.63999938964844,685700.0,58.4459114074707
2009-04-09,77.41999816894531,74.12999725341797,74.41999816894531,77.0,1263600.0,61.95395278930664
2009-04-13,77.9800033569336,75.55000305175781,76.41000366210938,77.23999786376953,1162100.0,62.147029876708984
2009-04-14,86.05999755859375,78.20999908447266,80.0,79.95999908447266,5063400.0,64.33555603027344
2009-04-15,81.25,78.12000274658203,80.5,79.58999633789062,1519200.0,64.03783416748047
2009-04-16,80.6500015258789,78.76000213623047,79.93000030517578,80.33000183105469,1624900.0,64.63324737548828
2009-04-17,81.05000305175781,78.81999969482422,80.5999984741211,79.44000244140625,1259000.0,63.91715621948242
2009-04-20,78.75,76.77999877929688,78.45999908447266,77.33999633789062,1067100.0,62.227516174316406
2009-04-21,78.04000091552734,76.6500015258789,76.88999938964844,77.72000122070312,935000.0,62.533260345458984
2009-04-22,80.5,76.9000015258789,77.6500015258789,79.44000244140625,1211100.0,63.91715621948242
2009-04-23,79.98999786376953,77.73999786376953,78.8499984741211,79.16000366210938,773100.0,63.691856384277344
2009-04-24,83.11000061035156,78.68000030517578,79.6500015258789,82.08999633789062,1218700.0,66.04934692382812
2009-04-27,82.12000274658203,80.2300033569336,80.76000213623047,80.98999786376953,644800.0,65.16426849365234
2009-04-28,82.0999984741211,79.9000015258789,80.30000305175781,81.48999786376953,838200.0,65.56658935546875
2009-04-29,84.0,81.5,82.55999755859375,83.05999755859375,957700.0,66.82980346679688
2009-04-30,86.36000061035156,83.06999969482422,83.33999633789062,83.87999725341797,1312300.0,67.48957061767578
2009-05-01,84.2300033569336,82.04000091552734,83.87999725341797,82.79000091552734,1003000.0,66.61258697509766
2009-05-04,84.05999755859375,81.19999694824219,83.5,84.05999755859375,1176900.0,67.63440704345703
2009-05-05,83.55999755859375,81.19999694824219,83.18000030517578,83.37999725341797,1319900.0,67.08724212646484
2009-05-06,84.80999755859375,81.62000274658203,83.48999786376953,82.97000122070312,1190000.0,66.75739288330078
2009-05-07,83.4800033569336,79.61000061035156,83.4800033569336,80.2699966430664,964200.0,64.94503784179688
2009-05-08,82.16999816894531,79.54000091552734,81.41000366210938,80.79000091552734,905400.0,65.36577606201172
2009-05-11,79.5,77.72000122070312,79.06999969482422,78.66999816894531,968400.0,63.6505126953125
2009-05-12,80.80999755859375,78.55999755859375,79.58000183105469,80.05000305175781,987600.0,64.76707458496094
2009-05-13,79.22000122070312,77.05999755859375,79.0,77.55000305175781,706100.0,62.74432373046875
2009-05-14,78.93000030517578,77.19999694824219,77.86000061035156,77.33999633789062,831400.0,62.57444763183594
2009-05-15,79.0199966430664,77.05000305175781,77.05000305175781,77.70999908447266,682000.0,62.87379455566406
2009-05-18,80.19999694824219,77.9800033569336,78.13999938964844,80.18000030517578,503700.0,64.87225341796875
2009-05-19,80.68000030517578,78.81999969482422,79.75,79.0,686500.0,63.91751480102539
2009-05-20,80.16999816894531,76.75,79.4800033569336,76.95999908447266,855200.0,62.266990661621094
2009-05-21,76.20999908447266,74.58000183105469,76.20999908447266,75.55000305175781,812200.0,61.12618637084961
2009-05-22,76.58999633789062,74.55000305175781,75.58000183105469,75.72000122070312,559600.0,61.263729095458984
2009-05-26,79.16999816894531,74.94999694824219,75.26000213623047,78.61000061035156,823400.0,63.60198211669922
2009-05-27,79.8499984741211,77.3499984741211,78.66999816894531,77.44999694824219,986900.0,62.66342544555664
2009-05-28,78.52999877929688,75.86000061035156,77.26000213623047,78.25,932000.0,63.31070327758789
2009-05-29,79.06999969482422,77.69000244140625,78.12000274658203,78.83000183105469,650900.0,63.77993392944336
2009-06-01,83.4800033569336,79.7699966430664,79.91000366210938,82.93000030517578,1005300.0,67.09721374511719
2009-06-02,83.94000244140625,82.19999694824219,83.20999908447266,83.62999725341797,964900.0,67.66355895996094
2009-06-03,83.95999908447266,81.80000305175781,82.95999908447266,82.81999969482422,1212100.0,67.00820922851562
2009-06-04,83.75,82.44999694824219,83.11000061035156,83.37000274658203,1177600.0,67.45318603515625
2009-06-05,84.4000015258789,82.38999938964844,84.20999908447266,82.98999786376953,932500.0,67.145751953125
2009-06-08,84.94999694824219,82.75,82.81999969482422,84.43000030517578,860100.0,68.31082153320312
2009-06-09,85.0,83.91999816894531,84.2300033569336,84.31999969482422,2363100.0,68.2218246459961
2009-06-10,85.44999694824219,82.87999725341797,85.0999984741211,84.02999877929688,1051100.0,67.98717498779297
2009-06-11,85.4800033569336,83.80000305175781,84.5199966430664,84.12000274658203,923400.0,68.05999755859375
2009-06-12,83.95999908447266,82.91000366210938,83.83999633789062,83.80999755859375,836400.0,67.80921173095703
2009-06-15,83.08999633789062,81.23999786376953,83.06999969482422,82.23999786376953,712500.0,66.53893280029297
2009-06-16,83.0,81.0999984741211,82.5,81.16000366210938,652100.0,65.66514587402344
2009-06-17,83.30000305175781,80.4000015258789,80.70999908447266,82.44000244140625,757000.0,66.70073699951172
2009-06-18,82.72000122070312,81.41000366210938,82.5999984741211,82.4000015258789,611100.0,66.66839599609375
2009-06-19,82.6500015258789,80.44000244140625,82.30999755859375,80.9000015258789,1548700.0,65.45477294921875
2009-06-22,80.4800033569336,78.36000061035156,80.36000061035156,78.36000061035156,819100.0,63.39968490600586
2009-06-23,78.80999755859375,77.12000274658203,78.12999725341797,78.02999877929688,1018000.0,63.132713317871094
2009-06-24,81.3499984741211,78.13999938964844,78.4800033569336,80.55999755859375,1277800.0,65.17965698242188
2009-06-25,82.79000091552734,79.80000305175781,80.2300033569336,82.70999908447266,1068000.0,66.91921997070312
2009-06-26,83.98999786376953,82.41999816894531,82.86000061035156,82.79000091552734,1494200.0,66.98396301269531
2009-06-29,83.62000274658203,82.06999969482422,83.27999877929688,82.81999969482422,530000.0,67.00820922851562
2009-06-30,83.11000061035156,81.12000274658203,82.83000183105469,81.87999725341797,641600.0,66.24766540527344
2009-07-01,82.79000091552734,81.41999816894531,82.1500015258789,81.94000244140625,625100.0,66.29618835449219
2009-07-02,82.08000183105469,80.05999755859375,81.38999938964844,80.11000061035156,1092100.0,64.81558227539062
2009-07-06,82.30000305175781,79.55999755859375,80.41999816894531,81.79000091552734,1019500.0,66.17484283447266
2009-07-07,82.0,80.25,81.9000015258789,80.33000183105469,662500.0,64.9935531616211
2009-07-08,80.88999938964844,78.47000122070312,80.79000091552734,79.13999938964844,793800.0,64.03076171875
2009-07-09,79.97000122070312,77.87999725341797,79.19999694824219,78.30999755859375,947300.0,63.35926818847656
2009-07-10,78.75,77.66999816894531,77.66999816894531,78.5199966430664,1099000.0,63.52914810180664
2009-07-13,81.76000213623047,78.33000183105469,79.2300033569336,81.13999938964844,1832200.0,65.64894104003906
2009-07-14,82.9800033569336,81.11000061035156,81.55999755859375,82.58000183105469,1159600.0,66.81404113769531
2009-07-15,85.0,81.81999969482422,83.68000030517578,82.98999786376953,2185400.0,67.145751953125
2009-07-16,84.0199966430664,82.5,82.91999816894531,83.73999786376953,1240500.0,67.75255584716797
2009-07-17,84.9800033569336,83.4800033569336,84.05000305175781,84.55999755859375,1016200.0,68.41598510742188
2009-07-20,88.0199966430664,85.48999786376953,87.02999877929688,87.77999877929688,1159300.0,71.02124786376953
2009-07-21,88.44999694824219,86.25,87.5199966430664,87.30000305175781,1170700.0,70.6329116821289
2009-07-22,88.04000091552734,86.30000305175781,86.70999908447266,86.93000030517578,845900.0,70.33354187011719
2009-07-23,88.93000030517578,86.3499984741211,87.19000244140625,88.66999816894531,921700.0,71.74134826660156
2009-07-24,89.11000061035156,87.29000091552734,87.9800033569336,89.08000183105469,480500.0,72.07304382324219
2009-07-27,89.05000305175781,87.87000274658203,88.75,88.94999694824219,484400.0,71.96786499023438
2009-07-28,88.5999984741211,87.06999969482422,87.9800033569336,88.44000244140625,748000.0,71.55523681640625
2009-07-29,88.9800033569336,87.29000091552734,88.12999725341797,88.79000091552734,1029100.0,71.83843994140625
2009-07-30,90.94999694824219,88.36000061035156,89.5999984741211,90.16999816894531,926700.0,72.95496368408203
2009-07-31,91.51000213623047,89.76000213623047,89.77999877929688,89.91000366210938,811300.0,72.74461364746094
2009-08-03,91.5,89.86000061035156,91.19999694824219,91.12000274658203,1122500.0,73.72356414794922
2009-08-04,91.55000305175781,90.27999877929688,90.58000183105469,90.36000061035156,652000.0,73.10868835449219
2009-08-05,90.55000305175781,88.69000244140625,90.19999694824219,89.12000274658203,764200.0,72.10540008544922
2009-08-06,89.62000274658203,88.4000015258789,89.0999984741211,89.04000091552734,528700.0,72.41447448730469
2009-08-07,91.2699966430664,89.16000366210938,89.73999786376953,90.9800033569336,366300.0,73.99221801757812
2009-08-10,90.55000305175781,88.13999938964844,90.29000091552734,88.77999877929688,501200.0,72.20303344726562
2009-08-11,89.06999969482422,87.12999725341797,89.06999969482422,88.72000122070312,559800.0,72.15420532226562
2009-08-12,89.26000213623047,87.41000366210938,88.27999877929688,87.58999633789062,906800.0,71.23518371582031
2009-08-13,87.91999816894531,85.80999755859375,87.2300033569336,87.4800033569336,737900.0,71.145751953125
2009-08-14,88.11000061035156,85.79000091552734,88.11000061035156,86.70999908447266,450900.0,70.51951599121094
2009-08-17,86.38999938964844,84.51000213623047,85.70999908447266,85.94999694824219,682500.0,69.90145874023438
2009-08-18,87.41999816894531,86.2300033569336,86.47000122070312,87.18000030517578,401300.0,70.90176391601562
2009-08-19,87.52999877929688,85.58999633789062,86.0,87.08999633789062,426700.0,70.82855224609375
2009-08-20,88.55999755859375,86.83999633789062,87.31999969482422,88.37999725341797,479700.0,71.87769317626953
2009-08-21,90.13999938964844,88.12000274658203,89.13999938964844,89.81999969482422,573000.0,73.048828125
2009-08-24,90.29000091552734,88.56999969482422,90.0,88.87000274658203,518400.0,72.27623748779297
2009-08-25,90.25,88.69999694824219,89.33000183105469,89.31999969482422,573200.0,72.64218139648438
2009-08-26,89.9800033569336,88.66000366210938,89.33000183105469,88.93000030517578,510200.0,72.32501220703125
2009-08-27,89.87999725341797,87.79000091552734,88.9000015258789,89.06999969482422,587900.0,72.43888092041016
2009-08-28,89.70999908447266,87.72000122070312,89.55000305175781,88.25,430500.0,71.77198028564453
2009-08-31,87.56999969482422,86.13999938964844,87.3499984741211,87.47000122070312,645600.0,71.13758850097656
2009-09-01,89.0,85.63999938964844,87.4000015258789,86.27999877929688,1084200.0,70.16981506347656
2009-09-02,87.23999786376953,85.86000061035156,86.5,86.19999694824219,984800.0,70.10475158691406
2009-09-03,87.16999816894531,85.62999725341797,86.83000183105469,87.16999816894531,661400.0,70.89363098144531
2009-09-04,89.41000366210938,86.58000183105469,87.5999984741211,88.81999969482422,655300.0,72.23554992675781
2009-09-08,90.0,88.61000061035156,89.26000213623047,89.51000213623047,751700.0,72.79671478271484
2009-09-09,89.30999755859375,87.83999633789062,87.93000030517578,88.9000015258789,1050800.0,72.30062866210938
2009-09-10,90.0,88.04000091552734,88.80999755859375,90.0,828400.0,73.1952133178711
2009-09-11,90.26000213623047,88.37999725341797,89.5999984741211,88.63999938964844,847800.0,72.08914184570312
2009-09-14,89.66999816894531,88.02999877929688,88.45999908447266,89.30000305175781,397600.0,72.62590789794922
2009-09-15,89.76000213623047,88.19000244140625,89.41000366210938,89.2300033569336,736100.0,72.5689926147461
2009-09-16,91.29000091552734,88.55000305175781,89.66999816894531,90.79000091552734,596300.0,73.83772277832031
2009-09-17,91.12999725341797,89.12000274658203,90.5199966430664,89.97000122070312,733300.0,73.1707992553711
2009-09-18,91.44999694824219,90.22000122070312,90.23999786376953,90.91000366210938,781000.0,73.9352798461914
2009-09-21,91.36000061035156,89.69999694824219,90.66000366210938,90.04000091552734,595800.0,73.22775268554688
2009-09-22,91.5,90.27999877929688,90.72000122070312,90.87000274658203,517900.0,73.90276336669922
2009-09-23,90.87000274658203,89.27999877929688,90.86000061035156,89.4000015258789,536000.0,72.70723724365234
2009-09-24,89.87999725341797,87.8499984741211,89.48999786376953,88.70999908447266,496500.0,72.1461181640625
2009-09-25,88.94000244140625,87.02999877929688,88.4000015258789,87.37000274658203,579800.0,71.0562973022461
2009-09-28,89.44000244140625,87.37000274658203,87.87000274658203,89.4000015258789,497700.0,72.70723724365234
2009-09-29,90.73999786376953,89.30999755859375,89.37999725341797,89.73999786376953,683900.0,72.98375701904297
2009-09-30,90.23999786376953,88.5199966430664,89.91000366210938,89.36000061035156,734500.0,72.67471313476562
2009-10-01,88.87000274658203,86.37000274658203,88.58999633789062,86.38999938964844,926800.0,70.25926971435547
2009-10-02,86.91000366210938,85.23999786376953,85.48999786376953,85.69000244140625,819100.0,69.68997192382812
2009-10-05,88.08999633789062,85.52999877929688,85.80000305175781,87.76000213623047,675000.0,71.37345886230469
2009-10-06,89.83999633789062,88.31999969482422,88.63999938964844,88.62000274658203,581900.0,72.07289123535156
2009-10-07,88.5,87.70999908447266,88.19999694824219,88.27999877929688,539300.0,71.79638671875
2009-10-08,90.0,88.44000244140625,88.44000244140625,89.36000061035156,595600.0,72.67471313476562
2009-10-09,91.62999725341797,89.29000091552734,89.29000091552734,90.73999786376953,1062300.0,73.79705047607422
2009-10-12,94.5999984741211,92.83999633789062,94.2699966430664,93.13999938964844,1957800.0,75.74895477294922
2009-10-13,94.87000274658203,92.51000213623047,93.16999816894531,94.30999755859375,1212300.0,76.70046997070312
2009-10-14,94.61000061035156,90.69999694824219,94.16000366210938,93.25,2802800.0,75.83837127685547
2009-10-15,95.98999786376953,93.02999877929688,93.16999816894531,95.41999816894531,1293200.0,77.60320281982422
2009-10-16,95.55999755859375,93.91999816894531,94.87000274658203,94.94000244140625,740600.0,77.21281433105469
2009-10-19,96.5,94.80999755859375,94.93000030517578,95.69000244140625,591600.0,77.82279968261719
2009-10-20,96.05000305175781,94.72000122070312,95.68000030517578,95.63999938964844,786800.0,77.78211212158203
2009-10-21,98.0,95.47000122070312,95.47000122070312,95.91999816894531,971900.0,78.00984954833984
2009-10-22,98.5,95.55999755859375,95.91999816894531,97.79000091552734,1150100.0,79.53068542480469
2009-10-23,98.19000244140625,96.19000244140625,97.7699966430664,96.95999908447266,764200.0,78.85564422607422
2009-10-26,98.48999786376953,95.58000183105469,97.05000305175781,96.19000244140625,766000.0,78.22945404052734
2009-10-27,96.69000244140625,94.16000366210938,96.33000183105469,94.47000122070312,872200.0,76.83058166503906
2009-10-28,94.83999633789062,92.9800033569336,94.27999877929688,93.18000030517578,532600.0,75.78144073486328
2009-10-29,95.94999694824219,93.30999755859375,93.72000122070312,95.72000122070312,895300.0,77.84716796875
2009-10-30,96.44999694824219,93.58000183105469,95.73999786376953,93.7300033569336,742200.0,76.22874450683594
2009-11-02,95.43000030517578,92.87000274658203,94.2699966430664,94.62000274658203,744200.0,76.95257568359375
2009-11-03,95.38999938964844,93.87999725341797,94.48999786376953,95.0,1066100.0,77.26160430908203
2009-11-04,96.0,94.33999633789062,95.5,94.58000183105469,904000.0,76.9200439453125
2009-11-05,96.72000122070312,94.45999908447266,94.83999633789062,96.30000305175781,814500.0,78.70165252685547
2009-11-06,96.86000061035156,95.5,96.16999816894531,96.76000213623047,428700.0,79.07758331298828
2009-11-09,98.5,97.16000366210938,97.38999938964844,98.5,591800.0,80.49962615966797
2009-11-10,98.87999725341797,97.69999694824219,98.51000213623047,98.70999908447266,407300.0,80.67124938964844
2009-11-11,99.68000030517578,98.30000305175781,98.87999725341797,98.81999969482422,668100.0,80.76113891601562
2009-11-12,99.70999908447266,98.25,98.81999969482422,98.58000183105469,657000.0,80.56497955322266
2009-11-13,99.9800033569336,98.20999908447266,98.94999694824219,99.48999786376953,625900.0,81.3086929321289
2009-11-16,101.4800033569336,99.26000213623047,99.52999877929688,101.08999633789062,701000.0,82.61628723144531
2009-11-17,102.27999877929688,100.68000030517578,101.13999938964844,101.43000030517578,1163700.0,82.89415740966797
2009-11-18,102.54000091552734,97.69999694824219,101.54000091552734,98.25,3269500.0,80.29530334472656
2009-11-19,98.30999755859375,95.55999755859375,97.87000274658203,97.02999877929688,1458400.0,79.29825592041016
2009-11-20,97.5,96.04000091552734,96.77999877929688,97.16000366210938,919000.0,79.40448760986328
2009-11-23,99.1500015258789,97.77999877929688,98.56999969482422,98.19999694824219,640500.0,80.25444030761719
2009-11-24,99.26000213623047,98.0999984741211,98.72000122070312,98.76000213623047,729000.0,80.71209716796875
2009-11-25,99.0,98.33000183105469,99.0,98.62999725341797,541600.0,80.60587310791016
2009-11-27,98.2699966430664,96.02999877929688,96.5199966430664,97.45999908447266,426800.0,79.64966583251953
2009-11-30,97.81999969482422,96.05000305175781,97.33999633789062,97.69999694824219,843200.0,79.84583282470703
2009-12-01,99.33000183105469,97.91999816894531,98.4800033569336,98.2300033569336,1029400.0,80.2789535522461
2009-12-02,99.30000305175781,98.20999908447266,98.47000122070312,98.56999969482422,770200.0,80.55683135986328
2009-12-03,99.5199966430664,97.4800033569336,98.86000061035156,97.68000030517578,750500.0,79.8294677734375
2009-12-04,99.44000244140625,97.8499984741211,98.91999816894531,98.98999786376953,1124200.0,80.90007781982422
2009-12-07,99.5,98.29000091552734,98.98999786376953,98.51000213623047,533400.0,80.50779724121094
2009-12-08,98.0199966430664,96.7300033569336,98.0199966430664,97.51000213623047,470900.0,79.6905517578125
2009-12-09,97.77999877929688,96.33000183105469,97.37000274658203,97.7300033569336,362200.0,79.87032318115234
2009-12-10,98.2300033569336,97.54000091552734,97.91999816894531,97.76000213623047,352700.0,79.89485168457031
2009-12-11,98.54000091552734,97.48999786376953,98.45999908447266,97.81999969482422,406400.0,79.94388580322266
2009-12-14,98.73999786376953,97.61000061035156,97.91000366210938,98.44999694824219,385900.0,80.45877075195312
2009-12-15,98.69999694824219,97.61000061035156,97.80999755859375,98.58000183105469,420500.0,80.56497955322266
2009-12-16,98.73999786376953,97.54000091552734,98.73999786376953,98.0,443800.0,80.09098815917969
2009-12-17,97.81999969482422,96.87999725341797,97.66999816894531,97.1500015258789,281000.0,79.39630889892578
2009-12-18,97.22000122070312,96.18000030517578,97.19000244140625,96.73999786376953,739700.0,79.0612564086914
2009-12-21,98.13999938964844,96.76000213623047,97.0,97.77999877929688,277900.0,79.91119384765625
2009-12-22,98.27999877929688,97.37999725341797,97.81999969482422,97.5199966430664,306900.0,79.69871520996094
2009-12-23,98.05000305175781,97.16000366210938,97.41000366210938,97.73999786376953,352700.0,79.87850189208984
2009-12-24,98.48999786376953,98.04000091552734,98.06999969482422,98.30999755859375,77200.0,80.3443374633789
2009-12-28,98.83000183105469,97.6500015258789,98.83000183105469,98.08000183105469,269900.0,80.15637969970703
2009-12-29,98.5199966430664,98.06999969482422,98.43000030517578,98.18000030517578,317400.0,80.23811340332031
2009-12-30,98.04000091552734,97.30999755859375,97.69999694824219,97.72000122070312,358100.0,79.8621597290039
2009-12-31,98.62999725341797,96.77999877929688,97.87000274658203,96.83000183105469,526900.0,79.13480377197266
2010-01-04,97.97000122070312,96.19999694824219,97.23999786376953,97.23999786376953,535200.0,79.4698715209961
2010-01-05,97.48999786376953,96.13999938964844,96.95999908447266,97.27999877929688,594500.0,79.50257110595703
2010-01-06,98.25,97.2699966430664,97.2699966430664,97.6500015258789,486800.0,79.8049545288086
2010-01-07,98.69999694824219,96.70999908447266,97.2699966430664,98.56999969482422,650100.0,80.55683135986328
2010-01-08,99.8499984741211,97.7699966430664,98.0,99.7300033569336,705600.0,81.50485229492188
2010-01-11,100.37999725341797,99.22000122070312,99.45999908447266,100.1500015258789,561000.0,81.84809875488281
2010-01-12,100.22000122070312,99.25,99.45999908447266,100.11000061035156,559900.0,81.8154067993164
2010-01-13,100.5999984741211,99.5999984741211,100.16000366210938,100.55000305175781,330000.0,82.17500305175781
2010-01-14,100.68000030517578,99.75,100.56999969482422,100.38999938964844,413800.0,82.04422760009766
2010-01-15,100.47000122070312,99.12999725341797,100.0199966430664,100.04000091552734,771500.0,81.7582015991211
2010-01-19,102.0,99.56999969482422,100.08000183105469,101.33999633789062,768000.0,82.82060241699219
2010-01-20,101.08999633789062,99.77999877929688,101.02999877929688,100.87000274658203,618600.0,82.43649291992188
2010-01-21,101.23999786376953,99.04000091552734,101.0,99.56999969482422,827500.0,81.37407684326172
2010-01-22,99.61000061035156,98.62999725341797,98.94999694824219,98.88999938964844,1060300.0,80.81837463378906
2010-01-25,101.37999725341797,99.12000274658203,99.44999694824219,100.94000244140625,1901600.0,82.49369049072266
2010-01-26,101.48999786376953,98.1500015258789,100.16000366210938,99.41999816894531,2164200.0,81.25148010253906
2010-01-27,100.33999633789062,99.0,99.55000305175781,100.12000274658203,1209600.0,81.82359313964844
2010-01-28,101.30999755859375,99.23999786376953,100.23999786376953,100.76000213623047,1004100.0,82.34661102294922
2010-01-29,102.12999725341797,99.27999877929688,100.86000061035156,99.27999877929688,892300.0,81.13706970214844
2010-02-01,100.36000061035156,98.26000213623047,99.66999816894531,99.94000244140625,795000.0,81.67648315429688
2010-02-02,102.44999694824219,99.94000244140625,100.4000015258789,102.38999938964844,895100.0,83.67874145507812
2010-02-03,103.0,101.97000122070312,102.0199966430664,102.26000213623047,696700.0,83.57247924804688
2010-02-04,101.5,99.12000274658203,101.5,99.18000030517578,931200.0,81.42162322998047
2010-02-05,100.11000061035156,97.87999725341797,98.9000015258789,99.33000183105469,729700.0,81.54475402832031
2010-02-08,100.0,97.98999786376953,98.9800033569336,98.56999969482422,681200.0,80.92082214355469
2010-02-09,101.08000183105469,98.7300033569336,99.36000061035156,100.26000213623047,780100.0,82.3082504272461
2010-02-10,100.91999816894531,99.08999633789062,100.26000213623047,99.6500015258789,484600.0,81.80744934082031
2010-02-11,100.87000274658203,98.7300033569336,99.80999755859375,100.80999755859375,949500.0,82.75975036621094
2010-02-12,101.11000061035156,99.33999633789062,99.9000015258789,100.8499984741211,662300.0,82.7925796508789
2010-02-16,102.04000091552734,100.69999694824219,101.0,102.04000091552734,540200.0,83.76953887939453
2010-02-17,102.86000061035156,101.61000061035156,102.16999816894531,102.63999938964844,640300.0,84.26210021972656
2010-02-18,104.31999969482422,102.31999969482422,102.69000244140625,104.2699966430664,613700.0,85.6002426147461
2010-02-19,104.91000366210938,103.55000305175781,103.9000015258789,104.13999938964844,816900.0,85.4935302734375
2010-02-22,104.80999755859375,103.5199966430664,104.68000030517578,103.63999938964844,392800.0,85.08303833007812
2010-02-23,104.43000030517578,102.75,103.31999969482422,102.83999633789062,685500.0,84.42627716064453
2010-02-24,104.0,102.91000366210938,103.4000015258789,103.51000213623047,544400.0,84.976318359375
2010-02-25,102.76000213623047,100.9800033569336,102.20999908447266,102.48999786376953,1059300.0,84.13896179199219
2010-02-26,102.91999816894531,101.0999984741211,102.43000030517578,101.6500015258789,1140800.0,83.44935607910156
2010-03-01,104.4000015258789,101.80000305175781,101.80000305175781,104.20999908447266,835700.0,85.55097961425781
2010-03-02,104.83999633789062,103.31999969482422,104.37999725341797,103.58000183105469,612100.0,85.0337905883789
2010-03-03,104.7699966430664,103.75,103.94000244140625,104.54000091552734,726700.0,85.82190704345703
2010-03-04,105.16999816894531,103.86000061035156,104.54000091552734,104.69999694824219,495000.0,85.95323944091797
2010-03-05,106.97000122070312,104.79000091552734,104.9000015258789,106.88999938964844,622000.0,87.75114440917969
2010-03-08,107.61000061035156,106.54000091552734,107.0,106.6500015258789,563700.0,87.5541000366211
2010-03-09,107.7300033569336,106.27999877929688,106.27999877929688,107.55999755859375,449900.0,88.30115509033203
2010-03-10,108.33000183105469,107.08999633789062,107.37000274658203,108.08000183105469,610900.0,88.72803497314453
2010-03-11,108.80999755859375,107.13999938964844,107.55000305175781,108.66999816894531,561500.0,89.21241760253906
2010-03-12,108.66999816894531,106.52999877929688,108.4800033569336,107.83000183105469,896700.0,88.52279663085938
2010-03-15,107.98999786376953,106.41000366210938,107.5199966430664,107.12999725341797,590900.0,87.94815826416016
2010-03-16,107.88999938964844,107.05999755859375,107.6500015258789,107.75,437400.0,88.4571533203125
2010-03-17,108.86000061035156,107.97000122070312,108.26000213623047,108.3499984741211,448200.0,88.94971466064453
2010-03-18,109.0999984741211,107.95999908447266,108.05000305175781,108.37000274658203,490900.0,88.96613311767578
2010-03-19,109.06999969482422,106.94000244140625,107.55999755859375,107.55999755859375,778100.0,88.30115509033203
2010-03-22,108.66999816894531,107.0999984741211,107.0999984741211,108.4000015258789,466500.0,88.99076080322266
2010-03-23,109.41999816894531,107.9800033569336,108.37000274658203,109.33999633789062,420700.0,89.762451171875
2010-03-24,109.19000244140625,108.27999877929688,109.19000244140625,108.87999725341797,538000.0,89.38481140136719
2010-03-25,109.9800033569336,108.69000244140625,109.37000274658203,108.75,513100.0,89.278076171875
2010-03-26,109.76000213623047,108.66999816894531,108.9800033569336,109.05000305175781,303800.0,89.52436065673828
2010-03-29,109.7300033569336,109.08999633789062,109.16999816894531,109.47000122070312,229300.0,89.86917877197266
2010-03-30,109.95999908447266,108.93000030517578,109.62000274658203,109.26000213623047,583800.0,89.69677734375
2010-03-31,109.3499984741211,107.95999908447266,108.97000122070312,108.12000274658203,582300.0,88.76089477539062
2010-04-01,109.87999725341797,108.75,108.79000091552734,109.52999877929688,413200.0,89.91841888427734
2010-04-05,112.87000274658203,109.61000061035156,109.97000122070312,112.19000244140625,599800.0,92.10213470458984
2010-04-06,112.97000122070312,111.51000213623047,111.80999755859375,112.69999694824219,348700.0,92.52082061767578
2010-04-07,115.55999755859375,112.0999984741211,112.86000061035156,113.91999816894531,909000.0,93.52239990234375
2010-04-08,114.66999816894531,113.0199966430664,113.45999908447266,114.16999816894531,689700.0,93.72761535644531
2010-04-09,114.91000366210938,113.41999816894531,114.63999938964844,114.7699966430664,610600.0,94.22020721435547
2010-04-12,115.37000274658203,113.95999908447266,114.55000305175781,114.2300033569336,440800.0,93.77686309814453
2010-04-13,116.06999969482422,114.08000183105469,115.13999938964844,115.63999938964844,1009400.0,94.93441009521484
2010-04-14,113.58999633789062,110.3499984741211,110.94000244140625,111.1500015258789,2882900.0,91.2483901977539
2010-04-15,109.5,106.91000366210938,109.5,107.77999877929688,2309300.0,88.48176574707031
2010-04-16,107.95999908447266,104.1500015258789,107.83999633789062,104.93000030517578,1514200.0,86.1420669555664
2010-04-19,106.51000213623047,104.37000274658203,104.80000305175781,105.75,1121800.0,86.81526184082031
2010-04-20,107.66000366210938,106.19999694824219,106.83000183105469,107.51000213623047,1047800.0,88.26012420654297
2010-04-21,108.1500015258789,107.11000061035156,107.80000305175781,107.58999633789062,816300.0,88.3257827758789
2010-04-22,110.7699966430664,106.72000122070312,106.7300033569336,110.6500015258789,892800.0,90.83788299560547
2010-04-23,111.45999908447266,109.7300033569336,110.0199966430664,110.91999816894531,753900.0,91.0595474243164
2010-04-26,111.25,110.08999633789062,110.91000366210938,110.19999694824219,504700.0,90.46844482421875
2010-04-27,110.83000183105469,107.7699966430664,110.19999694824219,108.1500015258789,715700.0,88.78553009033203
2010-04-28,108.86000061035156,107.87999725341797,108.41000366210938,108.43000030517578,679000.0,89.01535034179688
2010-04-29,111.37999725341797,108.44000244140625,108.44000244140625,111.37999725341797,527500.0,91.43717193603516
2010-04-30,111.98999786376953,110.45999908447266,111.31999969482422,110.54000091552734,921600.0,90.74761199951172
2010-05-03,112.91999816894531,110.31999969482422,110.79000091552734,112.2699966430664,875500.0,92.1678466796875
2010-05-04,111.05000305175781,108.41999816894531,111.05000305175781,109.11000061035156,1053700.0,89.57363891601562
2010-05-05,109.58000183105469,107.36000061035156,108.12000274658203,108.5999984741211,927200.0,89.15496063232422
2010-05-06,109.04000091552734,101.16999816894531,107.91999816894531,106.5,1133000.0,87.86785888671875
2010-05-07,107.47000122070312,104.20999908447266,106.55000305175781,104.94000244140625,1351700.0,86.58078002929688
2010-05-10,111.05000305175781,108.55000305175781,108.69999694824219,110.70999908447266,937600.0,91.3413314819336
2010-05-11,111.4000015258789,109.2699966430664,109.5999984741211,110.33000183105469,683300.0,91.02780151367188
2010-05-12,110.5,107.5999984741211,108.91999816894531,110.37000274658203,1104000.0,91.06082916259766
2010-05-13,110.31999969482422,108.5199966430664,109.87999725341797,108.9000015258789,663500.0,89.84798431396484
2010-05-14,108.77999877929688,106.26000213623047,108.77999877929688,107.66999816894531,687100.0,88.83316040039062
2010-05-17,108.58000183105469,106.38999938964844,108.08999633789062,108.30999755859375,905000.0,89.36121368408203
2010-05-18,109.77999877929688,107.0,108.87000274658203,107.05000305175781,745400.0,88.3216552734375
2010-05-19,106.98999786376953,103.86000061035156,106.4000015258789,104.91000366210938,1147200.0,86.55604553222656
2010-05-20,103.4000015258789,100.13999938964844,103.4000015258789,100.13999938964844,1160200.0,82.62054443359375
2010-05-21,103.13999938964844,98.45999908447266,98.77999877929688,102.7699966430664,1167100.0,84.79044342041016
2010-05-24,102.5,100.79000091552734,102.5,100.86000061035156,505100.0,83.2145767211914
2010-05-25,101.45999908447266,97.91999816894531,98.27999877929688,101.23999786376953,618100.0,83.52810668945312
2010-05-26,102.5199966430664,99.81999969482422,101.77999877929688,100.13999938964844,759000.0,82.62054443359375
2010-05-27,103.33999633789062,101.19000244140625,102.01000213623047,103.33999633789062,661700.0,85.26068878173828
2010-05-28,103.30000305175781,101.23999786376953,103.18000030517578,101.75,756100.0,83.94888305664062
2010-06-01,102.77999877929688,100.22000122070312,101.2699966430664,100.22000122070312,622600.0,82.6865463256836
2010-06-02,103.0999984741211,99.76000213623047,100.29000091552734,103.0999984741211,709400.0,85.06268310546875
2010-06-03,104.47000122070312,102.31999969482422,102.83000183105469,103.55000305175781,663000.0,85.4339599609375
2010-06-04,101.87999725341797,98.72000122070312,100.77999877929688,99.19000244140625,685200.0,81.83675384521484
2010-06-07,99.52999877929688,97.26000213623047,99.22000122070312,97.29000091552734,742000.0,80.2691650390625
2010-06-08,99.12000274658203,96.5,97.62999725341797,98.91000366210938,783900.0,81.60574340820312
2010-06-09,101.19999694824219,99.02999877929688,99.4800033569336,99.37999725341797,770900.0,81.99351501464844
2010-06-10,103.94999694824219,101.02999877929688,101.2300033569336,103.80000305175781,610300.0,85.64026641845703
2010-06-11,104.63999938964844,102.06999969482422,102.06999969482422,104.26000213623047,626300.0,86.01973724365234
2010-06-14,105.77999877929688,104.31999969482422,104.31999969482422,104.63999938964844,628400.0,86.33329010009766
2010-06-15,107.55999755859375,104.75,104.94999694824219,107.4800033569336,370700.0,88.67642211914062
2010-06-16,107.98999786376953,106.77999877929688,107.16999816894531,107.69999694824219,270900.0,88.85791778564453
2010-06-17,107.98999786376953,106.31999969482422,107.6500015258789,107.81999969482422,375400.0,88.95692443847656
2010-06-18,108.2699966430664,107.08999633789062,108.06999969482422,108.26000213623047,730400.0,89.3199691772461
2010-06-21,109.56999969482422,107.16999816894531,109.56999969482422,107.86000061035156,651100.0,88.98993682861328
2010-06-22,108.13999938964844,104.62000274658203,107.73999786376953,104.88999938964844,634900.0,86.5395278930664
2010-06-23,105.61000061035156,103.1500015258789,104.3499984741211,105.23999786376953,489900.0,86.82829284667969
2010-06-24,105.08999633789062,102.6500015258789,104.87000274658203,102.91000366210938,464100.0,84.90593719482422
2010-06-25,104.05000305175781,102.41000366210938,103.41000366210938,103.37999725341797,514200.0,85.29368591308594
2010-06-28,104.87999725341797,102.88999938964844,103.5999984741211,103.91000366210938,293900.0,85.73099517822266
2010-06-29,102.77999877929688,99.33000183105469,102.54000091552734,100.04000091552734,719100.0,82.5380630493164
2010-06-30,101.44000244140625,99.22000122070312,99.73999786376953,99.44999694824219,652200.0,82.0512466430664
2010-07-01,99.9000015258789,96.80999755859375,99.62000274658203,98.75,1226800.0,81.47370910644531
2010-07-02,99.58000183105469,97.47000122070312,99.20999908447266,98.16999816894531,492100.0,80.99519348144531
2010-07-06,99.9800033569336,96.83999633789062,98.69000244140625,97.54000091552734,740600.0,80.47541809082031
2010-07-07,100.0,97.44000244140625,97.44000244140625,99.81999969482422,529700.0,82.35653686523438
2010-07-08,101.62000274658203,100.23999786376953,100.37999725341797,101.56999969482422,787900.0,83.80035400390625
2010-07-09,103.33999633789062,101.3499984741211,101.80000305175781,102.98999786376953,604900.0,84.97193908691406
2010-07-12,103.93000030517578,102.05999755859375,102.55000305175781,103.77999877929688,660600.0,85.62372589111328
2010-07-13,106.2300033569336,104.27999877929688,104.86000061035156,105.48999786376953,847100.0,87.03456115722656
2010-07-14,105.5,103.5,104.23999786376953,103.75,879000.0,85.59899139404297
2010-07-15,109.02999877929688,103.43000030517578,106.30000305175781,106.88999938964844,2510700.0,88.18964385986328
2010-07-16,106.45999908447266,103.94999694824219,106.4000015258789,104.9800033569336,1153000.0,86.6137924194336
2010-07-19,105.27999877929688,103.87000274658203,104.9800033569336,104.79000091552734,667400.0,86.45706176757812
2010-07-20,106.08000183105469,102.48999786376953,103.66000366210938,105.9000015258789,945900.0,87.37283325195312
2010-07-21,107.41000366210938,104.80999755859375,106.30999755859375,105.5999984741211,826000.0,87.12533569335938
2010-07-22,108.72000122070312,106.51000213623047,106.51000213623047,108.38999938964844,685000.0,89.42720794677734
2010-07-23,109.66000366210938,107.37000274658203,108.37000274658203,109.61000061035156,482900.0,90.43377685546875
2010-07-26,110.94999694824219,109.20999908447266,109.88999938964844,110.94999694824219,459300.0,91.53933715820312
2010-07-27,111.3499984741211,109.52999877929688,111.3499984741211,110.45999908447266,747700.0,91.13506317138672
2010-07-28,110.97000122070312,109.66999816894531,110.41999816894531,110.77999877929688,808800.0,91.39909362792969
2010-07-29,111.95999908447266,109.77999877929688,111.93000030517578,111.25,1088100.0,91.786865234375
2010-07-30,112.27999877929688,108.94999694824219,109.55999755859375,112.01000213623047,877700.0,92.41392517089844
2010-08-02,115.4800033569336,112.51000213623047,113.56999969482422,114.16000366210938,835800.0,94.187744140625
2010-08-03,114.31999969482422,113.08999633789062,113.98999786376953,113.54000091552734,496600.0,93.67623138427734
2010-08-04,115.68000030517578,113.12000274658203,113.56999969482422,115.44000244140625,638100.0,95.24381256103516
2010-08-05,114.69000244140625,113.5999984741211,114.37999725341797,114.08999633789062,744300.0,94.57239532470703
2010-08-06,114.4800033569336,112.58999633789062,112.9000015258789,114.02999877929688,998500.0,94.52265930175781
2010-08-09,115.0,113.36000061035156,114.44000244140625,115.0,554900.0,95.32670593261719
2010-08-10,113.94000244140625,112.4000015258789,113.66999816894531,113.37999725341797,999800.0,93.98384857177734
2010-08-11,111.87999725341797,108.86000061035156,111.52999877929688,109.8499984741211,1245900.0,91.05775451660156
2010-08-12,111.0,108.44999694824219,108.44999694824219,110.73999786376953,794800.0,91.79547119140625
2010-08-13,110.54000091552734,109.44000244140625,110.41999816894531,109.66000366210938,624000.0,90.9002456665039
2010-08-16,109.83000183105469,108.2300033569336,109.04000091552734,109.22000122070312,366400.0,90.53549194335938
2010-08-17,112.0,110.20999908447266,110.27999877929688,111.23999786376953,520200.0,92.20994567871094
2010-08-18,111.83000183105469,110.37999725341797,111.12000274658203,111.18000030517578,428700.0,92.16020965576172
2010-08-19,111.05999755859375,107.6500015258789,110.75,108.11000061035156,657400.0,89.61540222167969
2010-08-20,108.05000305175781,106.58999633789062,107.19000244140625,107.68000030517578,564300.0,89.25897979736328
2010-08-23,109.62999725341797,108.0999984741211,108.5,108.87999725341797,1069000.0,90.25366973876953
2010-08-24,107.86000061035156,106.12999725341797,107.54000091552734,106.3499984741211,895500.0,88.15650939941406
2010-08-25,106.51000213623047,104.4800033569336,105.8499984741211,105.86000061035156,885200.0,87.75029754638672
2010-08-26,107.43000030517578,105.54000091552734,106.51000213623047,105.79000091552734,730800.0,87.69229888916016
2010-08-27,107.91999816894531,104.87999725341797,106.37000274658203,107.72000122070312,460200.0,89.29212188720703
2010-08-30,108.02999877929688,106.27999877929688,107.25,106.30000305175781,398600.0,88.11505126953125
2010-08-31,106.87000274658203,105.08999633789062,105.70999908447266,105.79000091552734,665700.0,87.69229888916016
2010-09-01,109.66000366210938,107.2699966430664,107.31999969482422,109.58999633789062,527300.0,90.84220886230469
2010-09-02,111.04000091552734,108.8499984741211,109.2300033569336,110.83999633789062,583500.0,91.87837982177734
2010-09-03,112.0,110.56999969482422,111.80999755859375,111.43000030517578,459800.0,92.36743927001953
2010-09-07,111.30999755859375,110.19999694824219,110.61000061035156,110.36000061035156,395700.0,91.4804916381836
2010-09-08,111.12999725341797,110.5,110.55000305175781,110.7300033569336,415700.0,91.7872085571289
2010-09-09,113.29000091552734,111.29000091552734,112.0,113.05000305175781,683400.0,93.71029663085938
2010-09-10,114.81999969482422,112.7699966430664,113.08000183105469,114.7300033569336,595100.0,95.1029052734375
2010-09-13,116.80000305175781,113.2699966430664,115.51000213623047,116.55999755859375,1236400.0,96.61980438232422
2010-09-14,116.8499984741211,114.58999633789062,114.86000061035156,116.36000061035156,866100.0,96.45404815673828
2010-09-15,118.5,115.95999908447266,115.95999908447266,118.18000030517578,885100.0,97.96271514892578
2010-09-16,117.91000366210938,116.26000213623047,116.86000061035156,116.75,685600.0,96.77731323242188
2010-09-17,119.4800033569336,116.55000305175781,117.20999908447266,118.73999786376953,1018100.0,98.42688751220703
2010-09-20,121.16000366210938,118.0999984741211,119.2300033569336,121.01000213623047,740200.0,100.30857849121094
2010-09-21,121.11000061035156,119.45999908447266,120.75,119.73999786376953,651900.0,99.2558364868164
2010-09-22,120.4800033569336,118.08000183105469,119.29000091552734,118.44999694824219,789000.0,98.1865463256836
2010-09-23,119.41000366210938,116.93000030517578,117.27999877929688,117.73999786376953,431000.0,97.59799194335938
2010-09-24,121.37999725341797,119.22000122070312,119.30000305175781,120.73999786376953,407600.0,100.08475494384766
2010-09-27,120.7300033569336,119.23999786376953,120.45999908447266,119.3499984741211,360000.0,98.93254852294922
2010-09-28,120.8499984741211,117.98999786376953,119.62999725341797,120.62000274658203,340100.0,99.98529815673828
2010-09-29,120.54000091552734,119.19999694824219,119.83999633789062,119.55999755859375,390000.0,99.10662078857422
2010-09-30,121.83999633789062,118.11000061035156,120.5199966430664,119.11000061035156,485000.0,98.73358917236328
2010-10-01,120.0,118.79000091552734,120.0,119.12999725341797,425200.0,98.75016784667969
2010-10-04,119.87000274658203,117.25,119.06999969482422,118.25,397200.0,98.02074432373047
2010-10-05,122.05999755859375,118.69999694824219,119.4800033569336,121.69000244140625,514600.0,100.87224578857422
2010-10-06,123.05999755859375,121.22000122070312,121.22000122070312,122.62000274658203,478100.0,101.64313507080078
2010-10-07,123.0,120.91000366210938,122.75,121.98999786376953,380600.0,101.12092590332031
2010-10-08,123.56999969482422,121.62999725341797,121.76000213623047,123.0,456600.0,101.9581298828125
2010-10-11,123.81999969482422,122.58000183105469,122.95999908447266,123.13999938964844,313700.0,102.07416534423828
2010-10-12,124.2699966430664,121.2300033569336,122.86000061035156,123.69999694824219,722400.0,102.53838348388672
2010-10-13,126.05000305175781,124.16000366210938,124.36000061035156,125.30999755859375,694500.0,103.8729476928711
2010-10-14,123.88999938964844,119.80000305175781,122.7699966430664,121.63999938964844,1564400.0,100.830810546875
2010-10-15,123.0999984741211,120.36000061035156,122.72000122070312,121.31999969482422,738500.0,100.5655517578125
2010-10-18,122.18000030517578,120.93000030517578,121.93000030517578,122.18000030517578,718100.0,101.27840423583984
2010-10-19,122.08000183105469,119.5999984741211,121.12000274658203,121.16000366210938,907400.0,100.43289947509766
2010-10-20,123.11000061035156,121.0999984741211,121.16000366210938,122.73999786376953,625400.0,101.74260711669922
2010-10-21,124.37000274658203,122.81999969482422,123.01000213623047,123.81999969482422,779300.0,102.6378402709961
2010-10-22,123.87000274658203,122.4800033569336,123.87000274658203,122.61000061035156,436300.0,101.63483428955078
2010-10-25,124.44999694824219,122.30999755859375,123.54000091552734,122.72000122070312,519600.0,101.72604370117188
2010-10-26,123.02999877929688,121.11000061035156,121.91999816894531,121.76000213623047,549800.0,100.9302749633789
2010-10-27,121.61000061035156,120.0999984741211,121.12999725341797,121.41999816894531,469000.0,100.64842987060547
2010-10-28,122.62000274658203,120.56999969482422,122.19999694824219,121.0999984741211,416500.0,100.3831787109375
2010-10-29,124.12999725341797,120.94999694824219,121.12999725341797,124.02999877929688,936000.0,102.81192016601562
2010-11-01,125.41000366210938,123.72000122070312,124.44999694824219,124.37000274658203,526700.0,103.0937728881836
2010-11-02,126.19000244140625,124.83999633789062,125.44999694824219,125.19000244140625,321800.0,103.77349853515625
2010-11-03,125.37000274658203,123.13999938964844,125.2699966430664,124.62000274658203,527400.0,103.30101013183594
2010-11-04,126.41999816894531,124.87999725341797,125.73999786376953,126.33999633789062,479900.0,105.18252563476562
2010-11-05,128.27000427246094,125.95999908447266,126.33999633789062,128.19000244140625,410700.0,106.72274017333984
2010-11-08,127.93000030517578,126.66999816894531,127.93000030517578,127.02999877929688,346300.0,105.75697326660156
2010-11-09,127.12000274658203,125.16999816894531,127.12000274658203,125.81999969482422,310400.0,104.74960327148438
2010-11-10,126.37999725341797,124.9000015258789,125.66000366210938,126.37000274658203,254800.0,105.20751190185547
2010-11-11,126.83999633789062,123.3499984741211,124.47000122070312,126.69999694824219,728200.0,105.48225402832031
2010-11-12,126.66000366210938,124.44999694824219,125.95999908447266,125.5,584500.0,104.48320770263672
2010-11-15,127.12999725341797,125.33999633789062,126.12000274658203,125.37000274658203,477500.0,104.37496948242188
2010-11-16,125.29000091552734,123.47000122070312,124.7699966430664,124.52999877929688,885900.0,103.67562866210938
2010-11-17,125.38999938964844,123.0,124.29000091552734,124.86000061035156,1213200.0,103.95038604736328
2010-11-18,126.62999725341797,124.1500015258789,125.93000030517578,125.23999786376953,864000.0,104.26676940917969
2010-11-19,125.86000061035156,124.2699966430664,124.87999725341797,125.77999877929688,509200.0,104.71629333496094
2010-11-22,126.19999694824219,124.5199966430664,125.5,125.94999694824219,422700.0,104.85783386230469
2010-11-23,124.93000030517578,123.62000274658203,124.58000183105469,124.05999755859375,756800.0,103.28436279296875
2010-11-24,127.02999877929688,124.83000183105469,124.87999725341797,126.69999694824219,479900.0,105.48225402832031
2010-11-26,126.33000183105469,125.69000244140625,125.75,125.75,163100.0,104.69132995605469
2010-11-29,125.41999816894531,123.77999877929688,124.87999725341797,125.05999755859375,440800.0,104.11688995361328
2010-11-30,125.83000183105469,123.62000274658203,123.62000274658203,124.93000030517578,767300.0,104.00867462158203
2010-12-01,128.25999450683594,125.97000122070312,125.98999786376953,127.2699966430664,659200.0,105.95679473876953
2010-12-02,131.30999755859375,127.2699966430664,127.41999816894531,131.16000366210938,728300.0,109.19535827636719
2010-12-03,131.92999267578125,130.50999450683594,130.69000244140625,131.58999633789062,333000.0,109.5533218383789
2010-12-06,132.3800048828125,130.91000366210938,131.39999389648438,131.9499969482422,304100.0,109.85306549072266
2010-12-07,134.0800018310547,132.2100067138672,134.0800018310547,132.6300048828125,578700.0,110.41918182373047
2010-12-08,132.7899932861328,131.38999938964844,132.7899932861328,132.1300048828125,508100.0,110.00292205810547
2010-12-09,132.99000549316406,131.75999450683594,132.99000549316406,132.35000610351562,285100.0,110.18608856201172
2010-12-10,133.75999450683594,132.0800018310547,132.57000732421875,133.6699981689453,230100.0,111.28504180908203
2010-12-13,134.7899932861328,133.33999633789062,134.14999389648438,133.77000427246094,426400.0,111.3682861328125
2010-12-14,135.25,133.82000732421875,134.08999633789062,134.8300018310547,356600.0,112.2507553100586
2010-12-15,136.25999450683594,134.32000732421875,134.42999267578125,135.3800048828125,554300.0,112.70863342285156
2010-12-16,136.9199981689453,134.64999389648438,135.24000549316406,136.8000030517578,349300.0,113.8908462524414
2010-12-17,136.83999633789062,136.0800018310547,136.83999633789062,136.19000244140625,605400.0,113.38299560546875
2010-12-20,137.85000610351562,136.41000366210938,136.52000427246094,137.3000030517578,274200.0,114.30711364746094
2010-12-21,138.5,137.52999877929688,137.72000122070312,138.5,273200.0,115.30616760253906
2010-12-22,138.58999633789062,137.7100067138672,138.58999633789062,138.00999450683594,237200.0,114.89825439453125
2010-12-23,138.3000030517578,137.77000427246094,137.99000549316406,138.07000732421875,133100.0,114.94816589355469
2010-12-27,138.86000061035156,137.41000366210938,138.0,138.64999389648438,127800.0,115.43104553222656
2010-12-28,139.07000732421875,137.50999450683594,138.8699951171875,138.00999450683594,206600.0,114.89825439453125
2010-12-29,139.0800018310547,137.94000244140625,138.4199981689453,137.9499969482422,239900.0,114.8482666015625
2010-12-30,138.6199951171875,137.41000366210938,137.6699981689453,138.2899932861328,143600.0,115.13133239746094
2010-12-31,139.08999633789062,137.91000366210938,138.1999969482422,138.11000061035156,181500.0,114.98143768310547
2011-01-03,140.1699981689453,138.75,139.17999267578125,139.5399932861328,402500.0,116.1719970703125
2011-01-04,140.0,137.39999389648438,140.0,139.22999572753906,637700.0,115.91390991210938
2011-01-05,139.85000610351562,138.0399932861328,138.66000366210938,138.67999267578125,402800.0,115.45600891113281
2011-01-06,137.5,133.41000366210938,137.5,133.66000366210938,1855500.0,111.27667999267578
2011-01-07,134.61000061035156,132.1300048828125,134.11000061035156,132.60000610351562,750400.0,110.39421844482422
2011-01-10,133.86000061035156,132.10000610351562,132.22999572753906,132.66000366210938,663100.0,110.44416046142578
2011-01-11,134.16000366210938,132.88999938964844,133.2100067138672,133.5399932861328,414700.0,111.17678833007812
2011-01-12,135.02000427246094,134.10000610351562,134.33999633789062,134.4600067138672,523500.0,111.9427719116211
2011-01-13,135.3699951171875,134.3300018310547,134.75999450683594,134.77999877929688,387300.0,112.20915985107422
2011-01-14,136.00999450683594,134.2899932861328,134.49000549316406,135.89999389648438,556800.0,113.14154815673828
2011-01-18,137.4600067138672,135.52000427246094,136.14999389648438,137.1999969482422,653700.0,114.2238540649414
2011-01-19,137.44000244140625,135.77999877929688,137.2100067138672,136.0800018310547,739900.0,113.29142761230469
2011-01-20,136.30999755859375,134.24000549316406,136.10000610351562,135.1999969482422,557800.0,112.5588150024414
2011-01-21,136.60000610351562,134.91000366210938,136.22999572753906,135.30999755859375,422700.0,112.650390625
2011-01-24,139.36000061035156,135.2100067138672,135.5500030517578,139.16000366210938,884100.0,115.85567474365234
2011-01-25,137.36000061035156,131.74000549316406,136.0399932861328,132.55999755859375,1624400.0,110.36093139648438
2011-01-26,132.44000244140625,129.9199981689453,131.88999938964844,132.17999267578125,931300.0,110.04450225830078
2011-01-27,134.52000427246094,132.11000061035156,132.1199951171875,133.99000549316406,828200.0,111.55143737792969
2011-01-28,134.36000061035156,129.63999938964844,134.14999389648438,130.2100067138672,717700.0,108.40445709228516
2011-01-31,132.19000244140625,130.3800048828125,130.82000732421875,131.47000122070312,642400.0,109.45343780517578
2011-02-01,132.60000610351562,131.32000732421875,132.42999267578125,132.32000732421875,507000.0,110.16111755371094
2011-02-02,132.50999450683594,131.13999938964844,132.05999755859375,131.72999572753906,499300.0,109.6698989868164
2011-02-03,133.07000732421875,131.0800018310547,131.32000732421875,132.36000061035156,380900.0,110.19438934326172
2011-02-04,133.5399932861328,131.97000122070312,132.25,133.4499969482422,512800.0,111.10186767578125
2011-02-07,135.27999877929688,133.41000366210938,133.6300048828125,134.66000366210938,542800.0,112.10919952392578
2011-02-08,135.6699981689453,134.36000061035156,134.50999450683594,135.44000244140625,435300.0,112.75860595703125
2011-02-09,136.1300048828125,134.99000549316406,134.99000549316406,135.27999877929688,438100.0,112.62540435791016
2011-02-10,136.50999450683594,133.99000549316406,133.99000549316406,135.8699951171875,380200.0,113.56993865966797
2011-02-11,136.08999633789062,134.52999877929688,135.14999389648438,135.72999572753906,406600.0,113.45292663574219
2011-02-14,135.83999633789062,134.30999755859375,135.83999633789062,134.47999572753906,392000.0,112.4080810546875
2011-02-15,134.32000732421875,133.3699951171875,134.13999938964844,134.0,315700.0,112.00687408447266
2011-02-16,135.16000366210938,133.6199951171875,134.35000610351562,134.22000122070312,317500.0,112.19073486328125
2011-02-17,134.44000244140625,133.25,133.91000366210938,134.0,327800.0,112.00687408447266
2011-02-18,135.85000610351562,134.07000732421875,134.2100067138672,135.66000366210938,557100.0,113.39440155029297
2011-02-22,135.2100067138672,132.61000061035156,134.25,133.00999450683594,462200.0,111.17932891845703
2011-02-23,133.33999633789062,129.00999450683594,132.9199981689453,130.52999877929688,617000.0,109.10636901855469
2011-02-24,131.38999938964844,129.38999938964844,130.24000549316406,130.07000732421875,544500.0,108.72187805175781
2011-02-25,131.85000610351562,129.97999572753906,130.55999755859375,131.72000122070312,427300.0,110.10106658935547
2011-02-28,133.41000366210938,131.85000610351562,132.0800018310547,133.2100067138672,516500.0,111.3465347290039
2011-03-01,137.13999938964844,131.8699951171875,134.33999633789062,132.02000427246094,533700.0,110.3518295288086
2011-03-02,135.30999755859375,131.0800018310547,131.5399932861328,134.75,541400.0,112.63375854492188
2011-03-03,137.9199981689453,135.91000366210938,135.91000366210938,137.3800048828125,730600.0,114.83207702636719
2011-03-04,137.9199981689453,135.17999267578125,136.8300018310547,136.42999267578125,294100.0,114.03800201416016
2011-03-07,137.19000244140625,135.4600067138672,136.72999572753906,135.77000427246094,512200.0,113.4863510131836
2011-03-08,137.3800048828125,135.60000610351562,136.3300018310547,136.6999969482422,379000.0,114.263671875
2011-03-09,137.39999389648438,134.75999450683594,136.33999633789062,137.0800018310547,548500.0,114.58135223388672
2011-03-10,135.94000244140625,134.0500030517578,135.35000610351562,134.41000366210938,551500.0,112.34957885742188
2011-03-11,137.00999450683594,133.83999633789062,134.02000427246094,136.47999572753906,417700.0,114.07980346679688
2011-03-14,136.6199951171875,134.17999267578125,135.5399932861328,135.52999877929688,357900.0,113.28572845458984
2011-03-15,135.3300018310547,132.02999877929688,132.49000549316406,134.38999938964844,466500.0,112.33284759521484
2011-03-16,135.0800018310547,131.4499969482422,134.02999877929688,133.1199951171875,687800.0,111.27129364013672
2011-03-17,135.7100067138672,133.50999450683594,135.6999969482422,134.5500030517578,600600.0,112.46656036376953
2011-03-18,136.6199951171875,134.82000732421875,136.52000427246094,135.52999877929688,435800.0,113.28572845458984
2011-03-21,137.91000366210938,136.3300018310547,137.44000244140625,136.52999877929688,509800.0,114.12163543701172
2011-03-22,136.49000549316406,135.1199951171875,136.19000244140625,135.69000244140625,390200.0,113.41946411132812
2011-03-23,135.6999969482422,133.9499969482422,135.32000732421875,135.0399932861328,407400.0,112.87613677978516
2011-03-24,136.36000061035156,135.3800048828125,135.6199951171875,135.72999572753906,373000.0,113.45292663574219
2011-03-25,136.92999267578125,135.64999389648438,135.8699951171875,135.91000366210938,275400.0,113.60336303710938
2011-03-28,137.44000244140625,135.44000244140625,136.52000427246094,136.42999267578125,512900.0,114.03800201416016
2011-03-29,138.1300048828125,135.4600067138672,136.22000122070312,137.97000122070312,365100.0,115.32525634765625
2011-03-30,139.13999938964844,137.1199951171875,138.67999267578125,137.27999877929688,383100.0,114.74851989746094
2011-03-31,137.8000030517578,137.07000732421875,137.22999572753906,137.67999267578125,446400.0,115.08285522460938
2011-04-01,140.97999572753906,137.75,138.0,140.8800048828125,583600.0,117.75767517089844
2011-04-04,141.58999633789062,140.5,140.8000030517578,140.9499969482422,391900.0,117.81617736816406
2011-04-05,142.33999633789062,140.7899932861328,140.9199981689453,141.52000427246094,480400.0,118.2926254272461
2011-04-06,145.92999267578125,143.42999267578125,143.72000122070312,144.1999969482422,851800.0,120.53276824951172
2011-04-07,145.25999450683594,143.32000732421875,143.85000610351562,143.82000732421875,384200.0,120.21510314941406
2011-04-08,144.75,142.3300018310547,144.50999450683594,143.1699981689453,271100.0,119.67179107666016
2011-04-11,144.27999877929688,142.77999877929688,143.1300048828125,143.52000427246094,366900.0,119.9643783569336
2011-04-12,143.3300018310547,141.47000122070312,142.69000244140625,141.9600067138672,305000.0,118.6603775024414
2011-04-13,142.75,140.30999755859375,142.30999755859375,141.64999389648438,448100.0,118.40126037597656
2011-04-14,142.3800048828125,140.08999633789062,141.07000732421875,142.24000549316406,300000.0,118.8944320678711
2011-04-15,143.99000549316406,142.13999938964844,142.6300048828125,142.86000061035156,593100.0,119.41268920898438
2011-04-18,148.1699981689453,145.0,146.2100067138672,145.32000732421875,1635800.0,121.46894836425781
2011-04-19,146.67999267578125,145.6199951171875,145.86000061035156,145.9199981689453,763100.0,121.97045135498047
2011-04-20,149.9600067138672,146.77999877929688,147.38999938964844,149.8699951171875,879600.0,125.27212524414062
2011-04-21,150.0,148.8300018310547,150.0,149.64999389648438,382100.0,125.08827209472656
2011-04-25,149.47000122070312,148.13999938964844,149.24000549316406,148.94000244140625,294400.0,124.49473571777344
2011-04-26,149.89999389648438,148.8000030517578,149.83999633789062,149.02000427246094,678100.0,124.56168365478516
2011-04-27,150.39999389648438,149.0,149.13999938964844,150.19000244140625,575600.0,125.53962707519531
2011-04-28,151.11000061035156,149.52999877929688,149.52999877929688,150.83999633789062,278900.0,126.08293914794922
2011-04-29,152.24000549316406,150.5500030517578,151.5500030517578,151.60000610351562,386000.0,126.71823120117188
2011-05-02,151.85000610351562,149.7100067138672,151.42999267578125,149.8000030517578,315300.0,125.21360778808594
2011-05-03,150.75,148.64999389648438,149.44000244140625,149.3800048828125,403300.0,124.86255645751953
2011-05-04,149.6199951171875,147.35000610351562,148.97999572753906,148.30999755859375,456800.0,123.96819305419922
2011-05-05,148.6300048828125,145.8000030517578,147.08999633789062,146.7899932861328,404400.0,123.24613952636719
2011-05-06,149.6199951171875,147.25999450683594,148.47000122070312,147.91000366210938,316500.0,124.18644714355469
2011-05-09,149.0500030517578,147.55999755859375,147.55999755859375,148.27000427246094,272000.0,124.48875427246094
2011-05-10,151.02999877929688,148.4499969482422,148.4499969482422,150.88999938964844,407600.0,126.68853759765625
2011-05-11,150.8800048828125,148.22999572753906,150.58999633789062,150.0500030517578,462800.0,125.98323822021484
2011-05-12,152.0399932861328,148.89999389648438,149.94000244140625,151.77999877929688,536000.0,127.435791015625
2011-05-13,153.60000610351562,150.6199951171875,152.19000244140625,151.0,564800.0,126.78089904785156
2011-05-16,151.25999450683594,149.3800048828125,150.5800018310547,150.3000030517578,371700.0,126.19316864013672
2011-05-17,150.10000610351562,148.14999389648438,149.8800048828125,149.08999633789062,493000.0,125.17723846435547
2011-05-18,151.8000030517578,148.61000061035156,149.08999633789062,151.74000549316406,275800.0,127.40215301513672
2011-05-19,152.4499969482422,150.44000244140625,151.9600067138672,151.4499969482422,353800.0,127.15866088867188
2011-05-20,151.47000122070312,149.25,151.47000122070312,150.8300018310547,437200.0,126.63815307617188
2011-05-23,149.89999389648438,148.27000427246094,149.27000427246094,148.88999938964844,462600.0,125.0092544555664
2011-05-24,149.7899932861328,146.85000610351562,149.25999450683594,147.33999633789062,620400.0,123.70791625976562
2011-05-25,148.75,147.0500030517578,147.13999938964844,148.5,401600.0,124.68183135986328
2011-05-26,149.75,147.3000030517578,148.33999633789062,149.3699951171875,240100.0,125.41230010986328
2011-05-27,150.17999267578125,149.24000549316406,149.8000030517578,149.41000366210938,222800.0,125.44590759277344
2011-05-31,151.16000366210938,149.22999572753906,151.16000366210938,151.07000732421875,497000.0,126.83966827392578
2011-06-01,151.17999267578125,144.61000061035156,150.63999938964844,144.8000030517578,665100.0,121.5752944946289
2011-06-02,146.1199951171875,143.47000122070312,145.02999877929688,144.7899932861328,470600.0,121.56689453125
2011-06-03,144.66000366210938,142.05999755859375,142.7100067138672,143.57000732421875,393000.0,120.54258728027344
2011-06-06,144.22999572753906,142.10000610351562,143.22000122070312,144.02999877929688,525700.0,120.92880249023438
2011-06-07,144.99000549316406,143.60000610351562,144.32000732421875,143.61000061035156,242400.0,120.576171875
2011-06-08,143.4499969482422,141.97999572753906,143.36000061035156,142.64999389648438,368500.0,119.77014923095703
2011-06-09,143.94000244140625,142.3800048828125,142.80999755859375,143.4199981689453,207400.0,120.41666412353516
2011-06-10,143.16000366210938,141.17999267578125,143.00999450683594,141.89999389648438,513400.0,119.14044952392578
2011-06-13,143.5,142.00999450683594,142.63999938964844,142.80999755859375,505000.0,119.90447235107422
2011-06-14,146.97000122070312,143.75,143.8800048828125,145.69000244140625,574500.0,122.322509765625
2011-06-15,145.5,143.10000610351562,144.42999267578125,143.13999938964844,554400.0,120.18155670166016
2011-06-16,144.5500030517578,142.00999450683594,143.25,144.27000427246094,525300.0,121.13031005859375
2011-06-17,145.7899932861328,144.4499969482422,145.47999572753906,144.5399932861328,491600.0,121.35697937011719
2011-06-20,146.25999450683594,143.47999572753906,144.1199951171875,146.0399932861328,301400.0,122.6164321899414
2011-06-21,148.75999450683594,145.3000030517578,147.19000244140625,148.5,417300.0,124.68183135986328
2011-06-22,149.5800018310547,147.58999633789062,148.13999938964844,149.10000610351562,579200.0,125.18563079833984
2011-06-23,149.35000610351562,146.32000732421875,147.33999633789062,149.16000366210938,943000.0,125.2359848022461
2011-06-24,149.4600067138672,146.5500030517578,149.11000061035156,147.3699951171875,575500.0,123.73311614990234
2011-06-27,149.17999267578125,146.5500030517578,147.75,148.1199951171875,689000.0,124.3628158569336
2011-06-28,151.5399932861328,149.00999450683594,149.1699981689453,151.50999450683594,477900.0,127.2090835571289
2011-06-29,152.5500030517578,150.85000610351562,152.0,151.58999633789062,348800.0,127.27621459960938
2011-06-30,154.67999267578125,151.44000244140625,151.44000244140625,153.64999389648438,595500.0,129.00579833984375
2011-07-01,158.4600067138672,153.1300048828125,154.02000427246094,158.2100067138672,569100.0,132.83445739746094
2011-07-05,159.0,157.0,158.2100067138672,158.19000244140625,575500.0,132.8176727294922
2011-07-06,159.7100067138672,157.3699951171875,157.61000061035156,159.6300048828125,359200.0,134.02670288085938
2011-07-07,161.2100067138672,160.1699981689453,160.77000427246094,160.77999877929688,294300.0,134.99224853515625
2011-07-08,160.9499969482422,158.74000549316406,159.25,160.75,373800.0,134.967041015625
2011-07-11,160.1199951171875,157.97999572753906,159.0399932861328,158.5399932861328,362900.0,133.1114959716797
2011-07-12,159.52999877929688,157.75,158.3800048828125,158.3000030517578,303900.0,132.91001892089844
2011-07-13,161.02000427246094,158.36000061035156,158.77000427246094,158.75,302500.0,133.28781127929688
2011-07-14,160.67999267578125,156.1199951171875,159.5399932861328,156.58999633789062,460300.0,131.47427368164062
2011-07-15,158.36000061035156,156.6300048828125,157.5500030517578,157.6199951171875,454300.0,132.339111328125
2011-07-18,157.5800018310547,154.75,157.44000244140625,156.30999755859375,506600.0,131.2391815185547
2011-07-19,156.82000732421875,152.7899932861328,155.49000549316406,156.24000549316406,1012600.0,131.1804656982422
2011-07-20,157.64999389648438,154.52999877929688,157.4499969482422,155.66000366210938,464900.0,130.69342041015625
2011-07-21,157.88999938964844,155.3300018310547,156.57000732421875,156.1699981689453,694100.0,131.12164306640625
2011-07-22,156.72000122070312,154.72999572753906,156.14999389648438,155.4499969482422,339400.0,130.5171356201172
2011-07-25,155.9199981689453,153.38999938964844,154.14999389648438,154.83999633789062,528800.0,130.00498962402344
2011-07-26,154.47999572753906,149.5500030517578,154.47999572753906,149.99000549316406,626900.0,125.93285369873047
2011-07-27,150.61000061035156,146.32000732421875,150.0,148.75999450683594,879700.0,124.9001235961914
2011-07-28,152.92999267578125,147.8300018310547,148.75999450683594,148.83999633789062,728900.0,124.96732330322266
2011-07-29,149.6199951171875,146.32000732421875,146.32000732421875,148.3699951171875,615000.0,124.57268524169922
2011-08-01,149.75999450683594,145.66000366210938,149.58999633789062,147.3000030517578,859500.0,123.67430114746094
2011-08-02,146.99000549316406,141.27000427246094,146.02999877929688,141.42999267578125,843500.0,118.74579620361328
2011-08-03,143.77999877929688,139.14999389648438,141.36000061035156,142.77999877929688,834000.0,119.87931060791016
2011-08-04,140.88999938964844,136.47000122070312,140.4600067138672,136.6300048828125,831400.0,115.24847412109375
2011-08-05,141.8800048828125,134.72000122070312,138.4499969482422,138.5,1341700.0,116.82582092285156
2011-08-08,136.74000549316406,129.7899932861328,135.0,129.86000061035156,1466400.0,109.53788757324219
2011-08-09,133.44000244140625,124.33000183105469,131.63999938964844,132.57000732421875,1512400.0,111.82379150390625
2011-08-10,131.14999389648438,125.81999969482422,128.8699951171875,126.11000061035156,1277700.0,106.37474060058594
2011-08-11,135.52999877929688,126.80000305175781,127.16000366210938,133.22000122070312,976100.0,112.37208557128906
2011-08-12,137.36000061035156,133.8800048828125,134.50999450683594,135.83999633789062,680600.0,114.58206939697266
2011-08-15,139.42999267578125,136.25999450683594,138.00999450683594,138.57000732421875,817000.0,116.88484191894531
2011-08-16,139.9499969482422,136.5500030517578,136.97999572753906,137.25999450683594,632300.0,115.77981567382812
2011-08-17,138.6699981689453,135.64999389648438,138.0,137.0800018310547,325400.0,115.6280288696289
2011-08-18,133.60000610351562,129.41000366210938,133.50999450683594,130.9499969482422,868000.0,110.45732116699219
2011-08-19,134.58999633789062,129.27000427246094,129.27000427246094,130.33999633789062,989700.0,109.9427719116211
2011-08-22,134.08999633789062,131.52000427246094,133.24000549316406,132.67999267578125,731300.0,111.91658782958984
2011-08-23,138.22000122070312,132.0,133.27999877929688,138.14999389648438,531500.0,116.53059387207031
2011-08-24,141.10000610351562,137.19000244140625,137.72999572753906,140.97999572753906,639200.0,118.91769409179688
2011-08-25,141.91000366210938,137.27000427246094,141.1999969482422,138.02000427246094,452600.0,116.42089080810547
2011-08-26,143.1300048828125,135.55999755859375,136.9499969482422,143.0500030517578,525400.0,120.66374206542969
2011-08-29,148.75,145.64999389648438,145.64999389648438,148.58999633789062,530100.0,125.3368148803711
2011-08-30,151.35000610351562,147.80999755859375,148.17999267578125,150.41000366210938,500400.0,126.87196350097656
2011-08-31,156.85000610351562,151.80999755859375,151.80999755859375,154.10000610351562,880200.0,129.98451232910156
2011-09-01,155.7100067138672,149.72999572753906,153.00999450683594,150.9600067138672,833900.0,127.33590698242188
2011-09-02,150.3800048828125,145.85000610351562,147.39999389648438,148.39999389648438,568600.0,125.17652130126953
2011-09-06,149.19000244140625,143.57000732421875,144.27000427246094,148.99000549316406,813700.0,125.6741943359375
2011-09-07,153.5399932861328,150.24000549316406,151.42999267578125,153.0399932861328,659200.0,129.0903778076172
2011-09-08,154.6199951171875,151.82000732421875,152.07000732421875,152.4499969482422,657600.0,128.59274291992188
2011-09-09,152.5800018310547,147.27000427246094,151.1300048828125,149.22000122070312,675400.0,125.86823272705078
2011-09-12,151.8800048828125,147.14999389648438,147.25999450683594,151.72000122070312,749200.0,127.97698974609375
2011-09-13,158.82000732421875,151.83999633789062,152.0,157.27000427246094,1089200.0,132.658447265625
2011-09-14,161.97000122070312,155.58999633789062,158.97999572753906,159.72999572753906,782600.0,134.7334747314453
2011-09-15,162.44000244140625,158.30999755859375,160.86000061035156,161.6300048828125,883400.0,136.33615112304688
2011-09-16,165.5500030517578,158.9600067138672,165.5500030517578,159.88999938964844,1347500.0,134.86843872070312
2011-09-19,161.0,155.75999450683594,156.10000610351562,160.36000061035156,577800.0,135.26490783691406
2011-09-20,163.97999572753906,159.32000732421875,160.86000061035156,160.47000122070312,424700.0,135.35765075683594
2011-09-21,161.32000732421875,156.9499969482422,160.08999633789062,157.0500030517578,582500.0,132.47280883789062
2011-09-22,155.27999877929688,151.7100067138672,152.25,154.49000549316406,1182500.0,130.3134765625
2011-09-23,155.49000549316406,152.9600067138672,153.63999938964844,154.27000427246094,535300.0,130.1279296875
2011-09-26,158.4499969482422,153.02999877929688,154.94000244140625,158.1300048828125,593200.0,133.38381958007812
2011-09-27,162.97999572753906,159.47999572753906,162.50999450683594,159.97999572753906,865200.0,134.94436645507812
2011-09-28,161.41000366210938,154.13999938964844,159.19000244140625,154.52000427246094,758300.0,130.3387451171875
2011-09-29,158.64999389648438,150.42999267578125,157.3000030517578,153.27000427246094,1010600.0,129.28440856933594
2011-09-30,153.5500030517578,149.35000610351562,151.16000366210938,149.5399932861328,660500.0,126.13811492919922
2011-10-03,148.27000427246094,143.5800018310547,147.2100067138672,143.86000061035156,1122900.0,121.34700012207031
2011-10-04,149.55999755859375,141.36000061035156,142.36000061035156,149.44000244140625,1200000.0,126.05376434326172
2011-10-05,152.02999877929688,147.6199951171875,148.77999877929688,151.49000549316406,512700.0,127.78298950195312
2011-10-06,152.6300048828125,148.0,149.02999877929688,152.22999572753906,819100.0,128.40716552734375
2011-10-07,153.6699981689453,149.39999389648438,153.49000549316406,149.99000549316406,679700.0,126.5177001953125
2011-10-10,155.07000732421875,152.30999755859375,154.07000732421875,154.16000366210938,525100.0,130.0351104736328
2011-10-11,155.1300048828125,152.6300048828125,153.75,154.3300018310547,632200.0,130.1785125732422
2011-10-12,160.8800048828125,154.9499969482422,154.97999572753906,158.82000732421875,811500.0,133.9658660888672
2011-10-13,157.64999389648438,154.0800018310547,157.61000061035156,156.2100067138672,529000.0,131.76426696777344
2011-10-14,160.9600067138672,156.74000549316406,158.7100067138672,157.91000366210938,577900.0,133.1982879638672
2011-10-17,157.97999572753906,154.58999633789062,157.63999938964844,155.08999633789062,611900.0,130.81956481933594
2011-10-18,167.4199981689453,156.6999969482422,157.5,166.3000030517578,1480700.0,140.27529907226562
2011-10-19,167.50999450683594,163.11000061035156,166.94000244140625,163.58999633789062,762900.0,137.98944091796875
2011-10-20,165.72999572753906,162.5,164.0,165.1199951171875,450200.0,139.2799835205078
2011-10-21,168.0,164.7899932861328,166.1300048828125,167.63999938964844,530700.0,141.40560913085938
2011-10-24,172.3300018310547,167.1199951171875,167.52000427246094,170.85000610351562,610600.0,144.11326599121094
2011-10-25,171.4499969482422,167.22000122070312,169.7100067138672,168.25,515200.0,141.92013549804688
2011-10-26,170.63999938964844,167.13999938964844,170.60000610351562,169.77000427246094,648500.0,143.20225524902344
2011-10-27,177.77000427246094,173.3300018310547,176.1199951171875,174.17999267578125,637200.0,146.922119140625
2011-10-28,174.92999267578125,172.05999755859375,173.52999877929688,174.00999450683594,367300.0,146.7787322998047
2011-10-31,175.9499969482422,171.2899932861328,172.02000427246094,171.30999755859375,644300.0,144.5012969970703
2011-11-01,172.97000122070312,166.0,166.00999450683594,169.6300048828125,674200.0,143.0841827392578
2011-11-02,175.22999572753906,171.27000427246094,172.0,174.5500030517578,541700.0,147.23423767089844
2011-11-03,179.5,176.0,176.1999969482422,179.1199951171875,508000.0,151.0890350341797
2011-11-04,179.0500030517578,176.0399932861328,177.52000427246094,178.3300018310547,326200.0,150.4227294921875
2011-11-07,178.99000549316406,175.02999877929688,178.36000061035156,178.6300048828125,231600.0,150.67575073242188
2011-11-08,181.72000122070312,177.0500030517578,178.85000610351562,181.3300018310547,367100.0,152.95323181152344
2011-11-09,178.16000366210938,172.3699951171875,177.10000610351562,172.6699981689453,714400.0,146.18051147460938
2011-11-10,176.8300018310547,174.16000366210938,175.0,176.27000427246094,497500.0,149.22824096679688
2011-11-11,180.3000030517578,177.2899932861328,178.0500030517578,179.39999389648438,372600.0,151.87803649902344
2011-11-14,179.94000244140625,176.36000061035156,179.1300048828125,177.50999450683594,482000.0,150.27804565429688
2011-11-15,179.97000122070312,175.69000244140625,177.02999877929688,179.3000030517578,332400.0,151.79342651367188
2011-11-16,179.11000061035156,176.1199951171875,177.5,176.83999633789062,688000.0,149.71078491210938
2011-11-17,177.0399932861328,173.75,176.94000244140625,175.49000549316406,617500.0,148.56793212890625
2011-11-18,177.3800048828125,174.7100067138672,175.83999633789062,176.33999633789062,461700.0,149.28749084472656
2011-11-21,175.5500030517578,173.1699981689453,173.1699981689453,173.9600067138672,483000.0,147.2726287841797
2011-11-22,176.11000061035156,173.3300018310547,174.0399932861328,174.08999633789062,517300.0,147.3826446533203
2011-11-23,173.2100067138672,168.97999572753906,172.55999755859375,169.42999267578125,304500.0,143.43753051757812
2011-11-25,172.10000610351562,168.77000427246094,169.75999450683594,170.30999755859375,165800.0,144.18260192871094
2011-11-28,177.7100067138672,174.72000122070312,175.0,175.72999572753906,378900.0,148.7711181640625
2011-11-29,178.05999755859375,175.36000061035156,176.64999389648438,176.49000549316406,427600.0,149.4144744873047
2011-11-30,187.47000122070312,179.7100067138672,181.27000427246094,186.89999389648438,956100.0,158.22744750976562
2011-12-01,189.0399932861328,185.89999389648438,186.89999389648438,186.3000030517578,416400.0,157.71951293945312
2011-12-02,191.83999633789062,186.07000732421875,188.75999450683594,186.1999969482422,430400.0,157.63490295410156
2011-12-05,189.1699981689453,186.5,189.0,187.30999755859375,358900.0,158.57456970214844
2011-12-06,188.64999389648438,186.1699981689453,187.80999755859375,186.22000122070312,428900.0,157.6518096923828
2011-12-07,186.0800018310547,183.3800048828125,185.0800018310547,185.35000610351562,337400.0,156.91522216796875
2011-12-08,185.6300048828125,182.80999755859375,184.3699951171875,183.27999877929688,291500.0,155.1628875732422
2011-12-09,187.1199951171875,183.9600067138672,184.27999877929688,186.52000427246094,325600.0,157.9057159423828
2011-12-12,185.0,182.47999572753906,183.5,183.83999633789062,305400.0,155.6369171142578
2011-12-13,185.9199981689453,179.60000610351562,185.00999450683594,180.6199951171875,318600.0,152.91091918945312
2011-12-14,181.00999450683594,177.36000061035156,180.1999969482422,178.08999633789062,361300.0,150.76902770996094
2011-12-15,179.97999572753906,177.33999633789062,179.97999572753906,178.4199981689453,546400.0,151.04844665527344
2011-12-16,182.83999633789062,178.49000549316406,180.0,178.99000549316406,528800.0,151.531005859375
2011-12-19,183.5,179.9199981689453,180.1699981689453,181.7100067138672,488200.0,153.8336639404297
2011-12-20,186.83999633789062,183.1699981689453,183.1699981689453,186.7100067138672,402600.0,158.0665740966797
2011-12-21,187.72000122070312,184.41000366210938,186.64999389648438,187.47000122070312,309000.0,158.71009826660156
2011-12-22,187.3300018310547,184.24000549316406,187.27999877929688,186.4600067138672,419600.0,157.85499572753906
2011-12-23,189.42999267578125,186.0500030517578,187.3800048828125,189.33999633789062,222000.0,160.29315185546875
2011-12-27,193.2100067138672,188.1199951171875,189.1999969482422,192.30999755859375,408800.0,162.80751037597656
2011-12-28,192.6699981689453,187.25999450683594,192.6699981689453,188.8699951171875,398900.0,159.89529418945312
2011-12-29,190.58999633789062,188.22999572753906,188.99000549316406,189.6300048828125,321900.0,160.53866577148438
2011-12-30,189.6999969482422,187.0399932861328,189.6999969482422,187.19000244140625,218000.0,158.4730224609375
2012-01-03,191.47000122070312,185.5399932861328,191.2899932861328,185.58999633789062,694300.0,157.11849975585938
2012-01-04,188.17999267578125,184.3699951171875,184.58999633789062,187.8699951171875,734200.0,159.04869079589844
2012-01-05,190.5399932861328,185.60000610351562,186.75,190.1999969482422,426800.0,161.02120971679688
2012-01-06,191.0,188.9600067138672,189.8300018310547,190.33999633789062,289600.0,161.1397705078125
2012-01-09,192.08999633789062,190.00999450683594,190.36000061035156,191.1300048828125,221500.0,161.8085174560547
2012-01-10,193.49000549316406,190.50999450683594,193.0,191.25999450683594,362600.0,161.91859436035156
2012-01-11,193.50999450683594,190.3699951171875,191.0800018310547,193.0,231800.0,163.39169311523438
2012-01-12,195.0,193.82000732421875,194.0500030517578,194.0800018310547,326900.0,164.3059844970703
2012-01-13,197.0500030517578,192.0,192.0,196.6999969482422,331700.0,166.52401733398438
2012-01-17,201.22999572753906,198.36000061035156,198.36000061035156,200.4499969482422,518100.0,169.6987762451172
2012-01-18,202.3000030517578,198.00999450683594,199.47999572753906,202.10000610351562,530400.0,171.09559631347656
2012-01-19,203.44000244140625,201.02000427246094,203.0399932861328,202.10000610351562,453200.0,171.09559631347656
2012-01-20,202.94000244140625,200.33999633789062,202.25,200.64999389648438,459300.0,169.86807250976562
2012-01-23,204.3699951171875,201.6699981689453,201.69000244140625,202.64999389648438,321000.0,171.5612335205078
2012-01-24,204.6199951171875,201.16000366210938,201.4600067138672,203.50999450683594,356900.0,172.28929138183594
2012-01-25,199.36000061035156,190.58999633789062,197.10000610351562,195.1699981689453,1065300.0,165.22879028320312
2012-01-26,195.17999267578125,191.83999633789062,194.44000244140625,192.60000610351562,677200.0,163.05300903320312
2012-01-27,194.11000061035156,191.19000244140625,191.22000122070312,193.17999267578125,435800.0,163.5440673828125
2012-01-30,194.3699951171875,191.4499969482422,192.0,193.82000732421875,271400.0,164.0858612060547
2012-01-31,195.50999450683594,190.33999633789062,194.47999572753906,190.74000549316406,522600.0,161.47837829589844
2012-02-01,194.25,191.8300018310547,191.83999633789062,193.3699951171875,260500.0,163.70494079589844
2012-02-02,196.6300048828125,193.64999389648438,193.64999389648438,196.30999755859375,416900.0,166.19390869140625
2012-02-03,203.5,197.75,197.75,203.05999755859375,580200.0,171.90835571289062
2012-02-06,203.64999389648438,201.72000122070312,201.72000122070312,202.80999755859375,417300.0,171.6967315673828
2012-02-07,204.1699981689453,200.3800048828125,201.99000549316406,201.85000610351562,421800.0,170.88397216796875
2012-02-08,202.24000549316406,200.52000427246094,202.0,201.75,324400.0,170.79930114746094
2012-02-09,202.0,198.8300018310547,201.02999877929688,201.5399932861328,204200.0,171.1815643310547
2012-02-10,200.4499969482422,197.6999969482422,199.94000244140625,200.16000366210938,282600.0,170.00946044921875
2012-02-13,209.57000732421875,202.0,202.0,208.4600067138672,528300.0,177.05917358398438
2012-02-14,209.89999389648438,207.17999267578125,207.85000610351562,209.10000610351562,350200.0,177.602783203125
2012-02-15,209.88999938964844,207.57000732421875,209.57000732421875,207.8300018310547,350300.0,176.5240478515625
2012-02-16,209.42999267578125,207.50999450683594,208.0,208.8800048828125,210300.0,177.41590881347656
2012-02-17,209.89999389648438,207.19000244140625,209.89999389648438,208.8800048828125,244200.0,177.41590881347656
2012-02-21,209.89999389648438,205.97999572753906,209.89999389648438,206.82000732421875,244200.0,175.66619873046875
2012-02-22,207.64999389648438,205.35000610351562,205.35000610351562,206.33999633789062,149100.0,175.25848388671875
2012-02-23,208.07000732421875,205.5,205.99000549316406,207.97000122070312,161100.0,176.64295959472656
2012-02-24,208.57000732421875,206.52999877929688,208.33999633789062,207.2899932861328,175900.0,176.06539916992188
2012-02-27,210.9199981689453,205.60000610351562,205.7899932861328,210.17999267578125,234600.0,178.52005004882812
2012-02-28,212.0,207.72999572753906,209.86000061035156,209.0399932861328,205100.0,177.55177307128906
2012-02-29,210.0,207.0500030517578,209.19000244140625,207.72999572753906,320900.0,176.43914794921875
2012-03-01,209.58999633789062,206.6999969482422,208.00999450683594,207.82000732421875,367500.0,176.5155792236328
2012-03-02,208.3300018310547,206.5,207.83999633789062,208.10000610351562,270200.0,176.75335693359375
2012-03-05,209.3300018310547,207.11000061035156,208.11000061035156,208.9600067138672,210900.0,177.4838104248047
2012-03-06,207.72000122070312,204.6699981689453,207.67999267578125,205.5399932861328,321500.0,174.57901000976562
2012-03-07,207.4199981689453,205.9199981689453,206.1999969482422,206.1199951171875,298800.0,175.0715789794922
2012-03-08,209.27999877929688,206.86000061035156,207.97999572753906,207.55999755859375,344500.0,176.29473876953125
2012-03-09,213.0,208.08999633789062,208.5,211.77000427246094,363900.0,179.8705596923828
2012-03-12,214.69000244140625,211.8699951171875,212.25999450683594,213.42999267578125,301100.0,181.28048706054688
2012-03-13,216.6199951171875,213.39999389648438,214.5500030517578,216.4499969482422,358600.0,183.84555053710938
2012-03-14,217.08999633789062,215.02999877929688,216.0800018310547,216.11000061035156,283200.0,183.55682373046875
2012-03-15,216.77000427246094,213.80999755859375,216.17999267578125,216.47999572753906,217600.0,183.87110900878906
2012-03-16,216.4499969482422,214.08999633789062,216.4499969482422,214.08999633789062,394800.0,181.8411102294922
2012-03-19,214.08999633789062,211.66000366210938,214.0,212.67999267578125,366700.0,180.64352416992188
2012-03-20,212.67999267578125,209.72000122070312,211.6999969482422,212.19000244140625,486000.0,180.22726440429688
2012-03-21,216.0,211.9499969482422,212.58999633789062,214.7100067138672,269100.0,182.3677215576172
2012-03-22,214.07000732421875,211.27999877929688,213.7100067138672,213.61000061035156,307300.0,181.43344116210938
2012-03-23,215.4199981689453,210.16000366210938,212.6300048828125,214.72000122070312,450500.0,182.37619018554688
2012-03-26,218.27000427246094,216.11000061035156,216.57000732421875,218.0,298300.0,185.162109375
2012-03-27,221.83999633789062,217.7100067138672,218.25999450683594,219.36000061035156,435600.0,186.3173065185547
2012-03-28,218.8800048828125,214.02999877929688,218.8800048828125,216.27000427246094,257600.0,183.6927490234375
2012-03-29,217.7899932861328,214.25999450683594,215.16000366210938,217.5500030517578,254600.0,184.77989196777344
2012-03-30,218.2899932861328,214.80999755859375,218.0399932861328,214.80999755859375,327800.0,182.4525909423828
2012-04-02,219.07000732421875,213.6300048828125,214.64999389648438,218.19000244140625,264600.0,185.32351684570312
2012-04-03,219.9600067138672,216.75,218.22999572753906,219.47999572753906,260100.0,186.4192352294922
2012-04-04,218.33999633789062,216.17999267578125,218.24000549316406,217.42999267578125,311500.0,184.6779327392578
2012-04-05,217.89999389648438,215.94000244140625,216.47000122070312,217.27000427246094,175000.0,184.54209899902344
2012-04-09,214.7899932861328,212.08999633789062,214.25,213.8000030517578,162700.0,181.59478759765625
2012-04-10,213.7899932861328,207.5399932861328,213.02000427246094,207.6199951171875,392700.0,176.34568786621094
2012-04-11,213.9199981689453,208.67999267578125,213.9199981689453,211.61000061035156,440100.0,179.7346954345703
2012-04-12,216.0399932861328,209.0399932861328,210.0,214.0,453200.0,181.7646942138672
2012-04-13,214.89999389648438,209.4600067138672,209.4600067138672,213.17999267578125,383900.0,181.0681610107422
2012-04-16,217.47000122070312,213.14999389648438,213.14999389648438,215.58999633789062,526800.0,183.11517333984375
2012-04-17,216.49000549316406,210.0,211.00999450683594,215.6300048828125,1014100.0,183.1491241455078
2012-04-18,218.57000732421875,213.33999633789062,216.0800018310547,216.75,587600.0,184.10043334960938
2012-04-19,216.83999633789062,211.9600067138672,216.83999633789062,213.25999450683594,507000.0,181.13609313964844
2012-04-20,221.0,213.13999938964844,213.74000549316406,219.89999389648438,637300.0,186.7759246826172
2012-04-23,218.99000549316406,210.9199981689453,218.99000549316406,211.24000549316406,818300.0,179.42039489746094
2012-04-24,210.8699951171875,199.5399932861328,210.8699951171875,204.00999450683594,2017100.0,173.2794647216797
2012-04-25,209.57000732421875,204.00999450683594,204.8800048828125,208.44000244140625,1196100.0,177.0421600341797
2012-04-26,210.00999450683594,206.44000244140625,208.97999572753906,209.4600067138672,772200.0,177.9085235595703
2012-04-27,213.0,208.9199981689453,210.0,212.8300018310547,985700.0,180.7709197998047
2012-04-30,210.83999633789062,207.25999450683594,209.25,207.82000732421875,520500.0,176.5155792236328
2012-05-01,209.6199951171875,205.7899932861328,208.42999267578125,207.8300018310547,460200.0,176.5240478515625
2012-05-02,209.2100067138672,203.3000030517578,204.83999633789062,209.02999877929688,564300.0,177.5433349609375
2012-05-03,209.97999572753906,204.7899932861328,209.97999572753906,205.66000366210938,487100.0,174.680908203125
2012-05-04,204.1300048828125,201.66000366210938,202.24000549316406,201.75,452400.0,171.3599090576172
2012-05-07,205.94000244140625,200.0,200.6999969482422,204.6999969482422,416400.0,173.8655242919922
2012-05-08,203.9600067138672,199.85000610351562,203.33999633789062,203.27000427246094,622600.0,172.6510009765625
2012-05-09,203.5399932861328,198.00999450683594,199.5,201.75999450683594,396100.0,171.36834716796875
2012-05-10,204.89999389648438,201.99000549316406,203.6999969482422,202.39999389648438,461400.0,172.59632873535156
2012-05-11,201.47999572753906,194.44000244140625,201.4199981689453,194.57000732421875,1377500.0,165.91934204101562
2012-05-14,195.35000610351562,190.32000732421875,195.35000610351562,191.25,832500.0,163.0882110595703
2012-05-15,193.49000549316406,190.13999938964844,192.16000366210938,191.77000427246094,543100.0,163.5316162109375
2012-05-16,193.99000549316406,191.77000427246094,193.11000061035156,191.77000427246094,445700.0,163.5316162109375
2012-05-17,192.14999389648438,187.44000244140625,191.77000427246094,188.39999389648438,873300.0,160.65786743164062
2012-05-18,190.2899932861328,185.72999572753906,189.5399932861328,186.22999572753906,784900.0,158.8074188232422
2012-05-21,189.36000061035156,186.25,186.7100067138672,188.99000549316406,570200.0,161.1610107421875
2012-05-22,194.27999877929688,188.97999572753906,190.2899932861328,193.57000732421875,844200.0,165.06655883789062
2012-05-23,195.6300048828125,190.47000122070312,192.05999755859375,195.4499969482422,925000.0,166.66976928710938
2012-05-24,198.75,193.85000610351562,196.0,194.83999633789062,523100.0,166.1495819091797
2012-05-25,195.99000549316406,193.50999450683594,195.3800048828125,193.89999389648438,278600.0,165.3479766845703
2012-05-29,196.52000427246094,194.4600067138672,194.66000366210938,196.33999633789062,485500.0,167.42869567871094
2012-05-30,196.9499969482422,194.02999877929688,195.74000549316406,195.66000366210938,429400.0,166.8488006591797
2012-05-31,196.07000732421875,189.75999450683594,195.3800048828125,193.64999389648438,643200.0,165.1348114013672
2012-06-01,191.1300048828125,188.24000549316406,189.8699951171875,188.25,797100.0,160.5299530029297
2012-06-04,189.41000366210938,185.4199981689453,188.58999633789062,187.5,781000.0,159.890380859375
2012-06-05,183.77999877929688,172.5,183.77999877929688,177.9499969482422,2428700.0,151.7466278076172
2012-06-06,183.8699951171875,178.52000427246094,179.3800048828125,182.3800048828125,1292100.0,155.5243377685547
2012-06-07,187.74000549316406,184.22000122070312,184.63999938964844,185.74000549316406,934000.0,158.3895721435547
2012-06-08,190.3300018310547,186.7100067138672,187.6199951171875,189.97999572753906,920700.0,162.00521850585938
2012-06-11,190.6699981689453,180.3800048828125,189.24000549316406,180.8800048828125,1199800.0,154.24520874023438
2012-06-12,182.33999633789062,178.36000061035156,180.72999572753906,181.5800018310547,1100200.0,154.84214782714844
2012-06-13,182.41000366210938,175.92999267578125,182.41000366210938,177.22000122070312,728100.0,151.1241455078125
2012-06-14,179.5800018310547,175.52000427246094,177.67999267578125,177.10000610351562,636100.0,151.0218048095703
2012-06-15,180.52000427246094,177.14999389648438,177.14999389648438,180.52000427246094,615900.0,153.9381866455078
2012-06-18,181.6999969482422,177.3300018310547,178.0,181.3800048828125,602300.0,154.67156982421875
2012-06-19,189.5,183.89999389648438,183.89999389648438,189.02000427246094,1140800.0,161.1865234375
2012-06-20,191.58999633789062,187.0800018310547,190.08999633789062,189.39999389648438,971300.0,161.5106658935547
2012-06-21,191.02000427246094,183.16000366210938,190.35000610351562,184.16000366210938,806100.0,157.042236328125
2012-06-22,187.07000732421875,183.0800018310547,184.42999267578125,186.80999755859375,717000.0,159.30198669433594
2012-06-25,185.86000061035156,181.72999572753906,185.86000061035156,183.74000549316406,755200.0,156.68409729003906
2012-06-26,184.52000427246094,181.0,184.52000427246094,183.4499969482422,459100.0,156.43673706054688
2012-06-27,186.1699981689453,179.77999877929688,179.77999877929688,184.61000061035156,464600.0,157.4259796142578
2012-06-28,184.0500030517578,180.11000061035156,182.85000610351562,182.4499969482422,769300.0,155.58404541015625
2012-06-29,191.66000366210938,184.83999633789062,184.83999633789062,191.24000549316406,758400.0,163.07968139648438
2012-07-02,191.60000610351562,187.07000732421875,190.69000244140625,190.10000610351562,464300.0,162.10752868652344
2012-07-03,194.39999389648438,188.67999267578125,189.61000061035156,193.3800048828125,450000.0,164.90457153320312
2012-07-05,193.39999389648438,191.33999633789062,193.39999389648438,191.8699951171875,389600.0,163.61688232421875
2012-07-06,191.25999450683594,187.38999938964844,189.02000427246094,187.77000427246094,422800.0,160.12062072753906
2012-07-09,189.5500030517578,184.22000122070312,187.72999572753906,188.02999877929688,550800.0,160.34237670898438
2012-07-10,189.99000549316406,183.2899932861328,188.66000366210938,184.5500030517578,489800.0,157.37478637695312
2012-07-11,185.42999267578125,177.97000122070312,184.88999938964844,179.02000427246094,1215300.0,152.6591033935547
2012-07-12,186.24000549316406,176.5,176.8000030517578,185.42999267578125,1208000.0,158.1251983642578
2012-07-13,189.99000549316406,185.1999969482422,185.1999969482422,189.75999450683594,531000.0,161.817626953125
2012-07-16,190.22000122070312,186.13999938964844,189.7100067138672,188.08999633789062,541700.0,160.39352416992188
2012-07-17,190.3300018310547,186.91000366210938,188.5,188.97000122070312,666500.0,161.1439208984375
2012-07-18,211.36000061035156,189.94000244140625,189.94000244140625,210.57000732421875,2344300.0,179.56332397460938
2012-07-19,210.57000732421875,204.7899932861328,210.5,205.72000122070312,1155600.0,175.42750549316406
2012-07-20,205.5,202.16000366210938,204.77000427246094,204.8000030517578,1043000.0,174.6429443359375
2012-07-23,205.35000610351562,198.25999450683594,200.99000549316406,204.24000549316406,442800.0,174.16543579101562
2012-07-24,205.49000549316406,195.77999877929688,205.0,198.75,834300.0,169.48382568359375
2012-07-25,201.52999877929688,197.5,199.8300018310547,199.22000122070312,424100.0,169.88461303710938
2012-07-26,208.7100067138672,199.1300048828125,202.3300018310547,202.25999450683594,382600.0,172.47698974609375
2012-07-27,207.94000244140625,202.61000061035156,203.49000549316406,207.75999450683594,499600.0,177.16708374023438
2012-07-30,208.7100067138672,205.6699981689453,208.16000366210938,207.5500030517578,497000.0,176.98802185058594
2012-07-31,207.9600067138672,204.33999633789062,207.9600067138672,204.8300018310547,415800.0,174.66856384277344
2012-08-01,205.9499969482422,202.1999969482422,205.80999755859375,203.00999450683594,424800.0,173.1165313720703
2012-08-02,205.22000122070312,199.25999450683594,202.6199951171875,201.27000427246094,485100.0,171.63275146484375
2012-08-03,206.08999633789062,202.41000366210938,204.91000366210938,205.2899932861328,386100.0,175.060791015625
2012-08-06,208.10000610351562,204.82000732421875,206.35000610351562,206.5500030517578,298600.0,176.13528442382812
2012-08-07,209.97000122070312,207.5500030517578,208.52999877929688,208.22000122070312,309000.0,177.55935668945312
2012-08-08,208.0,205.41000366210938,207.8800048828125,206.47000122070312,284300.0,176.0670623779297
2012-08-09,206.10000610351562,203.7100067138672,205.1300048828125,204.50999450683594,321000.0,175.0740203857422
2012-08-10,200.97999572753906,197.16000366210938,200.22000122070312,200.74000549316406,647300.0,171.8466796875
2012-08-13,201.35000610351562,198.49000549316406,199.6699981689453,201.27999877929688,262600.0,172.30889892578125
2012-08-14,204.0399932861328,200.74000549316406,202.91000366210938,201.1999969482422,250800.0,172.2404327392578
2012-08-15,203.11000061035156,200.82000732421875,201.0,202.38999938964844,247200.0,173.25918579101562
2012-08-16,206.6300048828125,201.05999755859375,202.25,206.10000610351562,308500.0,176.43511962890625
2012-08-17,207.6999969482422,204.47000122070312,206.97000122070312,207.27999877929688,313000.0,177.44528198242188
2012-08-20,207.74000549316406,204.07000732421875,207.74000549316406,205.8000030517578,195700.0,176.17832946777344
2012-08-21,206.5,203.35000610351562,205.92999267578125,203.6199951171875,331800.0,174.3120880126953
2012-08-22,206.82000732421875,202.30999755859375,202.47000122070312,205.05999755859375,259600.0,175.54481506347656
2012-08-23,205.2100067138672,202.8699951171875,203.52000427246094,204.1300048828125,271500.0,174.7487030029297
2012-08-24,206.3000030517578,202.77999877929688,203.6699981689453,204.99000549316406,187700.0,175.4849090576172
2012-08-27,207.66000366210938,204.5399932861328,205.47999572753906,206.33999633789062,319200.0,176.6405792236328
2012-08-28,209.11000061035156,204.5399932861328,205.33999633789062,205.97999572753906,514400.0,176.33242797851562
2012-08-29,206.57000732421875,203.42999267578125,206.3699951171875,204.41000366210938,291700.0,174.9884490966797
2012-08-30,205.27000427246094,202.4499969482422,202.5399932861328,204.27000427246094,330300.0,174.8685302734375
2012-08-31,207.8300018310547,205.0,206.2100067138672,205.9600067138672,361000.0,176.31529235839844
2012-09-04,211.30999755859375,205.77999877929688,206.1300048828125,209.25,735500.0,179.13177490234375
2012-09-05,209.24000549316406,203.44000244140625,208.47999572753906,203.44000244140625,544100.0,174.15805053710938
2012-09-06,205.0500030517578,202.0,204.1699981689453,203.64999389648438,723800.0,174.33779907226562
2012-09-07,206.42999267578125,203.47999572753906,203.7899932861328,203.74000549316406,509700.0,174.41481018066406
2012-09-10,205.16000366210938,202.8000030517578,204.6699981689453,202.99000549316406,414500.0,173.77281188964844
2012-09-11,204.33999633789062,202.0500030517578,202.97999572753906,203.6699981689453,431100.0,174.35488891601562
2012-09-12,206.8300018310547,203.3699951171875,204.35000610351562,206.77999877929688,501500.0,177.0172576904297
2012-09-13,209.7899932861328,202.11000061035156,202.6999969482422,205.9199981689453,752900.0,176.2810516357422
2012-09-14,209.83999633789062,205.85000610351562,207.10000610351562,206.00999450683594,709100.0,176.3580780029297
2012-09-17,207.52999877929688,205.1199951171875,205.1199951171875,206.1300048828125,301600.0,176.4608154296875
2012-09-18,206.63999938964844,204.30999755859375,206.1699981689453,204.85000610351562,224600.0,175.36509704589844
2012-09-19,205.11000061035156,203.4600067138672,204.89999389648438,203.75,259400.0,174.42340087890625
2012-09-20,204.49000549316406,200.97000122070312,203.1999969482422,204.25999450683594,374100.0,174.86001586914062
2012-09-21,205.6300048828125,202.8300018310547,205.22999572753906,203.02999877929688,328000.0,173.8070068359375
2012-09-24,204.33999633789062,201.52999877929688,202.22999572753906,203.52000427246094,290000.0,174.2265625
2012-09-25,208.7100067138672,203.74000549316406,204.22000122070312,206.66000366210938,656600.0,176.91453552246094
2012-09-26,208.47000122070312,205.47999572753906,206.32000732421875,207.24000549316406,712700.0,177.41104125976562
2012-09-27,208.6699981689453,204.52999877929688,208.6699981689453,207.83999633789062,486200.0,177.9246826171875
2012-09-28,209.57000732421875,206.19000244140625,207.52999877929688,208.3699951171875,469500.0,178.37840270996094
2012-10-01,214.39999389648438,207.57000732421875,208.89999389648438,211.11000061035156,725600.0,180.72409057617188
2012-10-02,213.1300048828125,210.72999572753906,211.77999877929688,212.75999450683594,496700.0,182.1365509033203
2012-10-03,213.5800018310547,211.14999389648438,213.49000549316406,212.1199951171875,411600.0,181.5886688232422
2012-10-04,215.4499969482422,212.25999450683594,213.3300018310547,213.75999450683594,413600.0,182.9925994873047
2012-10-05,216.6199951171875,213.44000244140625,215.0,215.49000549316406,470100.0,184.47360229492188
2012-10-08,214.5399932861328,212.8699951171875,214.27000427246094,213.6199951171875,257400.0,182.8727569580078
2012-10-09,213.83999633789062,210.13999938964844,213.83999633789062,210.99000549316406,387700.0,180.62132263183594
2012-10-10,211.11000061035156,208.6999969482422,210.99000549316406,209.57000732421875,264100.0,179.4057159423828
2012-10-11,218.22999572753906,211.5,212.1699981689453,216.72000122070312,794400.0,185.52655029296875
2012-10-12,216.60000610351562,213.3300018310547,216.08999633789062,214.6300048828125,366800.0,183.73739624023438
2012-10-15,215.9499969482422,213.3699951171875,215.55999755859375,215.86000061035156,524200.0,184.7903594970703
2012-10-16,210.60000610351562,197.17999267578125,202.05999755859375,209.5800018310547,2143600.0,179.4142608642578
2012-10-17,211.1999969482422,208.74000549316406,210.0,209.27000427246094,748400.0,179.14889526367188
2012-10-18,210.67999267578125,208.38999938964844,209.75999450683594,209.60000610351562,840400.0,179.43136596679688
2012-10-19,210.27999877929688,205.52999877929688,209.44000244140625,205.8000030517578,826600.0,176.17832946777344
2012-10-22,206.6699981689453,200.47000122070312,200.47000122070312,205.32000732421875,527300.0,175.76744079589844
2012-10-23,206.1999969482422,202.33999633789062,202.8800048828125,204.22000122070312,503000.0,174.82574462890625
2012-10-24,206.16000366210938,198.94000244140625,204.9499969482422,199.3699951171875,773900.0,170.673828125
2012-10-25,202.11000061035156,198.6300048828125,200.85000610351562,199.6300048828125,636800.0,170.89639282226562
2012-10-26,200.0,196.1999969482422,199.9600067138672,197.47999572753906,976900.0,169.0558319091797
2012-10-31,206.0,199.61000061035156,200.94000244140625,201.41000366210938,846400.0,172.42018127441406
2012-11-01,204.5800018310547,200.35000610351562,201.8300018310547,200.52000427246094,796800.0,171.6583251953125
2012-11-02,204.0,200.8800048828125,201.52999877929688,201.05999755859375,515300.0,172.12060546875
2012-11-05,202.77999877929688,198.82000732421875,200.0,202.49000549316406,687800.0,173.34475708007812
2012-11-06,204.41000366210938,199.83999633789062,200.75999450683594,203.0800018310547,848200.0,173.84982299804688
2012-11-07,203.8000030517578,198.27999877929688,200.92999267578125,198.44000244140625,487400.0,170.549560546875
2012-11-08,199.41000366210938,195.02000427246094,198.3800048828125,195.25,590200.0,167.80787658691406
2012-11-09,197.1199951171875,192.8300018310547,195.67999267578125,194.61000061035156,1135100.0,167.2578582763672
2012-11-12,195.72999572753906,191.32000732421875,192.9600067138672,193.4199981689453,774900.0,166.235107421875
2012-11-13,195.3300018310547,190.94000244140625,192.7899932861328,192.8000030517578,998800.0,165.7022705078125
2012-11-14,192.9600067138672,185.5800018310547,192.9600067138672,188.77000427246094,1403000.0,162.23861694335938
2012-11-15,190.6999969482422,184.77999877929688,188.47999572753906,187.0800018310547,1817300.0,160.78614807128906
2012-11-16,190.9600067138672,187.0399932861328,188.3800048828125,187.8300018310547,1252400.0,161.43075561523438
2012-11-19,191.27000427246094,189.0,189.39999389648438,191.1999969482422,763300.0,164.32711791992188
2012-11-20,192.47999572753906,190.5800018310547,190.88999938964844,191.5399932861328,769700.0,164.6193084716797
2012-11-21,192.4499969482422,189.8699951171875,191.47999572753906,190.38999938964844,626400.0,163.63092041015625
2012-11-23,192.0399932861328,189.97999572753906,190.8699951171875,191.50999450683594,247400.0,164.59352111816406
2012-11-26,191.94000244140625,189.11000061035156,191.27000427246094,190.4199981689453,982100.0,163.65676879882812
2012-11-27,191.42999267578125,188.47000122070312,189.13999938964844,190.63999938964844,458700.0,163.8458251953125
2012-11-28,191.9199981689453,188.8000030517578,189.3000030517578,191.58999633789062,467400.0,164.66232299804688
2012-11-29,194.7899932861328,191.89999389648438,192.69000244140625,194.0,547500.0,166.73355102539062
2012-11-30,194.91000366210938,192.91000366210938,193.9499969482422,194.02000427246094,1472400.0,166.7507781982422
2012-12-03,194.99000549316406,192.1999969482422,194.69000244140625,192.41000366210938,431800.0,165.3670196533203
2012-12-04,193.55999755859375,191.7100067138672,192.14999389648438,192.0800018310547,404200.0,165.08346557617188
2012-12-05,194.36000061035156,191.58999633789062,191.8800048828125,192.2100067138672,429500.0,165.19517517089844
2012-12-06,190.8000030517578,186.58999633789062,186.83999633789062,190.6199951171875,467100.0,163.82864379882812
2012-12-07,191.91000366210938,190.08999633789062,190.7899932861328,191.08999633789062,317300.0,164.2326202392578
2012-12-10,193.3699951171875,191.08999633789062,191.27000427246094,193.0500030517578,363300.0,165.9170379638672
2012-12-11,193.97000122070312,191.6300048828125,193.55999755859375,193.80999755859375,419500.0,166.57025146484375
2012-12-12,194.72000122070312,191.85000610351562,194.19000244140625,192.08999633789062,1086400.0,165.092041015625
2012-12-13,192.2899932861328,189.9199981689453,191.92999267578125,190.49000549316406,730700.0,163.7169189453125
2012-12-14,191.22000122070312,189.94000244140625,190.8000030517578,190.25999450683594,454700.0,163.5192413330078
2012-12-17,191.99000549316406,190.05999755859375,191.33999633789062,191.66000366210938,327800.0,164.72247314453125
2012-12-18,195.49000549316406,191.25999450683594,192.4499969482422,195.16000366210938,589500.0,167.73056030273438
2012-12-19,198.97999572753906,194.30999755859375,195.22000122070312,197.9499969482422,650300.0,170.1283721923828
2012-12-20,198.6999969482422,195.7100067138672,197.77000427246094,196.94000244140625,476700.0,169.26039123535156
2012-12-21,200.24000549316406,194.75,195.02999877929688,200.0,880900.0,171.8902587890625
2012-12-24,199.83999633789062,197.25,198.16000366210938,199.44000244140625,227200.0,171.40899658203125
2012-12-26,199.99000549316406,198.41000366210938,199.33999633789062,198.8800048828125,450500.0,170.92770385742188
2012-12-27,201.0,198.47000122070312,198.5399932861328,200.52000427246094,403700.0,172.33721923828125
2012-12-28,200.25999450683594,198.0800018310547,199.72000122070312,198.1999969482422,241900.0,170.34326171875
2012-12-31,202.42999267578125,196.97999572753906,197.7899932861328,202.3699951171875,375900.0,173.92715454101562
2013-01-02,207.8800048828125,204.8800048828125,205.38999938964844,207.72999572753906,420700.0,178.5338592529297
2013-01-03,208.5,205.8699951171875,207.63999938964844,207.07000732421875,325800.0,177.96658325195312
2013-01-04,208.57000732421875,206.27999877929688,207.3300018310547,208.4199981689453,301800.0,179.12686157226562
2013-01-07,207.6199951171875,205.94000244140625,207.16000366210938,207.1199951171875,187000.0,178.00958251953125
2013-01-08,207.86000061035156,203.66000366210938,207.86000061035156,203.66000366210938,450400.0,175.03590393066406
2013-01-09,206.6699981689453,203.83999633789062,203.83999633789062,205.05999755859375,403900.0,176.2390899658203
2013-01-10,203.99000549316406,201.49000549316406,203.99000549316406,203.75,812500.0,175.1132354736328
2013-01-11,205.99000549316406,203.17999267578125,203.17999267578125,204.6300048828125,309800.0,175.86956787109375
2013-01-14,208.27000427246094,206.4499969482422,206.5399932861328,206.99000549316406,515100.0,177.8978271484375
2013-01-15,208.22000122070312,205.66000366210938,206.97000122070312,208.07000732421875,460000.0,178.8260955810547
2013-01-16,208.63999938964844,206.52000427246094,207.60000610351562,208.19000244140625,256400.0,178.92922973632812
2013-01-17,210.44000244140625,202.8300018310547,208.97000122070312,210.33999633789062,534300.0,180.77700805664062
2013-01-18,210.39999389648438,208.39999389648438,210.39999389648438,210.22999572753906,573300.0,180.68247985839844
2013-01-22,211.22999572753906,209.0800018310547,210.1199951171875,210.47000122070312,320800.0,180.88876342773438
2013-01-23,211.00999450683594,208.24000549316406,210.2100067138672,209.7899932861328,444700.0,180.30429077148438
2013-01-24,215.7899932861328,204.19000244140625,204.97999572753906,214.30999755859375,908900.0,184.1890411376953
2013-01-25,217.11000061035156,213.7100067138672,214.6199951171875,217.08999633789062,434600.0,186.5783233642578
2013-01-28,217.47999572753906,215.07000732421875,216.85000610351562,216.64999389648438,400300.0,186.20016479492188
2013-01-29,219.2899932861328,215.88999938964844,216.5399932861328,218.61000061035156,436900.0,187.8846893310547
2013-01-30,219.25999450683594,216.86000061035156,218.25,218.5500030517578,601300.0,187.83311462402344
2013-01-31,218.91000366210938,216.22999572753906,217.67999267578125,217.82000732421875,562300.0,187.20567321777344
2013-02-01,222.0500030517578,218.27999877929688,219.36000061035156,219.6199951171875,398600.0,188.75270080566406
2013-02-04,219.3300018310547,215.22999572753906,217.30999755859375,217.13999938964844,692200.0,186.62123107910156
2013-02-05,218.74000549316406,216.83999633789062,217.88999938964844,218.6999969482422,469900.0,187.9620361328125
2013-02-06,218.66000366210938,216.3300018310547,217.35000610351562,217.8699951171875,420000.0,187.2487030029297
2013-02-07,218.2100067138672,215.08999633789062,216.77000427246094,215.86000061035156,428800.0,186.20494079589844
2013-02-08,218.24000549316406,215.60000610351562,216.27999877929688,216.7100067138672,414200.0,186.9381561279297
2013-02-11,217.99000549316406,216.3800048828125,216.39999389648438,217.61000061035156,438900.0,187.71450805664062
2013-02-12,223.1999969482422,218.85000610351562,219.6999969482422,223.08999633789062,583000.0,192.44168090820312
2013-02-13,226.32000732421875,222.4600067138672,222.4600067138672,225.6199951171875,560900.0,194.62405395507812
2013-02-14,226.5399932861328,224.6300048828125,225.10000610351562,226.2899932861328,388900.0,195.20204162597656
2013-02-15,231.02000427246094,226.85000610351562,226.92999267578125,229.47999572753906,590500.0,197.95376586914062
2013-02-19,230.41000366210938,228.67999267578125,229.19000244140625,229.1300048828125,369200.0,197.65187072753906
2013-02-20,230.22000122070312,226.50999450683594,229.44000244140625,226.64999389648438,268400.0,195.5125732421875
2013-02-21,226.41000366210938,223.17999267578125,226.02000427246094,223.75,279200.0,193.01100158691406
2013-02-22,225.91000366210938,224.02000427246094,224.02000427246094,224.86000061035156,282400.0,193.968505859375
2013-02-25,226.1199951171875,221.47999572753906,225.5399932861328,221.47999572753906,286700.0,191.0528106689453
2013-02-26,224.39999389648438,221.07000732421875,222.0800018310547,223.08999633789062,285800.0,192.44168090820312
2013-02-27,228.57000732421875,222.02999877929688,223.24000549316406,227.6199951171875,246400.0,196.3492889404297
2013-02-28,228.1999969482422,225.7100067138672,227.6699981689453,226.4600067138672,340200.0,195.3486785888672
2013-03-01,228.47000122070312,223.83999633789062,225.42999267578125,227.42999267578125,332100.0,196.1854248046875
2013-03-04,229.47000122070312,225.49000549316406,227.11000061035156,229.3699951171875,248900.0,197.85887145996094
2013-03-05,233.82000732421875,229.77000427246094,230.22999572753906,231.77999877929688,282600.0,199.9378204345703
2013-03-06,233.9499969482422,229.8699951171875,232.49000549316406,230.6300048828125,378700.0,198.94581604003906
2013-03-07,231.6699981689453,230.0500030517578,231.25999450683594,230.22999572753906,240200.0,198.6007537841797
2013-03-08,231.77999877929688,230.5,231.52000427246094,231.0,251200.0,199.2649688720703
2013-03-11,232.4499969482422,229.80999755859375,230.74000549316406,230.57000732421875,364100.0,198.89402770996094
2013-03-12,226.6300048828125,220.97000122070312,226.0,225.8000030517578,609100.0,194.77935791015625
2013-03-13,227.0,221.74000549316406,223.3000030517578,225.11000061035156,477400.0,194.18411254882812
2013-03-14,225.86000061035156,224.02999877929688,225.05999755859375,225.10000610351562,425400.0,194.17550659179688
2013-03-15,226.32000732421875,224.1199951171875,225.0,225.05999755859375,587600.0,194.14100646972656
2013-03-18,225.5800018310547,222.11000061035156,224.27000427246094,223.27999877929688,522600.0,192.60552978515625
2013-03-19,224.97999572753906,221.6300048828125,224.02000427246094,223.66000366210938,243500.0,192.933349609375
2013-03-20,226.38999938964844,224.0,225.16000366210938,226.25999450683594,262400.0,195.17613220214844
2013-03-21,226.1699981689453,222.5500030517578,224.64999389648438,223.1300048828125,217600.0,192.47616577148438
2013-03-22,224.77999877929688,222.97999572753906,223.2899932861328,224.67999267578125,209500.0,193.81320190429688
2013-03-25,225.0,218.5800018310547,225.0,218.9199981689453,375600.0,188.8445281982422
2013-03-26,221.61000061035156,218.8699951171875,220.14999389648438,220.9199981689453,290500.0,190.56979370117188
2013-03-27,222.72000122070312,218.2899932861328,219.97000122070312,222.00999450683594,191700.0,191.51007080078125
2013-03-28,225.16000366210938,221.3800048828125,222.4600067138672,224.97999572753906,245700.0,194.07200622558594
2013-04-01,224.72000122070312,219.42999267578125,224.39999389648438,219.80999755859375,354000.0,189.6122283935547
2013-04-02,221.94000244140625,218.47999572753906,220.67999267578125,218.6999969482422,357700.0,188.65476989746094
2013-04-03,219.3699951171875,216.63999938964844,219.07000732421875,216.97999572753906,378200.0,187.17105102539062
2013-04-04,224.72999572753906,217.3800048828125,217.42999267578125,224.64999389648438,411700.0,193.78729248046875
2013-04-05,223.1699981689453,220.02000427246094,221.7899932861328,222.00999450683594,214000.0,191.51007080078125
2013-04-08,233.36000061035156,222.0399932861328,233.36000061035156,224.6199951171875,344600.0,193.76144409179688
2013-04-09,226.83999633789062,223.0399932861328,224.1999969482422,226.22999572753906,318200.0,195.1502685546875
2013-04-10,228.6699981689453,222.02000427246094,225.52000427246094,227.3300018310547,557100.0,196.09912109375
2013-04-11,232.5800018310547,226.75,227.4600067138672,228.8699951171875,589600.0,197.42759704589844
2013-04-12,229.39999389648438,227.0,228.2100067138672,228.0,378900.0,196.67709350585938
2013-04-15,227.64999389648438,223.69000244140625,225.8000030517578,225.6999969482422,721300.0,194.69308471679688
2013-04-16,245.4600067138672,236.1999969482422,238.83999633789062,241.8800048828125,1465300.0,208.65025329589844
2013-04-17,239.5,234.92999267578125,237.0399932861328,238.16000366210938,832000.0,205.4413299560547
2013-04-18,241.14999389648438,236.6300048828125,236.6300048828125,240.60000610351562,428700.0,207.5460968017578
2013-04-19,244.80999755859375,238.8000030517578,241.8300018310547,243.0500030517578,480500.0,209.6595458984375
2013-04-22,244.5800018310547,241.05999755859375,242.66000366210938,243.72999572753906,404300.0,210.24606323242188
2013-04-23,246.89999389648438,243.02999877929688,245.0,245.86000061035156,315400.0,212.08346557617188
2013-04-24,248.2100067138672,244.5800018310547,247.22999572753906,246.3000030517578,213300.0,212.46298217773438
2013-04-25,247.8300018310547,245.19000244140625,245.41000366210938,245.5399932861328,217500.0,211.8074188232422
2013-04-26,249.5399932861328,243.82000732421875,249.5399932861328,245.24000549316406,227300.0,211.54867553710938
2013-04-29,247.22999572753906,237.47000122070312,242.60000610351562,245.5800018310547,267900.0,211.84193420410156
2013-04-30,246.49000549316406,241.88999938964844,241.88999938964844,246.47000122070312,349400.0,212.6096649169922
2013-05-01,246.4600067138672,240.80999755859375,246.24000549316406,240.89999389648438,262600.0,207.80490112304688
2013-05-02,244.58999633789062,241.13999938964844,241.9199981689453,242.44000244140625,251200.0,209.13336181640625
2013-05-03,249.49000549316406,244.0399932861328,244.47999572753906,248.67999267578125,305600.0,214.5160675048828
2013-05-06,249.9499969482422,246.60000610351562,246.60000610351562,248.52999877929688,183900.0,214.3866424560547
2013-05-07,253.2100067138672,249.02000427246094,249.22000122070312,253.16000366210938,257700.0,218.3805694580078
2013-05-08,253.3800048828125,251.39999389648438,253.11000061035156,252.5500030517578,271400.0,217.85446166992188
2013-05-09,254.0,250.4600067138672,251.07000732421875,251.58999633789062,278400.0,217.828369140625
2013-05-10,256.6199951171875,251.72000122070312,252.47000122070312,256.54998779296875,490500.0,222.12281799316406
2013-05-13,259.5,256.2900085449219,257.1700134277344,257.4800109863281,269100.0,222.92803955078125
2013-05-14,262.1199951171875,256.6199951171875,257.2300109863281,261.95001220703125,275000.0,226.79820251464844
2013-05-15,262.42999267578125,259.19000244140625,261.1499938964844,261.79998779296875,343000.0,226.66830444335938
2013-05-16,261.8999938964844,257.8800048828125,260.989990234375,258.4599914550781,281600.0,223.7765350341797
2013-05-17,263.4100036621094,258.4599914550781,258.4599914550781,263.3500061035156,199400.0,228.0103302001953
2013-05-20,263.9100036621094,261.5199890136719,263.0199890136719,263.2900085449219,174400.0,227.95835876464844
2013-05-21,269.1499938964844,263.04998779296875,263.1499938964844,267.3399963378906,234900.0,231.46485900878906
2013-05-22,269.1700134277344,258.95001220703125,266.989990234375,259.9200134277344,432600.0,225.04061889648438
2013-05-23,260.239990234375,256.20001220703125,258.8500061035156,258.54998779296875,544900.0,223.8544464111328
2013-05-24,259.0799865722656,254.63999938964844,256.5,257.7799987792969,254400.0,223.18780517578125
2013-05-28,260.5899963378906,257.0799865722656,260.45001220703125,259.8399963378906,322100.0,224.97132873535156
2013-05-29,259.4100036621094,254.86000061035156,257.5899963378906,254.99000549316406,314300.0,220.7721710205078
2013-05-30,256.6099853515625,252.6699981689453,256.2900085449219,253.10000610351562,449600.0,219.1358184814453
2013-05-31,261.3399963378906,252.89999389648438,252.89999389648438,257.44000244140625,398200.0,222.89337158203125
2013-06-03,258.75,252.5800018310547,257.2300109863281,258.510009765625,257400.0,223.81979370117188
2013-06-04,259.04998779296875,253.33999633789062,258.6600036621094,256.7300109863281,290200.0,222.27867126464844
2013-06-05,255.55999755859375,251.5,255.55999755859375,251.64999389648438,414200.0,217.88035583496094
2013-06-06,253.3300018310547,250.02000427246094,251.77999877929688,253.22000122070312,266100.0,219.2396697998047
2013-06-07,260.760009765625,254.99000549316406,255.82000732421875,260.6099853515625,207300.0,225.6379852294922
2013-06-10,261.0,255.2100067138672,261.0,256.0799865722656,267500.0,221.7158660888672
2013-06-11,256.8999938964844,252.0,252.6999969482422,255.0,351500.0,220.78082275390625
2013-06-12,256.55999755859375,252.05999755859375,256.2099914550781,252.05999755859375,245100.0,218.23532104492188
2013-06-13,254.64999389648438,251.4499969482422,252.14999389648438,253.75,381300.0,219.6985626220703
2013-06-14,255.17999267578125,252.19000244140625,252.47999572753906,254.3800048828125,246800.0,220.24404907226562
2013-06-17,256.4200134277344,253.0399932861328,256.0400085449219,254.36000061035156,209200.0,220.22665405273438
2013-06-18,256.0199890136719,252.3800048828125,253.5399932861328,255.8699951171875,171100.0,221.53408813476562
2013-06-19,256.19000244140625,251.66000366210938,255.66000366210938,251.6999969482422,180300.0,217.92364501953125
2013-06-20,251.22999572753906,248.27000427246094,249.47000122070312,249.52000427246094,294900.0,216.0361785888672
2013-06-21,253.0399932861328,248.5399932861328,251.35000610351562,251.22999572753906,338800.0,217.51670837402344
2013-06-24,253.22999572753906,247.39999389648438,249.44000244140625,250.94000244140625,289600.0,217.2657012939453
2013-06-25,255.83999633789062,248.0399932861328,248.0399932861328,255.4499969482422,241600.0,221.1704559326172
2013-06-26,258.1300048828125,253.72000122070312,257.05999755859375,253.91000366210938,422700.0,219.83714294433594
2013-06-27,257.0299987792969,253.50999450683594,255.5,254.6699981689453,352200.0,220.4951171875
2013-06-28,254.8699951171875,250.61000061035156,254.0500030517578,252.17999267578125,365900.0,218.33926391601562
2013-07-01,256.79998779296875,252.41000366210938,253.47000122070312,254.52000427246094,241200.0,220.36526489257812
2013-07-02,255.94000244140625,252.52999877929688,254.52999877929688,253.86000061035156,302400.0,219.79383850097656
2013-07-03,255.38999938964844,250.97000122070312,252.02000427246094,255.16000366210938,193600.0,220.91934204101562
2013-07-05,257.8999938964844,253.42999267578125,257.6199951171875,256.1000061035156,224700.0,221.73324584960938
2013-07-08,258.010009765625,254.82000732421875,256.1199951171875,255.9600067138672,507300.0,221.61204528808594
2013-07-09,264.30999755859375,256.8500061035156,257.0400085449219,261.75,356000.0,226.6250457763672
2013-07-10,261.8800048828125,259.54998779296875,261.19000244140625,261.6499938964844,310100.0,226.53842163085938
2013-07-11,265.94000244140625,263.0799865722656,265.0,264.3900146484375,286900.0,228.9107666015625
2013-07-12,266.32000732421875,263.70001220703125,264.2099914550781,265.25,197600.0,229.65538024902344
2013-07-15,267.2900085449219,263.6099853515625,266.5799865722656,264.79998779296875,267800.0,229.2657470703125
2013-07-16,266.1600036621094,261.5,265.0,262.67999267578125,258100.0,227.4302520751953
2013-07-17,264.3399963378906,256.8599853515625,259.57000732421875,262.6499938964844,478000.0,227.40426635742188
2013-07-18,265.2699890136719,260.0400085449219,262.6499938964844,263.20001220703125,353000.0,227.8804473876953
2013-07-19,264.2099914550781,261.8800048828125,263.6400146484375,262.5199890136719,347700.0,227.2917022705078
2013-07-22,263.2699890136719,260.29998779296875,261.1000061035156,261.6000061035156,337900.0,226.4951629638672
2013-07-23,262.5,257.4800109863281,262.5,257.7300109863281,347700.0,223.1444549560547
2013-07-24,259.3500061035156,254.39999389648438,258.42999267578125,255.14999389648438,183300.0,220.91067504882812
2013-07-25,255.85000610351562,252.8300018310547,254.05999755859375,255.4600067138672,288500.0,221.17909240722656
2013-07-26,257.69000244140625,254.08999633789062,255.4600067138672,256.6499938964844,199200.0,222.2093963623047
2013-07-29,258.1700134277344,253.52999877929688,255.25,257.30999755859375,182700.0,222.78085327148438
2013-07-30,261.67999267578125,256.6300048828125,258.6300048828125,260.1499938964844,263800.0,225.23973083496094
2013-07-31,264.5299987792969,260.4599914550781,261.2300109863281,262.1400146484375,205600.0,226.96270751953125
2013-08-01,270.4700012207031,265.29998779296875,265.29998779296875,269.5299987792969,349800.0,233.36105346679688
2013-08-02,269.2799987792969,266.8399963378906,268.5400085449219,267.95001220703125,246900.0,231.99302673339844
2013-08-05,266.8999938964844,264.5,266.1199951171875,266.0899963378906,180500.0,230.38259887695312
2013-08-06,266.05999755859375,262.55999755859375,265.1000061035156,263.54998779296875,146100.0,228.1834716796875
2013-08-07,263.1300048828125,260.3699951171875,262.44000244140625,261.1600036621094,129700.0,226.11419677734375
2013-08-08,265.0,260.7099914550781,261.510009765625,261.0,156400.0,226.78329467773438
2013-08-09,262.79998779296875,259.1499938964844,260.2900085449219,259.8299865722656,146100.0,225.76666259765625
2013-08-12,259.6199951171875,255.0,257.45001220703125,258.0299987792969,226500.0,224.20262145996094
2013-08-13,258.9200134277344,255.6699981689453,258.2300109863281,257.1499938964844,182000.0,223.43798828125
2013-08-14,257.489990234375,253.8000030517578,256.8299865722656,253.8800048828125,118800.0,220.59671020507812
2013-08-15,253.25,247.2100067138672,251.97000122070312,251.94000244140625,203600.0,218.91104125976562
2013-08-16,253.7100067138672,250.05999755859375,250.7899932861328,253.41000366210938,189000.0,220.1882781982422
2013-08-19,254.8000030517578,251.60000610351562,253.0,251.6300048828125,131300.0,218.6416473388672
2013-08-20,253.47999572753906,249.75,252.0399932861328,251.30999755859375,126700.0,218.36361694335938
2013-08-21,252.47000122070312,248.2899932861328,251.02000427246094,249.5,206700.0,216.79086303710938
2013-08-22,251.52999877929688,248.30999755859375,249.82000732421875,251.36000061035156,258000.0,218.40708923339844
2013-08-23,254.17999267578125,250.11000061035156,251.27999877929688,254.02999877929688,236800.0,220.72698974609375
2013-08-26,256.1400146484375,251.35000610351562,253.86000061035156,252.25,290000.0,219.18038940429688
2013-08-27,251.67999267578125,247.3800048828125,250.7100067138672,247.69000244140625,326800.0,215.21820068359375
2013-08-28,250.02999877929688,245.00999450683594,247.1199951171875,248.8300018310547,272800.0,216.2087860107422
2013-08-29,249.83999633789062,246.92999267578125,247.91000366210938,247.1999969482422,207000.0,214.7924041748047
2013-08-30,248.52999877929688,246.0,247.9600067138672,247.35000610351562,214000.0,214.9227294921875
2013-09-03,252.02999877929688,248.8699951171875,249.38999938964844,251.27000427246094,391300.0,218.32887268066406
2013-09-04,256.4800109863281,251.0800018310547,252.0,255.82000732421875,414300.0,222.28233337402344
2013-09-05,260.3999938964844,255.8800048828125,255.92999267578125,259.54998779296875,312800.0,225.52334594726562
2013-09-06,261.3599853515625,257.0,259.79998779296875,258.2799987792969,265200.0,224.41983032226562
2013-09-09,264.3800048828125,258.0899963378906,258.92999267578125,263.9599914550781,265600.0,229.35519409179688
2013-09-10,269.4100036621094,264.6700134277344,264.8699951171875,269.3599853515625,349700.0,234.04727172851562
2013-09-11,270.0,267.260009765625,269.4599914550781,269.69000244140625,280300.0,234.333984375
2013-09-12,271.32000732421875,265.54998779296875,267.70001220703125,268.0799865722656,549900.0,232.93508911132812
2013-09-13,268.95001220703125,265.0799865722656,268.95001220703125,267.2900085449219,350600.0,232.24864196777344
2013-09-16,272.4700012207031,269.07000732421875,272.42999267578125,270.0400085449219,302900.0,234.63809204101562
2013-09-17,271.7099914550781,268.3900146484375,270.7200012207031,269.3699951171875,318000.0,234.05593872070312
2013-09-18,274.010009765625,268.9200134277344,269.5299987792969,274.010009765625,295500.0,238.0876007080078
2013-09-19,276.3800048828125,272.92999267578125,273.92999267578125,273.510009765625,339700.0,237.65322875976562
2013-09-20,275.2200012207031,270.1499938964844,272.92999267578125,270.1499938964844,618800.0,234.7337188720703
2013-09-23,270.8500061035156,267.44000244140625,270.69000244140625,268.04998779296875,399300.0,232.90902709960938
2013-09-24,270.5899963378906,266.9100036621094,267.8800048828125,268.260009765625,355800.0,233.0914764404297
2013-09-25,270.2699890136719,267.0899963378906,269.1000061035156,267.1600036621094,157700.0,232.13568115234375
2013-09-26,271.9599914550781,267.9700012207031,268.1700134277344,269.04998779296875,261900.0,233.77792358398438
2013-09-27,269.54998779296875,263.54998779296875,269.04998779296875,263.9200134277344,401700.0,229.32046508789062
2013-09-30,263.7200012207031,261.0400085449219,261.7200012207031,261.7099914550781,405700.0,227.400146484375
2013-10-01,264.6499938964844,261.0,261.7699890136719,264.6499938964844,413600.0,229.95472717285156
2013-10-02,265.0,261.0299987792969,263.1600036621094,264.6499938964844,255500.0,229.95472717285156
2013-10-03,265.3999938964844,261.3999938964844,263.7099914550781,263.739990234375,479200.0,229.16404724121094
2013-10-04,265.8599853515625,263.44000244140625,264.8500061035156,264.8800048828125,259900.0,230.154541015625
2013-10-07,263.1700134277344,259.9599914550781,262.30999755859375,261.1300048828125,426000.0,226.89617919921875
2013-10-08,262.25,257.8599853515625,260.6300048828125,258.0400085449219,344300.0,224.2113037109375
2013-10-09,258.05999755859375,251.2100067138672,256.1499938964844,252.36000061035156,719500.0,219.27593994140625
2013-10-10,256.4700012207031,253.64999389648438,254.5500030517578,255.89999389648438,646600.0,222.35182189941406
2013-10-11,258.6099853515625,256.2099914550781,256.8299865722656,257.8999938964844,367500.0,224.08963012695312
2013-10-14,260.1199951171875,255.07000732421875,256.3299865722656,258.6099853515625,312200.0,224.7065887451172
2013-10-15,258.5199890136719,255.19000244140625,258.2900085449219,255.4199981689453,486300.0,221.9347686767578
2013-10-16,266.3699951171875,253.25,260.3500061035156,257.7699890136719,1142700.0,223.9766845703125
2013-10-17,262.44000244140625,254.80999755859375,256.2900085449219,261.8999938964844,443400.0,227.5653076171875
2013-10-18,264.3800048828125,260.80999755859375,262.9800109863281,264.29998779296875,406400.0,229.650634765625
2013-10-21,264.260009765625,260.9100036621094,263.1199951171875,263.44000244140625,352500.0,228.90338134765625
2013-10-22,266.32000732421875,262.95001220703125,265.3800048828125,265.3900146484375,299800.0,230.5977325439453
2013-10-23,265.4599914550781,262.6000061035156,265.1499938964844,264.1700134277344,177800.0,229.53770446777344
2013-10-24,265.05999755859375,263.0400085449219,264.30999755859375,263.0400085449219,212400.0,228.5557861328125
2013-10-25,267.4599914550781,262.1300048828125,263.67999267578125,267.3999938964844,302600.0,232.34423828125
2013-10-28,269.79998779296875,264.94000244140625,267.30999755859375,269.20001220703125,396400.0,233.908203125
2013-10-29,273.1099853515625,265.8999938964844,268.5799865722656,273.0400085449219,330100.0,237.2447967529297
2013-10-30,274.3699951171875,268.79998779296875,273.6000061035156,270.05999755859375,341700.0,234.65553283691406
2013-10-31,271.260009765625,268.6300048828125,269.94000244140625,268.9700012207031,276300.0,233.70835876464844
2013-11-01,271.8599853515625,267.4599914550781,269.4599914550781,270.05999755859375,242500.0,234.65553283691406
2013-11-04,272.1700134277344,269.7900085449219,270.7699890136719,271.8800048828125,295100.0,236.2368621826172
2013-11-05,271.1300048828125,267.6600036621094,269.19000244140625,268.9599914550781,350000.0,233.69967651367188
2013-11-06,272.2200012207031,268.3299865722656,269.5400085449219,272.1300048828125,258200.0,237.27459716796875
2013-11-07,273.0,263.4700012207031,273.0,263.67999267578125,359500.0,229.90687561035156
2013-11-08,268.1099853515625,264.04998779296875,264.4200134277344,268.1099853515625,462200.0,233.7694549560547
2013-11-11,270.19000244140625,267.760009765625,267.79998779296875,270.0199890136719,142900.0,235.434814453125
2013-11-12,269.32000732421875,266.9200134277344,268.7799987792969,268.239990234375,219600.0,233.88279724121094
2013-11-13,269.1499938964844,262.75,267.1300048828125,265.0,598700.0,231.05783081054688
2013-11-14,267.32000732421875,262.92999267578125,265.0,265.6000061035156,419200.0,231.58096313476562
2013-11-15,264.3699951171875,259.5299987792969,263.8599853515625,260.75,621700.0,227.35218811035156
2013-11-18,261.55999755859375,257.80999755859375,259.7900085449219,258.05999755859375,397700.0,225.00672912597656
2013-11-19,260.29998779296875,255.88999938964844,258.1400146484375,256.1499938964844,314100.0,223.3413543701172
2013-11-20,259.5,252.5500030517578,257.3800048828125,253.24000549316406,354300.0,220.80404663085938
2013-11-21,256.9100036621094,252.66000366210938,253.0,255.22000122070312,566300.0,222.53048706054688
2013-11-22,256.8800048828125,255.22000122070312,255.86000061035156,256.3900146484375,444600.0,223.5506134033203
2013-11-25,257.79998779296875,255.38999938964844,256.8900146484375,256.8599853515625,242500.0,223.9604034423828
2013-11-26,259.260009765625,255.89999389648438,257.1199951171875,258.1300048828125,403100.0,225.0677490234375
2013-11-27,259.989990234375,257.0,258.0,258.4700012207031,199900.0,225.36416625976562
2013-11-29,259.9599914550781,256.5,259.07000732421875,257.9200134277344,92300.0,224.88465881347656
2013-12-02,259.9700012207031,256.3900146484375,257.9100036621094,258.32000732421875,335400.0,225.23338317871094
2013-12-03,258.95001220703125,254.11000061035156,257.8500061035156,254.88999938964844,407500.0,222.24273681640625
2013-12-04,256.2799987792969,251.0,254.88999938964844,255.0500030517578,516800.0,222.38221740722656
2013-12-05,257.29998779296875,254.00999450683594,255.16000366210938,255.1699981689453,233500.0,222.4868927001953
2013-12-06,260.0,256.1099853515625,258.739990234375,257.7799987792969,321800.0,224.7625732421875
2013-12-09,259.7300109863281,256.3699951171875,258.9100036621094,257.17999267578125,308500.0,224.23944091796875
2013-12-10,259.2699890136719,256.57000732421875,257.1600036621094,256.7099914550781,275700.0,223.8296356201172
2013-12-11,258.6300048828125,253.39999389648438,256.5,254.0500030517578,310300.0,221.51034545898438
2013-12-12,254.8000030517578,246.86000061035156,254.0,252.02999877929688,904900.0,219.74905395507812
2013-12-13,253.33999633789062,251.02000427246094,251.8800048828125,251.5500030517578,311300.0,219.33050537109375
2013-12-16,255.27999877929688,251.19000244140625,252.14999389648438,253.9199981689453,368600.0,221.39697265625
2013-12-17,256.8399963378906,249.88999938964844,255.30999755859375,250.05999755859375,349500.0,218.03135681152344
2013-12-18,255.10000610351562,248.69000244140625,250.92999267578125,254.82000732421875,496500.0,222.18170166015625
2013-12-19,256.7099914550781,252.66000366210938,255.13999938964844,253.38999938964844,397400.0,220.93484497070312
2013-12-20,253.07000732421875,247.77999877929688,251.0,248.33999633789062,1036100.0,216.5316619873047
2013-12-23,253.07000732421875,250.5399932861328,253.0,252.41000366210938,347700.0,220.0803680419922
2013-12-24,254.75999450683594,252.5,253.05999755859375,254.3300018310547,139900.0,221.75442504882812
2013-12-26,256.1499938964844,253.8800048828125,255.61000061035156,255.4199981689453,193900.0,222.70481872558594
2013-12-27,257.0199890136719,254.57000732421875,255.66000366210938,255.4499969482422,169700.0,222.73098754882812
2013-12-30,256.2900085449219,254.72000122070312,255.72999572753906,255.3800048828125,168800.0,222.6699981689453
2013-12-31,256.3800048828125,254.25,255.9600067138672,255.4199981689453,240500.0,222.70481872558594
2014-01-02,255.47999572753906,252.82000732421875,254.6999969482422,253.05999755859375,285100.0,220.64710998535156
2014-01-03,254.24000549316406,251.89999389648438,253.07000732421875,252.83999633789062,204800.0,220.45529174804688
2014-01-06,253.72000122070312,249.7899932861328,253.69000244140625,250.97000122070312,323100.0,218.82481384277344
2014-01-07,253.77000427246094,251.1699981689453,252.27999877929688,252.9199981689453,381300.0,220.52508544921875
2014-01-08,253.97000122070312,250.82000732421875,252.9199981689453,253.44000244140625,368400.0,220.97848510742188
2014-01-09,256.260009765625,252.55999755859375,254.44000244140625,254.5,421100.0,221.9026641845703
2014-01-10,267.489990234375,255.3800048828125,255.49000549316406,263.7099914550781,928900.0,229.93304443359375
2014-01-13,264.19000244140625,260.8999938964844,262.760009765625,261.6600036621094,915900.0,228.1455841064453
2014-01-14,264.44000244140625,258.0,262.25,264.260009765625,387200.0,230.41256713867188
2014-01-15,266.17999267578125,261.8900146484375,263.4800109863281,263.7799987792969,461300.0,229.99411010742188
2014-01-16,266.29998779296875,262.1300048828125,263.7300109863281,265.94000244140625,396000.0,231.87742614746094
2014-01-17,266.9599914550781,262.8800048828125,266.5799865722656,264.1000061035156,384800.0,230.2730255126953
2014-01-21,264.989990234375,262.69000244140625,263.69000244140625,264.05999755859375,405900.0,230.2382049560547
2014-01-22,265.8399963378906,261.0400085449219,265.0,262.0299987792969,486500.0,228.46826171875
2014-01-23,262.760009765625,256.0199890136719,260.3599853515625,256.6600036621094,622000.0,223.78604125976562
2014-01-24,252.1300048828125,240.3800048828125,248.60000610351562,241.85000610351562,1658400.0,210.87295532226562
2014-01-27,243.36000061035156,236.89999389648438,241.67999267578125,238.92999267578125,824700.0,208.3269500732422
2014-01-28,239.47999572753906,237.3300018310547,239.4600067138672,237.86000061035156,641800.0,207.3939971923828
2014-01-29,240.49000549316406,235.88999938964844,236.75,238.16000366210938,495400.0,207.6555633544922
2014-01-30,239.8000030517578,236.9199981689453,238.1699981689453,237.1699981689453,402700.0,206.7924041748047
2014-01-31,236.11000061035156,232.25999450683594,234.00999450683594,234.47999572753906,538500.0,204.44692993164062
2014-02-03,234.5,228.19000244140625,234.5,229.2899932861328,702300.0,199.9216766357422
2014-02-04,231.85000610351562,228.77000427246094,230.6300048828125,231.2899932861328,634800.0,201.66549682617188
2014-02-05,233.80999755859375,229.97000122070312,230.22999572753906,230.8699951171875,612800.0,201.29930114746094
2014-02-06,234.1699981689453,230.3300018310547,231.47999572753906,233.9499969482422,449500.0,204.80984497070312
2014-02-07,236.02999877929688,231.6300048828125,234.6199951171875,234.0,842500.0,204.8535919189453
2014-02-10,236.72000122070312,232.52000427246094,233.22999572753906,234.2899932861328,643800.0,205.1074676513672
2014-02-11,239.00999450683594,230.11000061035156,231.89999389648438,237.86000061035156,715600.0,208.23281860351562
2014-02-12,239.61000061035156,237.4499969482422,238.50999450683594,238.0500030517578,508300.0,208.399169921875
2014-02-13,239.72000122070312,235.3300018310547,237.2100067138672,239.63999938964844,645000.0,209.79110717773438
2014-02-14,245.9600067138672,241.0,242.63999938964844,245.6699981689453,712700.0,215.0700225830078
2014-02-18,248.0399932861328,245.0399932861328,246.16000366210938,247.75999450683594,607900.0,216.89967346191406
2014-02-19,249.35000610351562,246.02999877929688,247.3000030517578,248.0,625600.0,217.10980224609375
2014-02-20,250.44000244140625,246.8300018310547,247.16000366210938,248.0399932861328,593900.0,217.1448211669922
2014-02-21,250.63999938964844,247.8699951171875,248.6199951171875,249.24000549316406,546100.0,218.1953887939453
2014-02-24,252.36000061035156,249.5800018310547,250.24000549316406,251.61000061035156,712000.0,220.27011108398438
2014-02-25,252.85000610351562,249.83999633789062,251.57000732421875,250.13999938964844,624600.0,218.98330688476562
2014-02-26,252.10000610351562,249.38999938964844,250.67999267578125,251.47000122070312,635900.0,220.14761352539062
2014-02-27,252.9499969482422,237.25999450683594,245.5800018310547,252.91000366210938,267900.0,221.40821838378906
2014-02-28,255.67999267578125,252.92999267578125,253.49000549316406,255.02000427246094,667200.0,223.25538635253906
2014-03-03,253.77999877929688,250.8000030517578,253.16000366210938,253.2899932861328,489600.0,221.7408905029297
2014-03-04,256.4800109863281,253.4199981689453,256.0,254.89999389648438,416000.0,223.15036010742188
2014-03-05,257.6499938964844,254.3800048828125,255.0800018310547,256.9700012207031,320900.0,224.96255493164062
2014-03-06,259.3800048828125,256.20001220703125,257.239990234375,257.4800109863281,422600.0,225.4090118408203
2014-03-07,259.3299865722656,256.5299987792969,258.4700012207031,256.95001220703125,407500.0,224.9450225830078
2014-03-10,256.69000244140625,253.91000366210938,253.91000366210938,255.77000427246094,310500.0,223.91200256347656
2014-03-11,257.6300048828125,253.25,257.6300048828125,253.83999633789062,337100.0,222.2223663330078
2014-03-12,252.44000244140625,248.58999633789062,250.75999450683594,251.8300018310547,591300.0,220.46273803710938
2014-03-13,253.67999267578125,245.5399932861328,253.60000610351562,245.83999633789062,675600.0,215.2188720703125
2014-03-14,248.52000427246094,243.99000549316406,245.0,247.02999877929688,635000.0,216.2606201171875
2014-03-17,251.8000030517578,247.49000549316406,247.49000549316406,251.67999267578125,441000.0,220.3314208984375
2014-03-18,253.5800018310547,250.72000122070312,251.67999267578125,253.1199951171875,361700.0,221.59210205078125
2014-03-19,253.4499969482422,247.88999938964844,253.32000732421875,249.9600067138672,417700.0,218.82568359375
2014-03-20,251.1999969482422,247.08999633789062,248.85000610351562,251.0399932861328,358200.0,219.77117919921875
2014-03-21,254.52000427246094,250.69000244140625,253.27999877929688,251.97000122070312,887400.0,220.5853271484375
2014-03-24,253.5399932861328,250.75,253.10000610351562,251.4600067138672,372800.0,220.13885498046875
2014-03-25,255.24000549316406,252.4199981689453,252.4199981689453,254.61000061035156,426600.0,222.89649963378906
2014-03-26,255.92999267578125,250.7100067138672,255.64999389648438,250.72000122070312,429800.0,219.4910125732422
2014-03-27,252.36000061035156,249.2899932861328,251.50999450683594,250.24000549316406,427000.0,219.07080078125
2014-03-28,251.9600067138672,249.17999267578125,250.88999938964844,249.4499969482422,505700.0,218.3791961669922
2014-03-31,253.36000061035156,250.19000244140625,251.8000030517578,252.66000366210938,559100.0,221.1893768310547
2014-04-01,254.97000122070312,252.41000366210938,253.9499969482422,253.0500030517578,542100.0,221.53077697753906
2014-04-02,256.1499938964844,252.91000366210938,252.97000122070312,254.97999572753906,347900.0,223.22042846679688
2014-04-03,257.20001220703125,254.47999572753906,255.5,256.739990234375,354300.0,224.76113891601562
2014-04-04,259.3399963378906,254.39999389648438,257.44000244140625,254.58999633789062,543100.0,222.87896728515625
2014-04-07,253.97000122070312,246.42999267578125,253.85000610351562,246.6199951171875,395200.0,215.9016571044922
2014-04-08,253.8800048828125,245.22999572753906,246.49000549316406,253.4199981689453,533800.0,221.85467529296875
2014-04-09,258.9800109863281,254.89999389648438,255.30999755859375,258.5799865722656,641300.0,226.37197875976562
2014-04-10,259.2200012207031,252.05999755859375,258.7900085449219,252.22999572753906,447800.0,220.8129119873047
2014-04-11,254.91000366210938,250.0,251.99000549316406,250.22999572753906,513500.0,219.06202697753906
2014-04-14,251.5500030517578,246.9499969482422,251.5500030517578,248.92999267578125,475700.0,217.92398071289062
2014-04-15,251.27000427246094,246.74000549316406,249.9600067138672,250.77000427246094,687800.0,219.5347900390625
2014-04-16,258.0,248.55999755859375,256.0,250.1999969482422,745900.0,219.03578186035156
2014-04-17,254.60000610351562,248.63999938964844,249.5399932861328,252.14999389648438,596900.0,220.74288940429688
2014-04-21,253.35000610351562,251.32000732421875,251.8300018310547,252.2100067138672,299800.0,220.79541015625
2014-04-22,255.7100067138672,252.5,253.36000061035156,255.0500030517578,372800.0,223.2816925048828
2014-04-23,255.9199981689453,254.39999389648438,254.39999389648438,254.97000122070312,270600.0,223.21165466308594
2014-04-24,255.8000030517578,250.8800048828125,255.75999450683594,252.52999877929688,308100.0,221.07557678222656
2014-04-25,251.5399932861328,247.5,251.52000427246094,249.3300018310547,486000.0,218.27415466308594
2014-04-28,251.5399932861328,246.52000427246094,250.47000122070312,250.02999877929688,370100.0,218.88693237304688
2014-04-29,251.8699951171875,248.0500030517578,251.0800018310547,248.22000122070312,287000.0,217.30238342285156
2014-04-30,254.82000732421875,246.1199951171875,248.08999633789062,254.39999389648438,739900.0,222.71263122558594
2014-05-01,255.24000549316406,251.85000610351562,255.24000549316406,252.75,323900.0,221.26812744140625
2014-05-02,254.4199981689453,252.08999633789062,252.30999755859375,252.25,278900.0,220.8304443359375
2014-05-05,252.44000244140625,250.0,250.6199951171875,251.6999969482422,200100.0,220.34896850585938
2014-05-06,251.74000549316406,250.0800018310547,251.02000427246094,250.8699951171875,237600.0,219.62232971191406
2014-05-07,252.8000030517578,250.22000122070312,250.44000244140625,252.3000030517578,327300.0,220.87420654296875
2014-05-08,253.97000122070312,248.3300018310547,249.19000244140625,252.2899932861328,334400.0,221.8149871826172
2014-05-09,252.0,249.55999755859375,251.92999267578125,250.88999938964844,305000.0,220.58407592773438
2014-05-12,254.8800048828125,251.52000427246094,251.52000427246094,254.6199951171875,379500.0,223.86351013183594
2014-05-13,255.80999755859375,252.39999389648438,254.94000244140625,253.97000122070312,346400.0,223.2920379638672
2014-05-14,254.94000244140625,252.60000610351562,254.5500030517578,253.57000732421875,256600.0,222.9403533935547
2014-05-15,254.6999969482422,250.97000122070312,253.19000244140625,252.22999572753906,451400.0,221.76217651367188
2014-05-16,254.3000030517578,251.4499969482422,252.47999572753906,254.17999267578125,330400.0,223.4766387939453
2014-05-19,256.2699890136719,252.67999267578125,254.02999877929688,256.1099853515625,282500.0,225.1735382080078
2014-05-20,255.82000732421875,248.52999877929688,255.14999389648438,249.8300018310547,448100.0,219.652099609375
2014-05-21,252.74000549316406,249.36000061035156,250.1699981689453,252.36000061035156,343600.0,221.8765106201172
2014-05-22,253.6999969482422,251.5399932861328,252.39999389648438,252.14999389648438,200100.0,221.69186401367188
2014-05-23,253.6199951171875,250.47000122070312,252.3000030517578,253.22999572753906,194400.0,222.6414337158203
2014-05-27,255.16000366210938,252.49000549316406,254.25,252.80999755859375,299700.0,222.2721405029297
2014-05-28,255.5399932861328,252.3699951171875,253.5399932861328,254.50999450683594,234800.0,223.7667999267578
2014-05-29,256.7300109863281,253.6699981689453,255.72000122070312,256.6400146484375,242500.0,225.6395263671875
2014-05-30,259.3399963378906,255.77000427246094,256.42999267578125,258.3699951171875,406400.0,227.16055297851562
2014-06-02,261.57000732421875,257.5,258.739990234375,260.05999755859375,306400.0,228.6464385986328
2014-06-03,263.510009765625,259.20001220703125,259.5799865722656,263.1099853515625,530400.0,231.32797241210938
2014-06-04,265.0,261.2900085449219,262.8999938964844,261.4700012207031,314100.0,229.88609313964844
2014-06-05,265.0299987792969,259.5400085449219,261.5400085449219,265.010009765625,528300.0,232.99844360351562
2014-06-06,268.6499938964844,265.010009765625,265.3699951171875,267.7699890136719,284800.0,235.42510986328125
2014-06-09,269.2300109863281,265.8500061035156,267.7699890136719,267.3900146484375,343200.0,235.0909881591797
2014-06-10,269.1199951171875,266.8299865722656,267.5799865722656,269.1099853515625,335800.0,236.6031494140625
2014-06-11,269.69000244140625,266.8699951171875,267.95001220703125,269.2200012207031,337500.0,236.69993591308594
2014-06-12,265.0,259.3399963378906,264.6000061035156,260.2099914550781,938600.0,228.7782440185547
2014-06-13,261.2799987792969,259.04998779296875,260.5400085449219,259.80999755859375,432300.0,228.4265899658203
2014-06-16,260.3599853515625,258.1700134277344,259.4599914550781,260.1099853515625,216500.0,228.69036865234375
2014-06-17,259.739990234375,257.25,259.0400085449219,258.2799987792969,285900.0,227.0814208984375
2014-06-18,259.54998779296875,255.3000030517578,258.1099853515625,259.3900146484375,407200.0,228.0573272705078
2014-06-19,263.1099853515625,258.6300048828125,259.42999267578125,261.1000061035156,479900.0,229.5607452392578
2014-06-20,263.3699951171875,260.95001220703125,262.260009765625,261.44000244140625,361000.0,229.85971069335938
2014-06-23,262.1199951171875,259.44000244140625,262.1199951171875,259.92999267578125,180200.0,228.53211975097656
2014-06-24,259.989990234375,256.0,259.25,256.1000061035156,328100.0,225.16473388671875
2014-06-25,256.7799987792969,254.99000549316406,256.1000061035156,255.6300048828125,235000.0,224.75144958496094
2014-06-26,255.85000610351562,253.57000732421875,255.75999450683594,254.8800048828125,321600.0,224.09214782714844
2014-06-27,254.97999572753906,252.97999572753906,254.0,254.39999389648438,311000.0,223.67005920410156
2014-06-30,255.0,253.72000122070312,254.50999450683594,254.27000427246094,484200.0,223.55577087402344
2014-07-01,255.0,251.7100067138672,255.0,251.77000427246094,552600.0,221.35780334472656
2014-07-02,252.8000030517578,250.1999969482422,251.5,251.5399932861328,490100.0,221.15554809570312
2014-07-03,256.4200134277344,252.75999450683594,252.75999450683594,255.5800018310547,209500.0,224.70753479003906
2014-07-07,253.47999572753906,248.6699981689453,253.47999572753906,250.52999877929688,489300.0,220.267578125
2014-07-08,251.1300048828125,248.64999389648438,250.52999877929688,250.80999755859375,409000.0,220.51376342773438
2014-07-09,250.94000244140625,249.07000732421875,249.64999389648438,250.05999755859375,286400.0,219.85433959960938
2014-07-10,248.5399932861328,246.4199981689453,248.02000427246094,247.64999389648438,284800.0,217.7354278564453
2014-07-11,246.0,240.6999969482422,240.6999969482422,244.7899932861328,757800.0,215.2209014892578
2014-07-14,247.22000122070312,244.77000427246094,246.6199951171875,244.8800048828125,512600.0,215.30007934570312
2014-07-15,246.42999267578125,243.91000366210938,244.8800048828125,245.83999633789062,763600.0,216.14410400390625
2014-07-16,247.0,244.14999389648438,246.99000549316406,244.8800048828125,550800.0,215.30007934570312
2014-07-17,247.49000549316406,240.0,242.94000244140625,241.38999938964844,1290200.0,212.23159790039062
2014-07-18,243.0399932861328,240.27999877929688,242.25,242.85000610351562,681100.0,213.5152587890625
2014-07-21,245.02999877929688,239.6300048828125,242.6999969482422,240.25999450683594,548700.0,211.23809814453125
2014-07-22,242.7100067138672,241.1300048828125,241.5800018310547,241.8300018310547,369200.0,212.6184539794922
2014-07-23,241.88999938964844,239.60000610351562,241.75,241.02999877929688,366800.0,211.9151153564453
2014-07-24,241.9199981689453,239.83999633789062,241.1300048828125,240.49000549316406,381400.0,211.44033813476562
2014-07-25,242.6999969482422,239.6199951171875,241.77000427246094,241.16000366210938,238800.0,212.0294189453125
2014-07-28,241.69000244140625,238.47999572753906,241.19000244140625,239.9600067138672,416400.0,210.97438049316406
2014-07-29,240.30999755859375,238.16000366210938,239.72999572753906,238.74000549316406,310100.0,209.9016876220703
2014-07-30,240.97000122070312,237.25999450683594,239.75999450683594,240.02999877929688,492100.0,211.035888671875
2014-07-31,239.11000061035156,234.8000030517578,238.08999633789062,235.14999389648438,507400.0,206.74534606933594
2014-08-01,235.92999267578125,233.1300048828125,233.82000732421875,235.2100067138672,523000.0,206.798095703125
2014-08-04,235.4499969482422,231.2100067138672,235.4499969482422,235.00999450683594,610700.0,206.62225341796875
2014-08-05,236.16000366210938,232.8000030517578,233.4499969482422,234.8699951171875,446000.0,206.4991912841797
2014-08-06,236.6999969482422,232.32000732421875,234.10000610351562,235.6300048828125,407800.0,207.16737365722656
2014-08-07,236.94000244140625,232.6999969482422,236.0,233.07000732421875,331200.0,205.8601837158203
2014-08-08,236.72000122070312,233.27999877929688,234.0,236.58999633789062,377400.0,208.96920776367188
2014-08-11,239.92999267578125,237.47999572753906,237.83999633789062,237.61000061035156,296500.0,209.8701629638672
2014-08-12,239.38999938964844,236.67999267578125,237.33999633789062,238.75999450683594,261600.0,210.88587951660156
2014-08-13,240.52999877929688,237.0500030517578,239.02000427246094,239.5800018310547,358400.0,211.61016845703125
2014-08-14,240.5399932861328,238.16000366210938,239.99000549316406,238.4499969482422,365500.0,210.612060546875
2014-08-15,239.97000122070312,235.36000061035156,239.0800018310547,237.22999572753906,347700.0,209.53453063964844
2014-08-18,242.8699951171875,237.5500030517578,239.1300048828125,242.8300018310547,528000.0,214.48072814941406
2014-08-19,246.1699981689453,242.05999755859375,242.80999755859375,245.6699981689453,399400.0,216.9891815185547
2014-08-20,245.99000549316406,244.5800018310547,245.72000122070312,245.2100067138672,449700.0,216.58290100097656
2014-08-21,248.39999389648438,243.86000061035156,245.0399932861328,247.86000061035156,337400.0,218.92352294921875
2014-08-22,248.11000061035156,246.67999267578125,247.47000122070312,247.02000427246094,244300.0,218.18157958984375
2014-08-25,250.66000366210938,248.11000061035156,248.41000366210938,249.57000732421875,498400.0,220.4339141845703
2014-08-26,250.35000610351562,247.7899932861328,249.72999572753906,248.7899932861328,405800.0,219.74496459960938
2014-08-27,248.3699951171875,245.44000244140625,248.27000427246094,246.0,315700.0,217.28067016601562
2014-08-28,245.8699951171875,244.00999450683594,244.6300048828125,245.55999755859375,256300.0,216.89199829101562
2014-08-29,246.6300048828125,245.02999877929688,245.57000732421875,246.1999969482422,256300.0,217.45729064941406
2014-09-02,247.72999572753906,245.63999938964844,246.97000122070312,247.42999267578125,372300.0,218.54371643066406
2014-09-03,250.00999450683594,248.0,248.0,249.85000610351562,404100.0,220.6811981201172
2014-09-04,253.32000732421875,249.85000610351562,251.13999938964844,251.63999938964844,455600.0,222.26222229003906
2014-09-05,251.47000122070312,248.94000244140625,251.17999267578125,249.47999572753906,403200.0,220.3543243408203
2014-09-08,250.57000732421875,248.58999633789062,248.58999633789062,248.83999633789062,239300.0,219.78909301757812
2014-09-09,249.22999572753906,246.82000732421875,249.22999572753906,246.8800048828125,332700.0,218.0579071044922
2014-09-10,247.25999450683594,245.24000549316406,247.25999450683594,246.5800018310547,245900.0,217.79296875
2014-09-11,247.42999267578125,244.67999267578125,245.58999633789062,246.5399932861328,300500.0,217.7576446533203
2014-09-12,248.5,245.3000030517578,245.91000366210938,248.4499969482422,510500.0,219.44464111328125
2014-09-15,249.2899932861328,246.7100067138672,248.8800048828125,248.4199981689453,229300.0,219.41818237304688
2014-09-16,249.00999450683594,245.82000732421875,248.3699951171875,248.6699981689453,444800.0,219.63894653320312
2014-09-17,251.49000549316406,248.9199981689453,249.86000061035156,250.3000030517578,502400.0,221.0786590576172
2014-09-18,253.49000549316406,250.13999938964844,251.10000610351562,253.0800018310547,317700.0,223.5341033935547
2014-09-19,254.57000732421875,252.1699981689453,254.3800048828125,253.4199981689453,418300.0,223.83438110351562
2014-09-22,253.5,250.6300048828125,252.7899932861328,251.32000732421875,297200.0,221.9795379638672
2014-09-23,252.47000122070312,250.11000061035156,250.92999267578125,251.6199951171875,423500.0,222.2445831298828
2014-09-24,254.33999633789062,251.1999969482422,251.1999969482422,252.64999389648438,336800.0,223.15432739257812
2014-09-25,252.33999633789062,250.1300048828125,251.82000732421875,250.1300048828125,426500.0,220.9285125732422
2014-09-26,253.1999969482422,250.33999633789062,250.50999450683594,252.02000427246094,236400.0,222.5978240966797
2014-09-29,253.32000732421875,249.8000030517578,249.8000030517578,252.02000427246094,370100.0,222.5978240966797
2014-09-30,254.75,251.02999877929688,252.27999877929688,251.64999389648438,413600.0,222.27101135253906
2014-10-01,251.6699981689453,249.83999633789062,251.4199981689453,250.6300048828125,609100.0,221.37014770507812
2014-10-02,253.3300018310547,250.85000610351562,250.89999389648438,252.8000030517578,474800.0,223.2867889404297
2014-10-03,257.2900085449219,252.9600067138672,254.30999755859375,255.27000427246094,522700.0,225.46841430664062
2014-10-06,258.19000244140625,254.3800048828125,255.72000122070312,255.5399932861328,464600.0,225.70687866210938
2014-10-07,254.8300018310547,249.5800018310547,253.77000427246094,249.75,511200.0,220.5928497314453
2014-10-08,252.30999755859375,247.35000610351562,250.10000610351562,252.19000244140625,506000.0,222.7480010986328
2014-10-09,252.99000549316406,245.63999938964844,251.75999450683594,246.14999389648438,417500.0,217.41310119628906
2014-10-10,245.35000610351562,239.00999450683594,245.10000610351562,240.69000244140625,702400.0,212.59059143066406
2014-10-13,240.66000366210938,233.63999938964844,240.02000427246094,234.1999969482422,601300.0,206.85826110839844
2014-10-14,239.8000030517578,234.05999755859375,235.0,238.69000244140625,998300.0,210.82403564453125
2014-10-15,241.5500030517578,232.3000030517578,237.07000732421875,239.16000366210938,862400.0,211.2391815185547
2014-10-16,237.49000549316406,223.9199981689453,228.60000610351562,229.72000122070312,1526700.0,202.90127563476562
2014-10-17,233.80999755859375,230.16000366210938,232.75,231.89999389648438,1407600.0,204.82675170898438
2014-10-20,232.25999450683594,229.3699951171875,230.50999450683594,230.4199981689453,776000.0,203.51953125
2014-10-21,235.22999572753906,231.32000732421875,231.32000732421875,234.5,1208200.0,207.1232452392578
2014-10-22,235.07000732421875,231.42999267578125,235.02000427246094,231.5399932861328,758600.0,204.50877380371094
2014-10-23,236.6699981689453,233.27999877929688,234.50999450683594,235.3800048828125,611300.0,207.9005126953125
2014-10-24,238.30999755859375,234.25,235.77000427246094,237.77999877929688,286200.0,210.02032470703125
2014-10-27,238.77999877929688,235.4499969482422,237.63999938964844,238.4199981689453,304300.0,210.58555603027344
2014-10-28,243.1300048828125,239.05999755859375,239.80999755859375,242.6300048828125,386700.0,214.30409240722656
2014-10-29,243.94000244140625,240.94000244140625,242.6699981689453,242.19000244140625,443800.0,213.9154510498047
2014-10-30,244.6300048828125,240.60000610351562,241.25,243.86000061035156,285600.0,215.39047241210938
2014-10-31,248.02000427246094,245.77000427246094,247.25,246.8000030517578,455100.0,217.9872589111328
2014-11-03,248.38999938964844,245.9499969482422,246.8000030517578,247.60000610351562,409800.0,218.69383239746094
2014-11-04,249.89999389648438,247.00999450683594,247.22999572753906,249.42999267578125,361300.0,220.31019592285156
2014-11-05,253.1999969482422,249.74000549316406,251.3800048828125,253.16000366210938,376600.0,223.60476684570312
2014-11-06,255.0800018310547,251.1300048828125,252.85000610351562,254.77000427246094,379800.0,225.99090576171875
2014-11-07,254.83999633789062,252.22999572753906,254.83999633789062,254.80999755859375,313900.0,226.02633666992188
2014-11-10,252.27000427246094,247.3300018310547,251.38999938964844,248.77000427246094,584900.0,220.6686553955078
2014-11-11,249.22999572753906,245.33999633789062,249.17999267578125,246.30999755859375,492800.0,218.48654174804688
2014-11-12,248.2100067138672,245.1199951171875,245.4499969482422,246.77000427246094,803100.0,218.89462280273438
2014-11-13,246.72999572753906,243.9499969482422,246.52000427246094,244.3699951171875,405700.0,216.7657012939453
2014-11-14,247.00999450683594,243.64999389648438,244.13999938964844,246.27000427246094,234500.0,218.45106506347656
2014-11-17,245.9600067138672,243.9199981689453,245.83999633789062,244.44000244140625,284900.0,216.8277587890625
2014-11-18,246.25,242.97000122070312,244.89999389648438,243.3300018310547,328900.0,215.8431854248047
2014-11-19,244.83999633789062,241.97999572753906,243.5,244.33999633789062,323100.0,216.7390594482422
2014-11-20,246.42999267578125,243.3699951171875,243.3699951171875,244.8699951171875,311700.0,217.20921325683594
2014-11-21,248.9499969482422,246.7100067138672,246.7100067138672,248.2100067138672,516900.0,220.17190551757812
2014-11-24,251.0399932861328,247.5800018310547,249.0,250.85000610351562,362600.0,222.51370239257812
2014-11-25,250.60000610351562,248.33999633789062,250.35000610351562,249.24000549316406,299200.0,221.08560180664062
2014-11-26,249.30999755859375,246.7100067138672,249.0399932861328,247.16000366210938,329200.0,219.2405548095703
2014-11-28,248.83999633789062,245.3300018310547,247.83999633789062,245.67999267578125,290000.0,217.9276885986328
2014-12-01,245.30999755859375,242.1199951171875,244.91000366210938,242.4600067138672,555400.0,215.0714569091797
2014-12-02,244.25999450683594,239.6999969482422,241.00999450683594,244.1699981689453,592500.0,216.58824157714844
2014-12-03,248.57000732421875,243.97000122070312,244.6199951171875,248.57000732421875,798600.0,220.4912872314453
2014-12-04,251.10000610351562,246.80999755859375,248.38999938964844,250.57000732421875,444500.0,222.26528930664062
2014-12-05,254.49000549316406,251.50999450683594,251.7899932861328,252.8300018310547,561200.0,224.27003479003906
2014-12-08,253.4600067138672,249.74000549316406,251.6999969482422,250.1199951171875,538800.0,221.8661346435547
2014-12-09,249.64999389648438,247.27000427246094,248.36000061035156,249.4600067138672,267200.0,221.2807159423828
2014-12-10,248.7100067138672,241.0800018310547,248.69000244140625,242.64999389648438,517500.0,215.24002075195312
2014-12-11,247.13999938964844,241.27999877929688,242.0500030517578,246.16000366210938,466000.0,218.3534698486328
2014-12-12,249.9600067138672,244.41000366210938,246.42999267578125,245.97000122070312,673500.0,218.18495178222656
2014-12-15,248.13999938964844,242.85000610351562,246.41000366210938,244.1699981689453,431300.0,216.58824157714844
2014-12-16,249.22999572753906,242.4199981689453,243.9199981689453,244.22999572753906,323700.0,216.64149475097656
2014-12-17,245.22000122070312,242.0,244.25999450683594,244.02000427246094,712200.0,216.4552459716797
2014-12-18,252.3000030517578,246.24000549316406,246.24000549316406,252.22999572753906,568700.0,223.73777770996094
2014-12-19,261.57000732421875,252.82000732421875,253.1699981689453,257.80999755859375,881700.0,228.6875
2014-12-22,259.0299987792969,256.1300048828125,257.9200134277344,258.2200012207031,377200.0,229.05116271972656
2014-12-23,259.8900146484375,257.260009765625,259.2099914550781,257.79998779296875,609500.0,228.67861938476562
2014-12-24,258.3999938964844,256.4800109863281,257.8500061035156,256.9800109863281,158900.0,227.95123291015625
2014-12-26,259.1400146484375,256.739990234375,258.0,257.0899963378906,133200.0,228.0487823486328
2014-12-29,259.6700134277344,256.7900085449219,256.7900085449219,258.8599853515625,294400.0,229.61888122558594
2014-12-30,259.4100036621094,256.79998779296875,258.3699951171875,257.489990234375,319600.0,228.4036407470703
2014-12-31,259.0,254.50999450683594,258.239990234375,254.88999938964844,445100.0,226.09732055664062
2015-01-02,256.9700012207031,253.3300018310547,256.0199890136719,255.22000122070312,314300.0,226.39002990722656
2015-01-05,254.33999633789062,248.17999267578125,253.6999969482422,248.97999572753906,394100.0,220.85494995117188
2015-01-06,249.94000244140625,242.83999633789062,249.52999877929688,245.4499969482422,427300.0,217.72369384765625
2015-01-07,247.07000732421875,243.11000061035156,246.0,245.6699981689453,339500.0,217.91885375976562
2015-01-08,251.22999572753906,247.3800048828125,247.3800048828125,251.13999938964844,453000.0,222.7709197998047
2015-01-09,250.77999877929688,246.8800048828125,250.6999969482422,248.22999572753906,335900.0,220.1896514892578
2015-01-12,249.9499969482422,244.10000610351562,249.0399932861328,245.14999389648438,367500.0,217.45761108398438
2015-01-13,247.97999572753906,241.3300018310547,246.83999633789062,243.44000244140625,399500.0,215.94076538085938
2015-01-14,243.0,240.0,241.9199981689453,241.89999389648438,753800.0,214.57467651367188
2015-01-15,244.8000030517578,237.75999450683594,243.02999877929688,237.9199981689453,489900.0,211.04432678222656
2015-01-16,241.58999633789062,235.0399932861328,237.9199981689453,241.2899932861328,654300.0,214.03358459472656
2015-01-20,243.77000427246094,239.80999755859375,242.0,242.61000061035156,365200.0,215.20449829101562
2015-01-21,246.97000122070312,240.91000366210938,241.16000366210938,244.19000244140625,470500.0,216.60601806640625
2015-01-22,246.1199951171875,243.17999267578125,245.22000122070312,245.16000366210938,404800.0,217.46644592285156
2015-01-23,247.69000244140625,243.5,243.5,245.99000549316406,791900.0,218.20272827148438
2015-01-26,241.8800048828125,233.5,236.4199981689453,234.80999755859375,1164100.0,208.2855987548828
2015-01-27,233.35000610351562,229.0399932861328,230.55999755859375,231.67999267578125,672800.0,205.50917053222656
2015-01-28,232.92999267578125,229.3800048828125,232.75999450683594,231.0399932861328,698800.0,204.94143676757812
2015-01-29,236.85000610351562,231.1300048828125,231.49000549316406,235.9199981689453,660400.0,209.2702178955078
2015-01-30,238.36000061035156,233.27000427246094,234.32000732421875,235.83999633789062,673100.0,209.19927978515625
2015-02-02,241.00999450683594,233.2899932861328,233.75,240.50999450683594,563700.0,213.34173583984375
2015-02-03,245.24000549316406,241.77000427246094,241.83999633789062,244.57000732421875,472300.0,216.9430694580078
2015-02-04,242.4499969482422,236.1999969482422,242.22000122070312,239.16000366210938,1554100.0,212.1442108154297
2015-02-05,241.39999389648438,237.97000122070312,239.64999389648438,240.02000427246094,833300.0,213.87290954589844
2015-02-06,242.77000427246094,239.5399932861328,239.5399932861328,240.3000030517578,506700.0,214.12237548828125
2015-02-09,241.86000061035156,237.3800048828125,239.1699981689453,238.6300048828125,508800.0,212.6343231201172
2015-02-10,240.0,236.66000366210938,239.66000366210938,238.8800048828125,446100.0,212.8570556640625
2015-02-11,238.97000122070312,235.55999755859375,237.72999572753906,237.60000610351562,889000.0,211.71649169921875
2015-02-12,237.58999633789062,230.50999450683594,236.75999450683594,234.30999755859375,1278100.0,208.78488159179688
2015-02-13,236.6199951171875,234.33999633789062,234.38999938964844,234.8699951171875,663700.0,209.28392028808594
2015-02-17,236.05999755859375,231.7899932861328,234.92999267578125,233.83999633789062,800500.0,208.36610412597656
2015-02-18,237.85000610351562,234.2100067138672,234.33999633789062,235.64999389648438,711400.0,209.9789276123047
2015-02-19,236.77000427246094,234.50999450683594,235.77000427246094,235.5500030517578,528700.0,209.88983154296875
2015-02-20,238.24000549316406,233.25,234.7100067138672,238.13999938964844,608800.0,212.19766235351562
2015-02-23,237.77000427246094,235.3300018310547,236.86000061035156,236.1699981689453,487700.0,210.44227600097656
2015-02-24,238.2899932861328,235.0399932861328,236.0,237.50999450683594,579500.0,211.6363067626953
2015-02-25,240.92999267578125,235.5,237.1699981689453,239.58999633789062,555200.0,213.48968505859375
2015-02-26,240.69000244140625,238.4199981689453,239.5500030517578,240.3800048828125,559200.0,214.19366455078125
2015-02-27,240.9600067138672,236.91000366210938,240.13999938964844,236.91000366210938,762900.0,211.10166931152344
2015-03-02,239.39999389648438,236.0,236.91000366210938,239.1999969482422,546500.0,213.1422576904297
2015-03-03,241.47000122070312,237.4600067138672,238.5,241.2899932861328,694600.0,215.0045166015625
2015-03-04,238.72999572753906,233.11000061035156,238.44000244140625,236.0,1158800.0,210.29083251953125
2015-03-05,239.14999389648438,235.4600067138672,236.72000122070312,238.0399932861328,540200.0,212.10858154296875
2015-03-06,236.5399932861328,234.6699981689453,236.1999969482422,235.27000427246094,483500.0,209.64036560058594
2015-03-09,237.3800048828125,234.7100067138672,235.5500030517578,235.8300018310547,520800.0,210.13934326171875
2015-03-10,234.7100067138672,230.1999969482422,233.55999755859375,230.27000427246094,946600.0,205.18502807617188
2015-03-11,232.49000549316406,228.14999389648438,230.0,232.1699981689453,974100.0,206.8780517578125
2015-03-12,234.0399932861328,230.14999389648438,233.00999450683594,231.7100067138672,602200.0,206.4681396484375
2015-03-13,232.19000244140625,229.38999938964844,230.82000732421875,230.72000122070312,665000.0,205.58599853515625
2015-03-16,234.1699981689453,230.7899932861328,231.91000366210938,234.00999450683594,445900.0,208.51759338378906
2015-03-17,235.02999877929688,230.97999572753906,232.08999633789062,234.47999572753906,510200.0,208.9364013671875
2015-03-18,239.35000610351562,232.17999267578125,233.99000549316406,238.41000366210938,704200.0,212.43824768066406
2015-03-19,237.99000549316406,234.77999877929688,237.07000732421875,237.05999755859375,533100.0,211.23536682128906
2015-03-20,238.3800048828125,235.8300018310547,238.07000732421875,236.14999389648438,1248500.0,210.42446899414062
2015-03-23,234.41000366210938,232.19000244140625,234.25999450683594,233.57000732421875,645600.0,208.1255340576172
2015-03-24,236.25999450683594,233.52999877929688,233.52999877929688,234.2100067138672,535300.0,208.69583129882812
2015-03-25,236.55999755859375,234.2100067138672,235.7100067138672,234.8300018310547,606300.0,209.24827575683594
2015-03-26,235.3000030517578,233.35000610351562,234.44000244140625,234.3300018310547,504000.0,208.80274963378906
2015-03-27,235.17999267578125,233.17999267578125,234.1300048828125,234.60000610351562,382900.0,209.0433349609375
2015-03-30,238.19000244140625,234.9499969482422,235.64999389648438,237.49000549316406,395200.0,211.61846923828125
2015-03-31,237.0,234.77000427246094,236.8000030517578,235.80999755859375,500100.0,210.12152099609375
2015-04-01,235.77999877929688,231.30999755859375,234.8800048828125,231.8800048828125,782300.0,206.61964416503906
2015-04-02,233.5500030517578,229.85000610351562,231.8800048828125,230.4199981689453,609400.0,205.3186798095703
2015-04-06,236.2899932861328,228.0500030517578,228.8000030517578,235.14999389648438,560800.0,209.5334014892578
2015-04-07,234.94000244140625,232.24000549316406,233.80999755859375,232.86000061035156,513200.0,207.49288940429688
2015-04-08,235.5500030517578,232.3300018310547,232.3300018310547,234.30999755859375,498400.0,208.78488159179688
2015-04-09,235.6300048828125,231.30999755859375,233.0,234.85000610351562,530900.0,209.26609802246094
2015-04-10,235.97000122070312,233.58999633789062,235.32000732421875,234.7100067138672,340300.0,209.141357421875
2015-04-13,237.39999389648438,234.75,235.4600067138672,234.9600067138672,527300.0,209.3641357421875
2015-04-14,238.69000244140625,235.14999389648438,236.66000366210938,238.14999389648438,627400.0,212.20657348632812
2015-04-15,242.2899932861328,237.69000244140625,238.38999938964844,241.8300018310547,843600.0,215.4857177734375
2015-04-16,252.8699951171875,241.47000122070312,250.10000610351562,241.8699951171875,1883400.0,215.52134704589844
2015-04-17,242.36000061035156,237.75999450683594,239.91000366210938,239.3300018310547,1154500.0,213.25807189941406
2015-04-20,241.25,238.25999450683594,240.77999877929688,238.9499969482422,710500.0,212.9194793701172
2015-04-21,243.97000122070312,239.77999877929688,240.13999938964844,243.00999450683594,943600.0,216.5371551513672
2015-04-22,245.14999389648438,241.3000030517578,243.9600067138672,243.4499969482422,709100.0,216.92922973632812
2015-04-23,246.25,242.19000244140625,243.0500030517578,244.27999877929688,695200.0,217.6687774658203
2015-04-24,247.25,244.00999450683594,245.2100067138672,247.10000610351562,590400.0,220.18165588378906
2015-04-27,251.1300048828125,246.25999450683594,248.57000732421875,249.44000244140625,764500.0,222.2667236328125
2015-04-28,249.97000122070312,246.4600067138672,249.25999450683594,249.19000244140625,540700.0,222.04397583007812
2015-04-29,251.24000549316406,245.6699981689453,248.3800048828125,250.1300048828125,564300.0,222.88157653808594
2015-04-30,251.05999755859375,247.6999969482422,249.4499969482422,248.42999267578125,710200.0,221.36671447753906
2015-05-01,250.83999633789062,247.33999633789062,249.02000427246094,248.94000244140625,477900.0,221.8211669921875
2015-05-04,249.94000244140625,248.14999389648438,249.00999450683594,248.86000061035156,427300.0,221.74989318847656
2015-05-05,249.89999389648438,245.3300018310547,248.14999389648438,245.99000549316406,462300.0,219.1925811767578
2015-05-06,247.55999755859375,244.8800048828125,246.6699981689453,246.10000610351562,442200.0,219.29054260253906
2015-05-07,246.3300018310547,242.47000122070312,244.3000030517578,245.80999755859375,416400.0,220.0784149169922
2015-05-08,250.25,247.99000549316406,247.99000549316406,249.16000366210938,530600.0,223.0777587890625
2015-05-11,250.14999389648438,247.13999938964844,248.50999450683594,248.80999755859375,389100.0,222.764404296875
2015-05-12,251.7899932861328,247.41000366210938,247.92999267578125,251.24000549316406,446600.0,224.9400177001953
2015-05-13,251.89999389648438,243.00999450683594,249.91000366210938,245.92999267578125,962800.0,220.1858367919922
2015-05-14,248.60000610351562,245.9600067138672,246.69000244140625,247.0399932861328,507500.0,221.17967224121094
2015-05-15,248.19000244140625,244.0800018310547,247.07000732421875,246.0500030517578,486700.0,220.29327392578125
2015-05-18,247.16000366210938,244.72999572753906,246.22000122070312,246.41000366210938,361300.0,220.61563110351562
2015-05-19,247.14999389648438,245.0800018310547,246.91000366210938,246.16000366210938,306800.0,220.39178466796875
2015-05-20,246.99000549316406,245.2100067138672,245.52999877929688,246.0,305700.0,220.24856567382812
2015-05-21,247.44000244140625,244.99000549316406,245.74000549316406,246.60000610351562,506500.0,220.7857208251953
2015-05-22,247.41000366210938,245.6999969482422,246.5500030517578,245.9499969482422,239500.0,220.2038116455078
2015-05-26,246.0,243.63999938964844,246.0,244.9199981689453,472700.0,219.2815704345703
2015-05-27,245.97999572753906,243.39999389648438,245.4600067138672,245.5399932861328,333100.0,219.83665466308594
2015-05-28,245.24000549316406,243.05999755859375,244.72999572753906,244.66000366210938,335800.0,219.04881286621094
2015-05-29,246.0399932861328,239.69000244140625,245.35000610351562,240.3300018310547,552000.0,215.1720733642578
2015-06-01,242.64999389648438,239.52999877929688,240.83999633789062,241.0,478900.0,215.7719268798828
2015-06-02,243.11000061035156,240.38999938964844,240.55999755859375,241.9600067138672,295900.0,216.63145446777344
2015-06-03,243.47999572753906,241.35000610351562,242.77999877929688,242.91000366210938,313500.0,217.48202514648438
2015-06-04,242.32000732421875,238.8000030517578,241.52999877929688,239.25,390800.0,214.2051544189453
2015-06-05,241.4600067138672,238.1699981689453,239.60000610351562,241.10000610351562,470000.0,215.86151123046875
2015-06-08,241.97999572753906,239.35000610351562,240.44000244140625,239.49000549316406,341700.0,214.42002868652344
2015-06-09,242.88999938964844,239.5800018310547,239.83999633789062,241.50999450683594,487000.0,216.2285614013672
2015-06-10,244.0500030517578,241.00999450683594,241.75999450683594,242.2899932861328,422000.0,216.92691040039062
2015-06-11,243.8699951171875,241.6300048828125,242.8000030517578,243.33999633789062,461200.0,217.86697387695312
2015-06-12,242.60000610351562,237.36000061035156,242.58999633789062,238.14999389648438,635500.0,213.2202911376953
2015-06-15,237.88999938964844,234.27999877929688,236.1999969482422,236.9199981689453,585600.0,212.1190643310547
2015-06-16,238.58999633789062,235.25,235.8699951171875,237.8699951171875,474400.0,212.96958923339844
2015-06-17,240.44000244140625,238.07000732421875,238.4600067138672,239.97999572753906,519800.0,214.85873413085938
2015-06-18,244.17999267578125,239.6999969482422,240.75999450683594,243.3800048828125,549000.0,217.90280151367188
2015-06-19,244.0399932861328,241.6300048828125,243.0,242.19000244140625,821000.0,216.8373565673828
2015-06-22,244.69000244140625,242.72999572753906,243.77999877929688,244.1199951171875,398100.0,218.5653533935547
2015-06-23,245.8699951171875,244.55999755859375,244.77999877929688,245.41000366210938,526800.0,219.72030639648438
2015-06-24,246.0,243.41000366210938,245.30999755859375,243.6300048828125,319800.0,218.1266632080078
2015-06-25,243.97999572753906,239.17999267578125,243.69000244140625,239.52999877929688,536500.0,214.455810546875
2015-06-26,241.1699981689453,238.8800048828125,239.32000732421875,240.3300018310547,664900.0,215.1720733642578
2015-06-29,239.8000030517578,236.25,239.27999877929688,236.7100067138672,595700.0,211.93101501464844
2015-06-30,239.35000610351562,236.3300018310547,238.64999389648438,236.64999389648438,568200.0,211.8773193359375
2015-07-01,238.74000549316406,236.39999389648438,238.5,236.6999969482422,577600.0,211.92205810546875
2015-07-02,237.99000549316406,234.17999267578125,237.58999633789062,235.5,554900.0,210.8477020263672
2015-07-06,235.82000732421875,232.89999389648438,233.7899932861328,233.8699951171875,592600.0,209.38829040527344
2015-07-07,237.63999938964844,232.5,234.19000244140625,236.97999572753906,874300.0,212.17276000976562
2015-07-08,236.50999450683594,233.8300018310547,235.4499969482422,234.38999938964844,714400.0,209.85386657714844
2015-07-09,238.75,235.6999969482422,236.97999572753906,235.6999969482422,441900.0,211.02674865722656
2015-07-10,238.3699951171875,235.41000366210938,237.6199951171875,236.5,619600.0,211.74301147460938
2015-07-13,240.0,236.2899932861328,237.66000366210938,238.0,425700.0,213.0859832763672
2015-07-14,237.50999450683594,232.50999450683594,236.80999755859375,233.27000427246094,1017200.0,208.8511199951172
2015-07-15,233.25999450683594,229.89999389648438,232.6300048828125,230.77999877929688,808200.0,206.62181091308594
2015-07-16,233.33999633789062,231.07000732421875,232.6699981689453,232.36000061035156,770200.0,208.03639221191406
2015-07-17,234.47000122070312,227.17999267578125,229.25,233.36000061035156,1071100.0,208.9316864013672
2015-07-20,237.19000244140625,233.08999633789062,233.25,235.10000610351562,667100.0,210.4895782470703
2015-07-21,236.32000732421875,229.39999389648438,234.8300018310547,229.94000244140625,592300.0,205.86973571777344
2015-07-22,230.0,221.6699981689453,229.6300048828125,224.6999969482422,1235600.0,201.17823791503906
2015-07-23,228.1199951171875,224.10000610351562,224.52000427246094,226.17999267578125,1110700.0,202.50331115722656
2015-07-24,227.30999755859375,225.00999450683594,226.4600067138672,225.77000427246094,596800.0,202.13626098632812
2015-07-27,226.64999389648438,223.9600067138672,224.17999267578125,225.8699951171875,587500.0,202.2257843017578
2015-07-28,227.4600067138672,225.6300048828125,225.8699951171875,225.9499969482422,477600.0,202.29734802246094
2015-07-29,227.69000244140625,224.6999969482422,225.88999938964844,226.9600067138672,697100.0,203.20166015625
2015-07-30,226.6999969482422,221.80999755859375,224.63999938964844,225.00999450683594,832600.0,201.45578002929688
2015-07-31,230.0,225.35000610351562,226.58999633789062,228.7100067138672,539100.0,204.7684783935547
2015-08-03,228.5,223.89999389648438,227.2899932861328,224.85000610351562,461700.0,201.31256103515625
2015-08-04,227.69000244140625,224.85000610351562,225.47999572753906,226.1300048828125,414600.0,202.4585723876953
2015-08-05,228.17999267578125,224.75,227.52000427246094,227.0500030517578,553400.0,203.28224182128906
2015-08-06,227.6199951171875,224.57000732421875,226.63999938964844,226.07000732421875,438100.0,203.45323181152344
2015-08-07,227.2899932861328,224.8800048828125,225.6199951171875,225.9600067138672,377200.0,203.35423278808594
2015-08-10,230.99000549316406,226.35000610351562,227.32000732421875,230.89999389648438,403700.0,207.80001831054688
2015-08-11,229.88999938964844,226.52999877929688,228.49000549316406,228.0500030517578,486600.0,205.23513793945312
2015-08-12,231.00999450683594,226.1300048828125,226.67999267578125,230.41000366210938,724300.0,207.35902404785156
2015-08-13,230.13999938964844,224.91000366210938,228.0,225.86000061035156,734500.0,203.26425170898438
2015-08-14,227.86000061035156,223.75999450683594,226.1999969482422,224.77999877929688,714900.0,202.29229736328125
2015-08-17,227.0399932861328,223.0399932861328,223.8800048828125,226.4600067138672,733300.0,203.80419921875
2015-08-18,227.8000030517578,225.52999877929688,225.64999389648438,226.72999572753906,338700.0,204.04718017578125
2015-08-19,227.1300048828125,223.9499969482422,226.25,225.60000610351562,378000.0,203.03025817871094
2015-08-20,226.7899932861328,223.32000732421875,223.6699981689453,224.0399932861328,504700.0,201.62632751464844
2015-08-21,224.63999938964844,219.55999755859375,223.22999572753906,219.85000610351562,731900.0,197.85548400878906
2015-08-24,219.36000061035156,194.4199981689453,212.89999389648438,213.16000366210938,1069500.0,191.8347930908203
2015-08-25,218.4199981689453,213.32000732421875,218.4199981689453,213.32000732421875,1026900.0,191.97877502441406
2015-08-26,218.00999450683594,214.4600067138672,217.17999267578125,217.6699981689453,763800.0,195.89361572265625
2015-08-27,224.27999877929688,218.5800018310547,220.1699981689453,223.74000549316406,738300.0,201.3563232421875
2015-08-28,224.66000366210938,222.0399932861328,222.99000549316406,223.22999572753906,569200.0,200.89735412597656
2015-08-31,224.39999389648438,220.52999877929688,222.32000732421875,223.44000244140625,520500.0,201.0863800048828
2015-09-01,223.8699951171875,217.75,219.67999267578125,218.74000549316406,997600.0,196.85655212402344
2015-09-02,223.66000366210938,219.55999755859375,222.22999572753906,223.02999877929688,768800.0,200.71739196777344
2015-09-03,223.89999389648438,219.00999450683594,220.8000030517578,220.69000244140625,824500.0,198.61146545410156
2015-09-04,219.6999969482422,217.1999969482422,218.72999572753906,218.39999389648438,621500.0,196.5505828857422
2015-09-08,225.27000427246094,221.57000732421875,221.97000122070312,225.27000427246094,484700.0,202.73329162597656
2015-09-09,227.1999969482422,222.49000549316406,227.1699981689453,222.8699951171875,799400.0,200.5733642578125
2015-09-10,224.75999450683594,220.5500030517578,222.97000122070312,222.61000061035156,538400.0,200.3394012451172
2015-09-11,222.99000549316406,220.60000610351562,221.8000030517578,221.92999267578125,537200.0,199.72744750976562
2015-09-14,222.02000427246094,213.83999633789062,221.92999267578125,218.13999938964844,800400.0,196.3165740966797
2015-09-15,222.88999938964844,217.92999267578125,218.5500030517578,222.02999877929688,613200.0,199.81739807128906
2015-09-16,223.8699951171875,221.6300048828125,221.6300048828125,222.42999267578125,640000.0,200.17739868164062
2015-09-17,223.0,218.16000366210938,221.63999938964844,218.6699981689453,672200.0,196.79356384277344
2015-09-18,216.47000122070312,213.94000244140625,216.24000549316406,214.25,896700.0,192.81573486328125
2015-09-21,216.0,213.25999450683594,214.2899932861328,214.25,601800.0,192.81573486328125
2015-09-22,214.00999450683594,210.7100067138672,211.86000061035156,212.66000366210938,551800.0,191.38482666015625
2015-09-23,213.74000549316406,209.85000610351562,212.7899932861328,210.8800048828125,595200.0,189.7828826904297
2015-09-24,214.13999938964844,208.10000610351562,208.5500030517578,213.3699951171875,686500.0,192.0238037109375
2015-09-25,215.10000610351562,212.10000610351562,214.25999450683594,213.77000427246094,685200.0,192.38377380371094
2015-09-28,214.77999877929688,210.89999389648438,212.11000061035156,211.77000427246094,719700.0,190.5838623046875
2015-09-29,213.14999389648438,209.72000122070312,211.8300018310547,211.92999267578125,717600.0,190.7278594970703
2015-09-30,217.7100067138672,209.3699951171875,214.1699981689453,215.00999450683594,968200.0,193.49972534179688
2015-10-01,215.72999572753906,207.6199951171875,214.00999450683594,209.4600067138672,1288000.0,188.5049285888672
2015-10-02,215.16000366210938,204.1300048828125,207.69000244140625,215.14999389648438,1057600.0,193.6256561279297
2015-10-05,220.0399932861328,215.9199981689453,216.35000610351562,219.82000732421875,602700.0,197.82852172851562
2015-10-06,226.22000122070312,219.92999267578125,219.92999267578125,223.72999572753906,760700.0,201.3473358154297
2015-10-07,228.16000366210938,223.75,225.10000610351562,227.83999633789062,627600.0,205.04615783691406
2015-10-08,232.63999938964844,227.14999389648438,227.27999877929688,231.44000244140625,652600.0,208.28599548339844
2015-10-09,233.0,228.10000610351562,231.0,229.1999969482422,739000.0,206.2700958251953
2015-10-12,229.02000427246094,224.27000427246094,229.02000427246094,225.08999633789062,934000.0,202.5712890625
2015-10-13,226.0500030517578,220.16000366210938,222.92999267578125,222.67999267578125,1098100.0,200.40237426757812
2015-10-14,224.2899932861328,219.9199981689453,222.2100067138672,221.4499969482422,942400.0,199.29544067382812
2015-10-15,222.7899932861328,217.77000427246094,222.11000061035156,221.6300048828125,1198000.0,199.45742797851562
2015-10-16,217.05999755859375,203.89999389648438,211.14999389648438,207.64999389648438,2539200.0,186.87600708007812
2015-10-19,208.49000549316406,200.33999633789062,206.67999267578125,201.9600067138672,1833700.0,181.75526428222656
2015-10-20,205.19000244140625,198.94000244140625,200.5399932861328,201.75,1058400.0,181.56629943847656
2015-10-21,204.5,199.14999389648438,201.85000610351562,201.6699981689453,977500.0,181.4943084716797
2015-10-22,213.2100067138672,202.0800018310547,203.00999450683594,209.4199981689453,1328300.0,188.46893310546875
2015-10-23,211.1300048828125,206.25,209.57000732421875,207.85000610351562,853500.0,187.0560302734375
2015-10-26,209.5399932861328,205.8800048828125,208.02999877929688,206.27999877929688,538000.0,185.64309692382812
2015-10-27,205.5,202.1300048828125,204.22000122070312,202.4600067138672,831400.0,182.2052764892578
2015-10-28,208.19000244140625,202.38999938964844,203.3000030517578,207.2899932861328,1018100.0,186.55203247070312
2015-10-29,209.5399932861328,205.4499969482422,207.1199951171875,208.27999877929688,509100.0,187.44296264648438
2015-10-30,210.99000549316406,208.22999572753906,208.7899932861328,210.0,866500.0,188.9909210205078
2015-11-02,211.89999389648438,206.75999450683594,210.02999877929688,211.1300048828125,595300.0,190.00787353515625
2015-11-03,212.5500030517578,209.8000030517578,211.8300018310547,211.0500030517578,753700.0,189.9358673095703
2015-11-04,213.97000122070312,209.97000122070312,211.8300018310547,210.64999389648438,701900.0,189.57586669921875
2015-11-05,211.75,206.66000366210938,209.6300048828125,209.77999877929688,763600.0,189.84738159179688
2015-11-06,212.3300018310547,206.85000610351562,208.8000030517578,212.19000244140625,623800.0,192.02842712402344
2015-11-09,211.27000427246094,206.9499969482422,211.00999450683594,208.75,458100.0,188.91526794433594
2015-11-10,212.1699981689453,207.14999389648438,209.02000427246094,210.94000244140625,717700.0,190.89720153808594
2015-11-11,212.72000122070312,208.5399932861328,211.0500030517578,211.17999267578125,600500.0,191.11434936523438
2015-11-12,212.14999389648438,199.08999633789062,209.4499969482422,199.8300018310547,1879900.0,180.84278869628906
2015-11-13,200.97000122070312,196.5800018310547,199.0,197.00999450683594,1278000.0,178.29074096679688
2015-11-16,199.6699981689453,196.41000366210938,197.0,198.27999877929688,750400.0,179.44009399414062
2015-11-17,198.86000061035156,192.5,197.89999389648438,193.25999450683594,927500.0,174.8970489501953
2015-11-18,198.63999938964844,193.61000061035156,194.25,198.25,729000.0,179.41294860839844
2015-11-19,198.61000061035156,196.50999450683594,198.10000610351562,198.30999755859375,540000.0,179.46726989746094
2015-11-20,201.05999755859375,198.4600067138672,199.1300048828125,199.19000244140625,515400.0,180.26364135742188
2015-11-23,199.6300048828125,197.4499969482422,198.83999633789062,198.05999755859375,484200.0,179.2410125732422
2015-11-24,199.5,197.0,197.11000061035156,198.4600067138672,485900.0,179.60296630859375
2015-11-25,199.6199951171875,197.5399932861328,199.0500030517578,198.67999267578125,255300.0,179.8021240234375
2015-11-27,199.99000549316406,196.92999267578125,199.1999969482422,199.64999389648438,312800.0,180.67990112304688
2015-11-30,201.0500030517578,198.75,199.6999969482422,200.5399932861328,606600.0,181.4853515625
2015-12-01,202.1699981689453,199.8699951171875,200.08999633789062,201.63999938964844,574800.0,182.48086547851562
2015-12-02,202.36000061035156,199.05999755859375,201.2899932861328,199.55999755859375,633100.0,180.59844970703125
2015-12-03,201.33999633789062,196.8800048828125,200.47000122070312,198.8000030517578,800400.0,179.91067504882812
2015-12-04,201.1199951171875,197.5500030517578,198.8800048828125,200.86000061035156,699000.0,181.77496337890625
2015-12-07,200.07000732421875,197.10000610351562,200.07000732421875,198.42999267578125,793800.0,179.5758056640625
2015-12-08,197.86000061035156,193.82000732421875,196.72000122070312,195.05999755859375,830100.0,176.52603149414062
2015-12-09,197.55999755859375,192.44000244140625,193.86000061035156,193.1199951171875,1450200.0,174.77037048339844
2015-12-10,195.27999877929688,192.24000549316406,193.4600067138672,194.47000122070312,587700.0,175.9920654296875
2015-12-11,194.35000610351562,189.60000610351562,192.32000732421875,190.8300018310547,921300.0,172.6979522705078
2015-12-14,194.74000549316406,189.80999755859375,191.1999969482422,194.1300048828125,1360900.0,175.68443298339844
2015-12-15,195.9499969482422,192.22000122070312,194.27999877929688,194.5800018310547,624600.0,176.09165954589844
2015-12-16,197.22000122070312,193.5,196.1999969482422,196.7899932861328,511900.0,178.0916290283203
2015-12-17,196.72000122070312,193.49000549316406,196.72000122070312,194.85000610351562,784000.0,176.3359832763672
2015-12-18,195.49000549316406,192.6999969482422,193.8000030517578,193.92999267578125,1608200.0,175.50341796875
2015-12-21,196.5,193.72999572753906,195.6999969482422,196.3699951171875,484700.0,177.71157836914062
2015-12-22,202.74000549316406,195.85000610351562,195.85000610351562,201.9499969482422,897200.0,182.7613983154297
2015-12-23,207.02000427246094,202.8699951171875,203.94000244140625,205.60000610351562,730900.0,186.06454467773438
2015-12-24,207.6699981689453,205.2100067138672,205.63999938964844,205.4499969482422,301500.0,185.9288330078125
2015-12-28,206.1699981689453,203.0500030517578,204.14999389648438,204.3699951171875,411300.0,184.95144653320312
2015-12-29,206.94000244140625,204.49000549316406,205.3699951171875,205.5399932861328,372400.0,186.01023864746094
2015-12-30,206.7100067138672,204.6199951171875,205.5399932861328,204.6999969482422,263000.0,185.2500762939453
2015-12-31,205.27999877929688,202.24000549316406,203.86000061035156,202.58999633789062,494100.0,183.34054565429688
2016-01-04,202.1300048828125,197.77000427246094,199.5500030517578,202.1199951171875,705100.0,182.91525268554688
2016-01-05,203.42999267578125,197.75999450683594,202.72999572753906,199.67999267578125,730600.0,180.70704650878906
2016-01-06,201.1300048828125,196.32000732421875,197.41000366210938,199.0500030517578,727100.0,180.13694763183594
2016-01-07,198.8000030517578,194.08999633789062,197.17999267578125,197.1300048828125,544100.0,178.39938354492188
2016-01-08,198.8300018310547,194.3800048828125,198.13999938964844,194.7899932861328,722900.0,176.2816925048828
2016-01-11,194.33999633789062,187.75999450683594,194.16000366210938,189.1199951171875,1192400.0,171.15048217773438
2016-01-12,191.8800048828125,185.02000427246094,189.60000610351562,187.64999389648438,1166300.0,169.8201446533203
2016-01-13,191.4199981689453,184.88999938964844,188.64999389648438,185.60000610351562,868200.0,167.96490478515625
2016-01-14,190.83999633789062,183.5,185.6199951171875,188.9600067138672,693900.0,171.00564575195312
2016-01-15,189.92999267578125,183.52999877929688,185.25,189.4199981689453,1337400.0,171.4219207763672
2016-01-19,191.97999572753906,184.64999389648438,190.41000366210938,186.5800018310547,786400.0,168.85177612304688
2016-01-20,185.44000244140625,176.85000610351562,185.11000061035156,182.77999877929688,1140100.0,165.41285705566406
2016-01-21,186.52000427246094,182.0,183.10000610351562,185.52999877929688,843900.0,167.9015655517578
2016-01-22,190.47999572753906,184.6699981689453,187.80999755859375,187.22999572753906,1095700.0,169.4400177001953
2016-01-25,187.3699951171875,182.75,187.17999267578125,185.52999877929688,1058800.0,167.9015655517578
2016-01-26,197.0,182.57000732421875,196.7100067138672,186.0,1494400.0,168.32687377929688
2016-01-27,188.67999267578125,183.0,186.77000427246094,185.1199951171875,1071700.0,167.53050231933594
2016-01-28,192.6300048828125,185.5,185.86000061035156,192.17999267578125,1051200.0,173.919677734375
2016-01-29,197.3699951171875,193.0800018310547,193.0800018310547,196.69000244140625,1022400.0,178.00115966796875
2016-02-01,199.0,193.6300048828125,195.36000061035156,197.6999969482422,826500.0,178.91519165039062
2016-02-02,195.6999969482422,191.89999389648438,195.16000366210938,192.92999267578125,448500.0,174.59840393066406
2016-02-03,198.89999389648438,189.57000732421875,195.22999572753906,197.64999389648438,784700.0,178.8699493408203
2016-02-04,212.64999389648438,199.35000610351562,201.3699951171875,208.47999572753906,1500900.0,189.79444885253906
2016-02-05,212.13999938964844,205.92999267578125,208.0,208.30999755859375,1204900.0,189.63967895507812
2016-02-08,212.92999267578125,205.3800048828125,206.83999633789062,210.32000732421875,1244000.0,191.46949768066406
2016-02-09,212.02999877929688,206.2100067138672,207.99000549316406,209.7899932861328,1481900.0,190.9870147705078
2016-02-10,212.0,203.8800048828125,211.0500030517578,204.0800018310547,1116900.0,185.7887725830078
2016-02-11,205.9499969482422,197.66000366210938,200.5500030517578,204.3699951171875,912400.0,186.05279541015625
2016-02-12,211.77999877929688,204.42999267578125,206.22999572753906,211.08999633789062,740600.0,192.17044067382812
2016-02-16,217.00999450683594,209.69000244140625,212.1999969482422,213.97000122070312,940200.0,194.79237365722656
2016-02-17,218.72000122070312,214.11000061035156,216.25,216.36000061035156,903800.0,196.96812438964844
2016-02-18,217.9499969482422,215.22000122070312,217.74000549316406,215.85000610351562,634300.0,196.5038604736328
2016-02-19,217.41000366210938,212.32000732421875,215.05999755859375,217.27000427246094,695600.0,197.79661560058594
2016-02-22,224.17999267578125,217.63999938964844,218.57000732421875,220.52999877929688,900600.0,200.76443481445312
2016-02-23,221.47000122070312,217.49000549316406,220.6999969482422,217.89999389648438,669400.0,198.3701171875
2016-02-24,216.80999755859375,212.39999389648438,214.5,215.97000122070312,861200.0,196.6131134033203
2016-02-25,217.8800048828125,213.72000122070312,217.52999877929688,217.5,702800.0,198.00599670410156
2016-02-26,219.41000366210938,215.27000427246094,218.97999572753906,217.9499969482422,732100.0,198.4156494140625
2016-02-29,218.74000549316406,215.0500030517578,218.07000732421875,216.89999389648438,688900.0,197.45973205566406
2016-03-01,225.86000061035156,215.2100067138672,219.00999450683594,223.67999267578125,864700.0,203.632080078125
2016-03-02,223.8800048828125,219.52000427246094,223.0,220.61000061035156,617000.0,200.83724975585938
2016-03-03,223.25,219.60000610351562,221.11000061035156,221.7100067138672,836300.0,201.83868408203125
2016-03-04,222.69000244140625,215.17999267578125,220.7899932861328,221.9600067138672,715200.0,202.0662841796875
2016-03-07,225.67999267578125,220.88999938964844,221.6199951171875,224.2899932861328,456800.0,204.18739318847656
2016-03-08,225.9499969482422,222.0500030517578,223.86000061035156,224.7899932861328,609000.0,204.642578125
2016-03-09,226.17999267578125,217.58999633789062,226.0,218.94000244140625,907600.0,199.31689453125
2016-03-10,220.39999389648438,216.0,219.3699951171875,217.94000244140625,816700.0,198.40655517578125
2016-03-11,220.5399932861328,214.72999572753906,219.49000549316406,217.27000427246094,902800.0,197.79661560058594
2016-03-14,218.8300018310547,215.25999450683594,217.5,217.42999267578125,530800.0,197.94227600097656
2016-03-15,218.27999877929688,214.0800018310547,215.22999572753906,217.9199981689453,425700.0,198.38832092285156
2016-03-16,221.32000732421875,216.22000122070312,218.11000061035156,220.63999938964844,662500.0,200.8645477294922
2016-03-17,232.0,218.32000732421875,220.35000610351562,226.60000610351562,1321600.0,206.29037475585938
2016-03-18,227.8300018310547,225.1999969482422,227.52999877929688,225.58999633789062,981200.0,205.3708953857422
2016-03-21,227.94000244140625,224.17999267578125,225.58999633789062,227.4499969482422,406000.0,207.06414794921875
2016-03-22,230.32000732421875,227.19000244140625,227.2899932861328,228.47000122070312,541700.0,207.9927978515625
2016-03-23,230.2899932861328,227.4600067138672,228.1999969482422,229.11000061035156,469800.0,208.57540893554688
2016-03-24,231.0,228.0500030517578,228.0500030517578,229.14999389648438,503300.0,208.61180114746094
2016-03-28,230.0,227.3699951171875,229.77999877929688,228.1999969482422,324600.0,207.7469482421875
2016-03-29,230.83999633789062,226.5800018310547,227.19000244140625,230.61000061035156,309700.0,209.9409637451172
2016-03-30,234.2899932861328,230.24000549316406,232.30999755859375,233.5,469700.0,212.57191467285156
2016-03-31,234.77000427246094,231.8300018310547,233.3300018310547,233.42999267578125,461600.0,212.5082244873047
2016-04-01,234.57000732421875,226.97000122070312,230.3800048828125,234.3800048828125,488900.0,213.3730926513672
2016-04-04,234.61000061035156,230.60000610351562,233.85000610351562,231.25999450683594,392300.0,210.53271484375
2016-04-05,234.75999450683594,229.52000427246094,231.66000366210938,233.64999389648438,706100.0,212.70851135253906
2016-04-06,233.0,226.30999755859375,231.9499969482422,232.83999633789062,621800.0,211.9711151123047
2016-04-07,233.82000732421875,229.10000610351562,232.02000427246094,229.97000122070312,512500.0,209.3583526611328
2016-04-08,234.5800018310547,229.8800048828125,231.33999633789062,230.63999938964844,579800.0,209.9683074951172
2016-04-11,234.75,232.0,232.1300048828125,232.41000366210938,511100.0,211.57965087890625
2016-04-12,230.9600067138672,226.9600067138672,229.49000549316406,229.63999938964844,688500.0,209.05789184570312
2016-04-13,234.24000549316406,229.8800048828125,231.3000030517578,233.77999877929688,465400.0,212.82684326171875
2016-04-14,234.8000030517578,232.25,234.5500030517578,234.47000122070312,372300.0,213.4550018310547
2016-04-15,235.88999938964844,232.72000122070312,234.8699951171875,235.0500030517578,725600.0,213.98301696777344
2016-04-18,235.0,229.5,235.0,231.99000549316406,1157100.0,211.197265625
2016-04-19,233.89999389648438,227.92999267578125,232.9600067138672,230.25999450683594,1094400.0,209.62234497070312
2016-04-20,232.52999877929688,228.22000122070312,230.6300048828125,228.55999755859375,781400.0,208.07470703125
2016-04-21,230.80999755859375,227.8000030517578,228.42999267578125,227.88999938964844,515000.0,207.46475219726562
2016-04-22,229.9499969482422,227.25,227.25,229.1300048828125,849200.0,208.59361267089844
2016-04-25,230.3800048828125,228.07000732421875,228.67999267578125,229.19000244140625,564100.0,208.64820861816406
2016-04-26,234.63999938964844,229.74000549316406,229.74000549316406,234.32000732421875,500200.0,213.31842041015625
2016-04-27,239.22999572753906,233.4499969482422,235.0,238.72999572753906,585000.0,217.3331756591797
2016-04-28,239.9499969482422,235.05999755859375,237.5,235.9600067138672,941700.0,214.81146240234375
2016-04-29,235.50999450683594,232.47999572753906,234.83999633789062,234.52000427246094,852500.0,213.50051879882812
2016-05-02,235.7100067138672,231.86000061035156,234.77000427246094,234.4499969482422,640600.0,213.43678283691406
2016-05-03,233.80999755859375,230.66000366210938,233.17999267578125,232.82000732421875,366600.0,211.95285034179688
2016-05-04,232.1199951171875,228.19000244140625,231.82000732421875,229.08999633789062,503700.0,208.55718994140625
2016-05-05,235.49000549316406,229.8000030517578,230.05999755859375,232.25999450683594,644300.0,212.57510375976562
2016-05-06,233.2899932861328,230.6699981689453,230.6699981689453,232.47999572753906,539200.0,212.7764434814453
2016-05-09,232.4199981689453,228.72000122070312,232.4199981689453,230.5800018310547,530700.0,211.03750610351562
2016-05-10,233.55999755859375,230.22999572753906,230.99000549316406,232.14999389648438,589300.0,212.47442626953125
2016-05-11,233.80999755859375,229.77000427246094,232.10000610351562,231.0800018310547,487200.0,211.49513244628906
2016-05-12,231.86000061035156,225.7899932861328,231.2100067138672,227.75999450683594,752700.0,208.45652770996094
2016-05-13,228.55999755859375,225.0,227.57000732421875,226.39999389648438,484000.0,207.2117919921875
2016-05-16,229.4199981689453,226.13999938964844,226.72000122070312,228.85000610351562,354400.0,209.45411682128906
2016-05-17,229.99000549316406,225.41000366210938,228.63999938964844,225.8699951171875,328100.0,206.72669982910156
2016-05-18,228.3699951171875,222.8800048828125,225.1999969482422,225.02000427246094,395100.0,205.94876098632812
2016-05-19,223.8800048828125,219.3800048828125,221.77000427246094,221.75,495100.0,202.95590209960938
2016-05-20,223.97999572753906,221.77000427246094,223.08999633789062,222.58999633789062,442800.0,203.72471618652344
2016-05-23,223.8800048828125,220.52999877929688,222.41000366210938,223.07000732421875,301000.0,204.1640167236328
2016-05-24,227.14999389648438,224.05999755859375,224.24000549316406,226.25999450683594,335800.0,207.08363342285156
2016-05-25,226.9600067138672,225.61000061035156,226.25999450683594,226.33999633789062,301400.0,207.15687561035156
2016-05-26,228.60000610351562,225.58999633789062,225.58999633789062,227.52000427246094,365100.0,208.23683166503906
2016-05-27,228.25999450683594,225.1699981689453,227.9499969482422,225.8800048828125,399000.0,206.73583984375
2016-05-31,228.64999389648438,225.61000061035156,225.61000061035156,228.35000610351562,733200.0,208.9965362548828
2016-06-01,228.22000122070312,225.41000366210938,227.8699951171875,228.1699981689453,424900.0,208.831787109375
2016-06-02,229.72999572753906,227.77999877929688,227.8699951171875,229.72999572753906,301400.0,210.25958251953125
2016-06-03,229.77999877929688,226.17999267578125,229.0,227.7899932861328,458600.0,208.4839630126953
2016-06-06,228.99000549316406,225.0500030517578,226.61000061035156,228.60000610351562,468500.0,209.225341796875
2016-06-07,229.9600067138672,228.27000427246094,229.0,228.7899932861328,323600.0,209.3992156982422
2016-06-08,231.24000549316406,228.3800048828125,229.72000122070312,230.61000061035156,521500.0,211.06495666503906
2016-06-09,230.77999877929688,226.77000427246094,228.85000610351562,227.1699981689453,388800.0,207.91653442382812
2016-06-10,225.9600067138672,219.80999755859375,225.0,222.47000122070312,1162200.0,203.61488342285156
2016-06-13,221.55999755859375,216.38999938964844,220.25,217.4499969482422,739400.0,199.02035522460938
2016-06-14,220.7100067138672,217.4600067138672,217.72000122070312,219.9600067138672,550400.0,201.3175811767578
2016-06-15,222.0,219.22000122070312,220.13999938964844,219.8000030517578,564500.0,201.17115783691406
2016-06-16,222.17999267578125,216.85000610351562,218.91000366210938,221.39999389648438,367500.0,202.63555908203125
2016-06-17,222.4199981689453,219.64999389648438,220.61000061035156,221.52999877929688,661400.0,202.7545166015625
2016-06-20,225.8800048828125,222.74000549316406,222.99000549316406,222.8300018310547,436200.0,203.94436645507812
2016-06-21,224.3000030517578,222.24000549316406,223.14999389648438,222.88999938964844,403300.0,203.99928283691406
2016-06-22,225.97000122070312,222.82000732421875,223.25999450683594,224.00999450683594,396500.0,205.02435302734375
2016-06-23,227.3800048828125,225.25,226.3300018310547,225.97000122070312,386800.0,206.81820678710938
2016-06-24,223.99000549316406,216.1999969482422,219.64999389648438,217.3699951171875,1128500.0,198.9470977783203
2016-06-27,217.22000122070312,212.63999938964844,214.61000061035156,216.2100067138672,673900.0,197.88543701171875
2016-06-28,219.1999969482422,215.50999450683594,218.36000061035156,217.3699951171875,472500.0,198.9470977783203
2016-06-29,220.14999389648438,216.99000549316406,216.99000549316406,219.10000610351562,583000.0,200.53048706054688
2016-06-30,227.4199981689453,219.6699981689453,220.60000610351562,227.25,778300.0,207.98973083496094
2016-07-01,231.42999267578125,226.75999450683594,226.75999450683594,229.72999572753906,541100.0,210.25958251953125
2016-07-05,229.66000366210938,223.38999938964844,229.6199951171875,225.77999877929688,481100.0,206.6443328857422
2016-07-06,225.5399932861328,220.11000061035156,224.27999877929688,223.5,943400.0,204.55755615234375
2016-07-07,227.08999633789062,223.67999267578125,224.27999877929688,225.44000244140625,537200.0,206.33314514160156
2016-07-08,230.82000732421875,226.8800048828125,227.61000061035156,230.47000122070312,475800.0,210.9368438720703
2016-07-11,233.08999633789062,226.6300048828125,226.6300048828125,231.55999755859375,477100.0,211.93443298339844
2016-07-12,231.64999389648438,227.77000427246094,228.2899932861328,230.44000244140625,701400.0,210.9093780517578
2016-07-13,231.58999633789062,228.8000030517578,231.17999267578125,230.57000732421875,392400.0,211.0283966064453
2016-07-14,233.00999450683594,231.3000030517578,232.5500030517578,231.60000610351562,266500.0,211.9710693359375
2016-07-15,233.25,230.9199981689453,232.6999969482422,231.30999755859375,542200.0,211.70562744140625
2016-07-18,232.66000366210938,227.72000122070312,231.5399932861328,228.85000610351562,995600.0,209.45411682128906
2016-07-19,225.0,217.08999633789062,225.0,217.77999877929688,1699900.0,199.32237243652344
2016-07-20,222.0,214.82000732421875,217.1199951171875,217.0500030517578,943700.0,198.65423583984375
2016-07-21,218.3699951171875,214.94000244140625,217.0500030517578,215.27000427246094,535700.0,197.02508544921875
2016-07-22,218.1300048828125,214.7899932861328,215.0,217.83999633789062,898800.0,199.3772735595703
2016-07-25,219.44000244140625,216.75,217.75999450683594,218.3000030517578,503200.0,199.7982940673828
2016-07-26,220.5,218.2899932861328,218.3000030517578,219.47000122070312,464300.0,200.869140625
2016-07-27,220.89999389648438,217.9499969482422,219.75999450683594,219.30999755859375,296200.0,200.7227020263672
2016-07-28,221.02999877929688,218.47999572753906,218.75,220.22000122070312,348600.0,201.5555877685547
2016-07-29,220.1999969482422,217.0500030517578,219.39999389648438,218.85000610351562,735100.0,200.3016815185547
2016-08-01,218.74000549316406,216.47000122070312,218.47000122070312,218.19000244140625,435700.0,199.69761657714844
2016-08-02,218.19000244140625,215.16000366210938,218.19000244140625,216.50999450683594,364300.0,198.16000366210938
2016-08-03,217.8699951171875,215.27000427246094,216.39999389648438,217.35000610351562,343700.0,198.92881774902344
2016-08-04,221.7899932861328,217.5500030517578,218.3000030517578,218.36000061035156,538100.0,200.98133850097656
2016-08-05,221.38999938964844,219.0800018310547,219.74000549316406,221.00999450683594,506800.0,203.42042541503906
2016-08-08,222.99000549316406,220.2100067138672,221.88999938964844,220.67999267578125,257400.0,203.11669921875
2016-08-09,221.10000610351562,219.1199951171875,220.97000122070312,219.57000732421875,309300.0,202.09503173828125
2016-08-10,221.77999877929688,219.52000427246094,219.6999969482422,219.8000030517578,242900.0,202.30670166015625
2016-08-11,230.35000610351562,221.67999267578125,222.60000610351562,229.3800048828125,849400.0,211.1243133544922
2016-08-12,232.10000610351562,228.25999450683594,229.22999572753906,228.97000122070312,516100.0,210.74691772460938
2016-08-15,231.5,228.5500030517578,228.72999572753906,230.99000549316406,321900.0,212.60614013671875
2016-08-16,231.91000366210938,229.57000732421875,230.5399932861328,231.0,357400.0,212.6153564453125
2016-08-17,231.58999633789062,229.77999877929688,230.64999389648438,230.8800048828125,341700.0,212.5048828125
2016-08-18,231.5,229.94000244140625,231.00999450683594,231.32000732421875,308500.0,212.90989685058594
2016-08-19,232.0800018310547,229.55999755859375,229.9600067138672,231.3800048828125,289900.0,212.96514892578125
2016-08-22,231.61000061035156,229.3800048828125,230.72999572753906,230.75999450683594,320400.0,212.39447021484375
2016-08-23,231.9499969482422,230.02000427246094,231.44000244140625,230.8000030517578,280300.0,212.43128967285156
2016-08-24,232.66000366210938,229.72999572753906,231.02999877929688,231.0399932861328,270200.0,212.65216064453125
2016-08-25,231.4499969482422,229.1300048828125,230.11000061035156,230.92999267578125,313500.0,212.5509033203125
2016-08-26,234.7100067138672,231.47999572753906,232.36000061035156,232.66000366210938,581200.0,214.14321899414062
2016-08-29,234.7899932861328,232.13999938964844,232.61000061035156,234.72999572753906,342900.0,216.04844665527344
2016-08-30,235.52999877929688,233.47999572753906,234.77000427246094,234.49000549316406,343700.0,215.8275909423828
2016-08-31,233.97000122070312,230.30999755859375,233.5399932861328,230.66000366210938,618100.0,212.3024139404297
2016-09-01,230.92999267578125,226.22999572753906,230.92999267578125,228.6199951171875,538300.0,210.4247589111328
2016-09-02,230.92999267578125,228.69000244140625,230.3000030517578,230.2100067138672,247300.0,211.88819885253906
2016-09-06,231.08999633789062,229.6199951171875,230.33999633789062,230.41000366210938,362500.0,212.0723114013672
2016-09-07,227.97000122070312,225.41000366210938,227.77000427246094,227.64999389648438,566700.0,209.53195190429688
2016-09-08,229.7899932861328,226.00999450683594,227.39999389648438,229.47999572753906,508600.0,211.21632385253906
2016-09-09,227.72000122070312,222.44000244140625,226.8800048828125,222.4499969482422,905900.0,204.7458038330078
2016-09-12,224.8000030517578,220.4199981689453,221.44000244140625,224.25,550300.0,206.40260314941406
2016-09-13,229.85000610351562,222.05999755859375,229.08999633789062,222.0800018310547,635300.0,204.40524291992188
2016-09-14,225.47000122070312,222.7100067138672,223.4600067138672,223.99000549316406,432900.0,206.16326904296875
2016-09-15,228.57000732421875,222.1699981689453,223.57000732421875,227.94000244140625,560800.0,209.79888916015625
2016-09-16,227.0800018310547,215.1999969482422,226.1699981689453,218.22999572753906,1640500.0,200.86167907714844
2016-09-19,221.72999572753906,218.8800048828125,219.07000732421875,220.57000732421875,656700.0,203.01547241210938
2016-09-20,221.42999267578125,216.58999633789062,221.36000061035156,216.58999633789062,415200.0,199.35220336914062
2016-09-21,218.72000122070312,215.72999572753906,217.0,218.4199981689453,509300.0,201.0365753173828
2016-09-22,221.4600067138672,219.52000427246094,220.17999267578125,220.5,353300.0,202.95101928710938
2016-09-23,220.7100067138672,216.5,220.02000427246094,216.57000732421875,541100.0,199.3338165283203
2016-09-26,217.44000244140625,214.5500030517578,215.10000610351562,216.52000427246094,494200.0,199.28778076171875
2016-09-27,218.55999755859375,216.0500030517578,216.52000427246094,218.0399932861328,333600.0,200.686767578125
2016-09-28,219.47000122070312,216.1699981689453,218.33999633789062,219.27000427246094,337300.0,201.8189239501953
2016-09-29,222.22000122070312,218.9499969482422,219.22999572753906,220.32000732421875,448600.0,202.78533935546875
2016-09-30,226.3000030517578,221.1999969482422,221.75,224.83999633789062,491300.0,206.9456024169922
2016-10-03,227.1999969482422,223.3800048828125,223.69000244140625,226.3000030517578,531000.0,208.28939819335938
2016-10-04,226.9600067138672,221.63999938964844,226.25,222.30999755859375,386900.0,204.61695861816406
2016-10-05,226.97000122070312,223.66000366210938,223.8000030517578,225.11000061035156,430700.0,207.19410705566406
2016-10-06,228.44000244140625,223.97999572753906,225.02999877929688,228.08999633789062,417600.0,209.9369659423828
2016-10-07,227.6699981689453,223.42999267578125,227.47999572753906,224.41000366210938,337100.0,206.5498504638672
2016-10-10,226.16000366210938,222.41000366210938,224.86000061035156,223.39999389648438,432500.0,205.6201934814453
2016-10-11,221.6199951171875,214.3699951171875,221.02999877929688,216.57000732421875,965600.0,199.3338165283203
2016-10-12,218.4499969482422,215.67999267578125,216.61000061035156,218.05999755859375,626900.0,200.70521545410156
2016-10-13,217.02999877929688,212.66000366210938,216.83999633789062,213.72000122070312,496600.0,196.7106170654297
2016-10-14,215.8699951171875,212.85000610351562,214.1199951171875,214.2100067138672,398700.0,197.16163635253906
2016-10-17,215.97999572753906,213.4499969482422,213.8699951171875,214.5800018310547,693500.0,197.50216674804688
2016-10-18,215.5399932861328,203.5500030517578,214.75,205.86000061035156,2037300.0,189.4761505126953
2016-10-19,206.6999969482422,203.3300018310547,205.4499969482422,205.0,901500.0,188.6846160888672
2016-10-20,207.30999755859375,204.75,204.7899932861328,205.4600067138672,600900.0,189.1080322265625
2016-10-21,204.7100067138672,202.35000610351562,203.36000061035156,203.75999450683594,739300.0,187.54330444335938
2016-10-24,207.38999938964844,204.44000244140625,205.47999572753906,204.7899932861328,552400.0,188.49131774902344
2016-10-25,204.52000427246094,201.94000244140625,204.27000427246094,203.0800018310547,489200.0,186.9174346923828
2016-10-26,208.8699951171875,203.02999877929688,203.0500030517578,207.57000732421875,572800.0,191.0500946044922
2016-10-27,209.55999755859375,204.92999267578125,209.55999755859375,206.41000366210938,403000.0,189.98239135742188
2016-10-28,210.33999633789062,206.86000061035156,207.02000427246094,208.30999755859375,427400.0,191.731201171875
2016-10-31,209.91000366210938,207.9499969482422,209.25,208.1199951171875,484900.0,191.55630493164062
2016-11-01,209.00999450683594,203.52999877929688,208.8300018310547,204.80999755859375,501100.0,188.50975036621094
2016-11-02,205.3300018310547,202.6300048828125,204.4600067138672,203.5500030517578,489800.0,187.3500213623047
2016-11-03,204.44000244140625,202.05999755859375,203.5399932861328,204.05999755859375,368100.0,187.81942749023438
2016-11-04,208.75,204.89999389648438,205.1300048828125,205.25,592600.0,188.91473388671875
2016-11-07,210.52999877929688,208.0500030517578,209.05999755859375,209.89999389648438,387500.0,193.1946258544922
2016-11-08,212.66000366210938,208.82000732421875,210.02000427246094,211.5500030517578,434000.0,194.71334838867188
2016-11-09,225.17999267578125,209.97000122070312,210.00999450683594,220.25999450683594,1188800.0,203.9060516357422
2016-11-10,229.60000610351562,222.1999969482422,222.72999572753906,227.25,1268200.0,210.3770294189453
2016-11-11,229.88999938964844,214.25999450683594,227.6699981689453,226.5800018310547,2298700.0,209.75677490234375
2016-11-14,228.47999572753906,222.10000610351562,226.77999877929688,223.3699951171875,839000.0,206.78512573242188
2016-11-15,224.32000732421875,219.57000732421875,223.02000427246094,223.88999938964844,594500.0,207.26651000976562
2016-11-16,225.39999389648438,223.13999938964844,223.13999938964844,224.6999969482422,481300.0,208.016357421875
2016-11-17,225.0,219.97000122070312,224.5500030517578,220.16000366210938,554700.0,203.81349182128906
2016-11-18,221.6199951171875,216.49000549316406,218.8300018310547,217.6199951171875,723500.0,201.46202087402344
2016-11-21,222.14999389648438,218.8300018310547,219.52000427246094,222.14999389648438,656300.0,205.65570068359375
2016-11-22,225.3300018310547,220.60000610351562,223.44000244140625,225.05999755859375,579900.0,208.3496551513672
2016-11-23,225.66000366210938,223.39999389648438,225.66000366210938,224.6199951171875,461500.0,207.9423065185547
2016-11-25,225.77000427246094,224.08999633789062,225.1999969482422,225.77000427246094,128300.0,209.0069580078125
2016-11-28,226.27000427246094,222.8000030517578,225.16000366210938,223.58999633789062,513600.0,206.98880004882812
2016-11-29,227.8800048828125,222.6199951171875,223.55999755859375,226.35000610351562,444800.0,209.54388427734375
2016-11-30,234.2100067138672,226.7100067138672,227.8800048828125,230.57000732421875,855300.0,213.4505615234375
2016-12-01,239.75999450683594,231.69000244140625,231.69000244140625,237.97999572753906,1303200.0,220.3103485107422
2016-12-02,239.1300048828125,234.77000427246094,237.9499969482422,236.5399932861328,811800.0,218.97726440429688
2016-12-05,239.58999633789062,234.58999633789062,237.5,235.3000030517578,1012700.0,217.82936096191406
2016-12-06,236.57000732421875,230.4199981689453,231.36000061035156,236.30999755859375,955400.0,218.7643585205078
2016-12-07,237.5500030517578,235.50999450683594,236.17999267578125,237.10000610351562,785900.0,219.49571228027344
2016-12-08,239.52000427246094,237.07000732421875,237.47000122070312,238.99000549316406,780000.0,221.24539184570312
2016-12-09,240.10000610351562,237.80999755859375,238.36000061035156,239.6199951171875,675200.0,221.82861328125
2016-12-12,240.74000549316406,236.08999633789062,239.58999633789062,236.91000366210938,756900.0,219.31980895996094
2016-12-13,237.8000030517578,233.0399932861328,236.5,237.63999938964844,982700.0,219.99559020996094
2016-12-14,238.13999938964844,234.64999389648438,237.14999389648438,235.0399932861328,722100.0,217.588623046875
2016-12-15,236.02000427246094,233.6300048828125,235.3000030517578,234.49000549316406,509400.0,217.0794677734375
2016-12-16,237.5399932861328,233.80999755859375,235.36000061035156,234.6300048828125,834900.0,217.20907592773438
2016-12-19,237.35000610351562,233.1300048828125,234.1300048828125,236.92999267578125,626600.0,219.33831787109375
2016-12-20,239.63999938964844,237.3699951171875,238.0399932861328,238.91000366210938,526400.0,221.1713104248047
2016-12-21,239.72000122070312,238.0800018310547,239.0,238.2899932861328,506900.0,220.5973663330078
2016-12-22,239.1999969482422,236.47000122070312,238.41000366210938,238.19000244140625,517600.0,220.5047607421875
2016-12-23,239.60000610351562,236.67999267578125,238.47000122070312,237.05999755859375,607900.0,219.4586639404297
2016-12-27,239.22999572753906,237.27000427246094,237.27000427246094,238.02999877929688,284200.0,220.35665893554688
2016-12-28,239.27999877929688,233.47999572753906,238.50999450683594,233.9199981689453,382700.0,216.55181884765625
2016-12-29,234.88999938964844,232.3000030517578,234.67999267578125,233.5399932861328,265100.0,216.19998168945312
2016-12-30,234.72999572753906,231.4499969482422,234.72999572753906,232.25,319800.0,215.00579833984375
2017-01-03,236.16000366210938,232.5399932861328,233.4199981689453,234.4499969482422,751200.0,217.04248046875
2017-01-04,237.47000122070312,233.0800018310547,234.6699981689453,236.3300018310547,649900.0,218.78285217285156
2017-01-05,237.4199981689453,230.17999267578125,236.14999389648438,232.25999450683594,539900.0,215.01504516601562
2017-01-06,233.47999572753906,230.9600067138672,233.08999633789062,231.5,504000.0,214.3114776611328
2017-01-09,232.52999877929688,229.0500030517578,231.3800048828125,230.35000610351562,509700.0,213.24688720703125
2017-01-10,232.2899932861328,229.47999572753906,229.82000732421875,230.72000122070312,636500.0,213.58938598632812
2017-01-11,239.0399932861328,233.74000549316406,233.74000549316406,235.9499969482422,873200.0,218.43109130859375
2017-01-12,237.25,233.86000061035156,235.92999267578125,236.19000244140625,800100.0,218.65325927734375
2017-01-13,237.3699951171875,235.3800048828125,236.30999755859375,237.02000427246094,513200.0,219.421630859375
2017-01-17,240.77999877929688,235.5,236.6300048828125,240.67999267578125,842600.0,222.8098602294922
2017-01-18,247.05999755859375,240.66000366210938,241.89999389648438,244.61000061035156,1105900.0,226.44808959960938
2017-01-19,246.22000122070312,243.19000244140625,244.1300048828125,244.1699981689453,693200.0,226.04075622558594
2017-01-20,246.75,244.08999633789062,244.9199981689453,246.47000122070312,888200.0,228.1699676513672
2017-01-23,248.74000549316406,244.2899932861328,246.0399932861328,245.8300018310547,1065900.0,227.57752990722656
2017-01-24,250.5,246.25,246.30999755859375,249.08999633789062,700900.0,230.595458984375
2017-01-25,262.7099914550781,251.58999633789062,251.58999633789062,253.11000061035156,1691800.0,234.31698608398438
2017-01-26,261.0,253.0,253.32000732421875,256.3399963378906,970100.0,237.30715942382812
2017-01-27,257.55999755859375,255.08999633789062,256.92999267578125,256.3900146484375,482600.0,237.3534698486328
2017-01-30,255.36000061035156,252.89999389648438,255.0,254.66000366210938,499200.0,235.75189208984375
2017-01-31,255.61000061035156,250.49000549316406,254.4499969482422,252.57000732421875,1009300.0,233.8170928955078
2017-02-01,254.75999450683594,251.75,253.22000122070312,253.67999267578125,508600.0,234.8446502685547
2017-02-02,252.8800048828125,249.99000549316406,252.8699951171875,252.07000732421875,580200.0,233.35421752929688
2017-02-03,253.75999450683594,250.8699951171875,252.9199981689453,251.60000610351562,564600.0,232.91912841796875
2017-02-06,254.10000610351562,251.25999450683594,251.30999755859375,253.4499969482422,524900.0,234.63168334960938
2017-02-07,256.32000732421875,252.57000732421875,253.83999633789062,253.38999938964844,537100.0,234.57620239257812
2017-02-08,254.75999450683594,252.55999755859375,253.30999755859375,254.4199981689453,339000.0,235.52972412109375
2017-02-09,254.94000244140625,252.02999877929688,253.8300018310547,253.0,544900.0,235.34364318847656
2017-02-10,255.22000122070312,252.38999938964844,253.24000549316406,255.05999755859375,336900.0,237.2598876953125
2017-02-13,256.67999267578125,253.9499969482422,255.24000549316406,254.33999633789062,430300.0,236.5901336669922
2017-02-14,253.7899932861328,249.27000427246094,251.8699951171875,253.75,754200.0,236.0413360595703
2017-02-15,253.86000061035156,251.8300018310547,252.9499969482422,253.1699981689453,565700.0,235.50180053710938
2017-02-16,255.33999633789062,251.97999572753906,253.1999969482422,254.8000030517578,319400.0,237.01805114746094
2017-02-17,255.25,253.10000610351562,254.0,254.9600067138672,282100.0,237.16690063476562
2017-02-21,258.2099914550781,253.94000244140625,254.0800018310547,258.1600036621094,447700.0,240.14356994628906
2017-02-22,259.0,255.88999938964844,257.0799865722656,257.42999267578125,346400.0,239.4645233154297
2017-02-23,258.9599914550781,248.69000244140625,258.6600036621094,249.94000244140625,868800.0,232.4972381591797
2017-02-24,250.38999938964844,246.27999877929688,247.80999755859375,250.24000549316406,469500.0,232.77627563476562
2017-02-27,252.16000366210938,249.86000061035156,250.89999389648438,250.47000122070312,303800.0,232.990234375
2017-02-28,250.97999572753906,247.32000732421875,250.22999572753906,247.9600067138672,656000.0,230.65542602539062
2017-03-01,252.97999572753906,248.57000732421875,248.57000732421875,252.11000061035156,554500.0,234.51577758789062
2017-03-02,252.64999389648438,247.55999755859375,251.8800048828125,248.2100067138672,588900.0,230.887939453125
2017-03-03,250.63999938964844,247.1300048828125,248.4499969482422,249.8699951171875,601900.0,232.43211364746094
2017-03-06,252.86000061035156,247.69000244140625,249.07000732421875,252.30999755859375,561400.0,234.70179748535156
2017-03-07,252.3000030517578,249.64999389648438,251.9199981689453,250.58999633789062,455100.0,233.1018524169922
2017-03-08,252.4199981689453,249.97000122070312,250.91000366210938,250.14999389648438,594200.0,232.69253540039062
2017-03-09,251.07000732421875,242.80999755859375,250.0,244.02000427246094,581600.0,226.9903564453125
2017-03-10,246.55999755859375,242.92999267578125,245.0,245.16000366210938,687100.0,228.05081176757812
2017-03-13,246.66000366210938,243.05999755859375,245.16000366210938,246.35000610351562,506600.0,229.1577606201172
2017-03-14,245.8000030517578,243.5,244.91000366210938,244.52999877929688,540700.0,227.4647674560547
2017-03-15,248.05999755859375,244.41000366210938,245.11000061035156,247.44000244140625,478000.0,230.17169189453125
2017-03-16,247.97999572753906,244.49000549316406,247.60000610351562,245.0800018310547,367300.0,227.97637939453125
2017-03-17,246.4499969482422,243.32000732421875,245.0,243.97000122070312,733100.0,226.94387817382812
2017-03-20,244.25999450683594,241.0,244.0800018310547,242.02000427246094,562500.0,225.12994384765625
2017-03-21,243.86000061035156,238.50999450683594,242.9600067138672,240.05999755859375,691100.0,223.30670166015625
2017-03-22,242.42999267578125,238.1699981689453,240.14999389648438,240.0,608400.0,223.25091552734375
2017-03-23,242.63999938964844,239.24000549316406,240.0399932861328,240.6300048828125,484300.0,223.8369598388672
2017-03-24,242.74000549316406,238.8800048828125,241.57000732421875,239.52999877929688,387500.0,222.81370544433594
2017-03-27,237.7100067138672,233.72000122070312,236.77999877929688,237.3699951171875,692200.0,220.80445861816406
2017-03-28,240.6999969482422,236.22000122070312,237.5,239.19000244140625,469000.0,222.4974822998047
2017-03-29,240.88999938964844,237.7100067138672,238.85000610351562,237.75,1179200.0,221.15794372558594
2017-03-30,235.6999969482422,232.0,235.6999969482422,233.86000061035156,778400.0,217.53939819335938
2017-03-31,234.83999633789062,230.5800018310547,233.1300048828125,232.75999450683594,697700.0,216.5161590576172
2017-04-03,234.66000366210938,229.77000427246094,232.74000549316406,231.1999969482422,1076500.0,215.0650177001953
2017-04-04,232.27999877929688,230.0399932861328,230.92999267578125,230.8000030517578,793500.0,214.69296264648438
2017-04-05,233.9600067138672,231.2100067138672,231.9499969482422,231.72999572753906,1295000.0,215.55807495117188
2017-04-06,232.8699951171875,228.99000549316406,231.82000732421875,229.80999755859375,863500.0,213.77206420898438
2017-04-07,231.1300048828125,228.6300048828125,229.52000427246094,229.27000427246094,661900.0,213.26974487304688
2017-04-10,231.4499969482422,228.77000427246094,229.1300048828125,229.3699951171875,942600.0,213.3627471923828
2017-04-11,230.35000610351562,227.94000244140625,228.22000122070312,229.5,904300.0,213.4836883544922
2017-04-12,227.6999969482422,223.4499969482422,224.9499969482422,223.7100067138672,1170000.0,208.0977325439453
2017-04-13,225.99000549316406,221.25,223.97999572753906,221.5,892300.0,206.0419921875
2017-04-17,223.77999877929688,221.80999755859375,222.5800018310547,222.97000122070312,1037000.0,207.4093780517578
2017-04-18,209.60000610351562,195.32000732421875,202.6699981689453,197.57000732421875,5465000.0,183.781982421875
2017-04-19,199.64999389648438,192.5,195.9499969482422,195.35000610351562,3658000.0,181.7169647216797
2017-04-20,196.94000244140625,194.27999877929688,196.2100067138672,195.9600067138672,1580500.0,182.28439331054688
2017-04-21,196.77000427246094,193.5500030517578,196.10000610351562,195.14999389648438,1264700.0,181.5308837890625
2017-04-24,197.69000244140625,190.3800048828125,197.69000244140625,191.89999389648438,1528600.0,178.50770568847656
2017-04-25,195.1300048828125,192.5,192.8300018310547,193.36000061035156,1235600.0,179.86581420898438
2017-04-26,194.9199981689453,191.91000366210938,194.30999755859375,194.1699981689453,813200.0,180.6192626953125
2017-04-27,195.10000610351562,192.25,194.97000122070312,193.1699981689453,911200.0,179.68907165527344
2017-04-28,193.67999267578125,190.38999938964844,193.24000549316406,192.6999969482422,1224300.0,179.25189208984375
2017-05-01,193.47000122070312,188.35000610351562,193.10000610351562,189.33999633789062,935900.0,176.12637329101562
2017-05-02,190.99000549316406,188.9600067138672,190.2899932861328,190.6300048828125,618600.0,177.3263397216797
2017-05-03,192.24000549316406,189.10000610351562,190.0,192.02000427246094,822900.0,178.61932373046875
2017-05-04,191.99000549316406,185.8000030517578,191.44000244140625,187.5399932861328,1147800.0,175.6226806640625
2017-05-05,189.3699951171875,186.2899932861328,187.44000244140625,189.22999572753906,773200.0,177.2052764892578
2017-05-08,189.8800048828125,188.0500030517578,188.9499969482422,188.97999572753906,549600.0,176.9711456298828
2017-05-09,189.9499969482422,187.02999877929688,189.22999572753906,187.77000427246094,1140700.0,175.8380584716797
2017-05-10,188.47999572753906,186.41000366210938,187.64999389648438,187.86000061035156,759000.0,175.9223175048828
2017-05-11,188.5,185.0,187.8000030517578,187.69000244140625,701800.0,175.76312255859375
2017-05-12,187.47000122070312,183.9199981689453,187.39999389648438,184.6199951171875,685200.0,172.88821411132812
2017-05-15,184.99000549316406,179.67999267578125,184.60000610351562,181.3800048828125,1413600.0,169.85409545898438
2017-05-16,181.22000122070312,178.4199981689453,181.0399932861328,179.10000610351562,833000.0,167.718994140625
2017-05-17,179.60000610351562,173.5,179.10000610351562,174.77000427246094,1291200.0,163.6641387939453
2017-05-18,176.99000549316406,170.2100067138672,170.52000427246094,173.3000030517578,1309300.0,162.28758239746094
2017-05-19,176.0,173.58999633789062,173.88999938964844,174.85000610351562,939300.0,163.7390594482422
2017-05-22,179.0,175.4499969482422,175.4499969482422,178.3000030517578,1013300.0,166.96983337402344
2017-05-23,178.6999969482422,176.36000061035156,178.16000366210938,176.6199951171875,978500.0,165.3966064453125
2017-05-24,179.0500030517578,175.77000427246094,177.1300048828125,177.30999755859375,1258300.0,166.04273986816406
2017-05-25,178.39999389648438,175.91000366210938,177.3800048828125,176.3699951171875,923300.0,165.16249084472656
2017-05-26,175.49000549316406,171.88999938964844,175.0,173.5800018310547,797100.0,162.54977416992188
2017-05-30,174.32000732421875,171.6300048828125,173.58999633789062,171.97000122070312,762200.0,161.0420684814453
2017-05-31,172.3800048828125,169.75,171.97000122070312,172.27999877929688,1520600.0,161.3323974609375
2017-06-01,174.47999572753906,170.19000244140625,171.91000366210938,173.42999267578125,710000.0,162.4093017578125
2017-06-02,174.75999450683594,171.92999267578125,174.05999755859375,172.72000122070312,659300.0,161.7444305419922
2017-06-05,174.8699951171875,171.57000732421875,171.86000061035156,173.9600067138672,1091300.0,162.9056396484375
2017-06-06,172.86000061035156,168.5800018310547,172.86000061035156,169.8800048828125,1190600.0,159.0849151611328
2017-06-07,173.35000610351562,169.19000244140625,169.8800048828125,169.50999450683594,855200.0,158.7384033203125
2017-06-08,173.24000549316406,168.8800048828125,169.50999450683594,170.60000610351562,1107200.0,159.75914001464844
2017-06-09,176.7100067138672,170.61000061035156,170.61000061035156,176.3300018310547,1265500.0,165.12503051757812
2017-06-12,182.89999389648438,177.00999450683594,177.00999450683594,179.52999877929688,1384700.0,168.12168884277344
2017-06-13,179.61000061035156,177.50999450683594,179.3000030517578,178.0800018310547,804900.0,166.76382446289062
2017-06-14,178.99000549316406,173.4199981689453,178.25,177.02000427246094,1358600.0,165.77117919921875
2017-06-15,179.00999450683594,176.00999450683594,176.3000030517578,176.75999450683594,736200.0,165.5277099609375
2017-06-16,180.32000732421875,175.02999877929688,176.86000061035156,180.32000732421875,1276000.0,168.86146545410156
2017-06-19,181.8699951171875,178.7100067138672,180.35000610351562,179.5,886700.0,168.0935821533203
2017-06-20,179.6300048828125,174.5,179.10000610351562,174.66000366210938,1007200.0,163.56114196777344
2017-06-21,174.5800018310547,171.27000427246094,174.5800018310547,173.67999267578125,1063400.0,162.6433868408203
2017-06-22,174.6300048828125,171.61000061035156,174.1699981689453,172.77999877929688,839200.0,161.8005828857422
2017-06-23,176.61000061035156,172.91000366210938,173.02000427246094,176.3800048828125,824900.0,165.1718292236328
2017-06-26,178.27999877929688,175.92999267578125,176.6300048828125,177.82000732421875,591500.0,166.52035522460938
2017-06-27,177.9199981689453,173.5500030517578,177.9199981689453,175.0800018310547,663600.0,163.9544219970703
2017-06-28,178.5500030517578,175.77999877929688,176.08999633789062,176.9600067138672,577300.0,165.71498107910156
2017-06-29,180.1999969482422,177.57000732421875,177.6199951171875,178.9600067138672,830400.0,167.58790588378906
2017-06-30,181.52000427246094,178.2899932861328,179.35000610351562,180.52999877929688,680400.0,169.05812072753906
2017-07-03,185.6699981689453,180.82000732421875,181.72999572753906,185.14999389648438,782300.0,173.38453674316406
2017-07-05,185.82000732421875,181.25999450683594,185.1300048828125,184.17999267578125,1242900.0,172.47616577148438
2017-07-06,184.88999938964844,180.61000061035156,183.72999572753906,181.1199951171875,1002000.0,169.6106414794922
2017-07-07,181.1199951171875,178.22999572753906,181.1199951171875,179.25999450683594,600900.0,167.8688201904297
2017-07-10,180.39999389648438,176.6199951171875,179.50999450683594,178.07000732421875,941400.0,166.7544708251953
2017-07-11,177.6199951171875,173.61000061035156,177.6199951171875,176.52999877929688,956000.0,165.3123016357422
2017-07-12,178.44000244140625,167.44000244140625,177.7100067138672,168.80999755859375,1919200.0,158.08287048339844
2017-07-13,170.97999572753906,168.61000061035156,168.77000427246094,170.0,1453000.0,159.19723510742188
2017-07-14,172.63999938964844,170.0500030517578,170.9499969482422,171.88999938964844,1249600.0,160.9671630859375
2017-07-17,174.10000610351562,170.50999450683594,171.9499969482422,172.2100067138672,1090100.0,161.26683044433594
2017-07-18,175.02999877929688,171.1999969482422,171.72999572753906,174.47999572753906,1744700.0,163.39256286621094
2017-07-19,180.39999389648438,160.2899932861328,180.05999755859375,162.19000244140625,3867100.0,151.88356018066406
2017-07-20,168.6699981689453,162.6699981689453,163.35000610351562,165.9600067138672,1888300.0,155.41400146484375
2017-07-21,165.8300018310547,163.35000610351562,165.0399932861328,164.94000244140625,1340200.0,154.45883178710938
2017-07-24,168.24000549316406,164.77000427246094,164.9199981689453,166.8800048828125,969700.0,156.2755584716797
2017-07-25,171.02000427246094,166.7899932861328,168.0,169.05999755859375,976700.0,158.31695556640625
2017-07-26,169.6999969482422,165.9199981689453,169.05999755859375,166.17999267578125,982300.0,155.62001037597656
2017-07-27,167.66000366210938,164.5500030517578,165.39999389648438,167.47000122070312,895700.0,156.8280487060547
2017-07-28,167.8000030517578,164.13999938964844,167.0,165.22999572753906,718600.0,154.73037719726562
2017-07-31,166.9499969482422,164.86000061035156,165.7899932861328,166.74000549316406,1472700.0,156.1444091796875
2017-08-01,169.72000122070312,166.36000061035156,167.47000122070312,169.72000122070312,1066300.0,158.93507385253906
2017-08-02,170.6699981689453,167.9600067138672,168.83999633789062,170.02000427246094,970700.0,159.2160186767578
2017-08-03,170.97000122070312,168.77999877929688,169.9499969482422,169.47000122070312,630100.0,158.700927734375
2017-08-04,172.49000549316406,168.9499969482422,169.17999267578125,170.35000610351562,693000.0,159.5250244140625
2017-08-07,170.5800018310547,167.22000122070312,170.4499969482422,167.38999938964844,648600.0,156.75311279296875
2017-08-08,168.67999267578125,164.1699981689453,168.35000610351562,164.58999633789062,686100.0,154.1310272216797
2017-08-09,166.30999755859375,163.33999633789062,165.0800018310547,166.10000610351562,613000.0,155.5450897216797
2017-08-10,165.22000122070312,163.0,164.38999938964844,163.52000427246094,673000.0,154.31826782226562
2017-08-11,165.17999267578125,163.3699951171875,164.11000061035156,163.82000732421875,485500.0,154.6013641357422
2017-08-14,167.33999633789062,164.63999938964844,165.0800018310547,166.99000549316406,734300.0,157.59300231933594
2017-08-15,167.08999633789062,165.05999755859375,166.69000244140625,165.0800018310547,770800.0,155.7904510498047
2017-08-16,165.9600067138672,164.13999938964844,165.0500030517578,165.0800018310547,648400.0,155.7904510498047
2017-08-17,166.75999450683594,164.3800048828125,164.8000030517578,164.60000610351562,858600.0,155.33749389648438
2017-08-18,164.7100067138672,161.25,164.0399932861328,161.38999938964844,1000300.0,152.30810546875
2017-08-21,161.3699951171875,158.35000610351562,161.0,158.41000366210938,864900.0,149.49578857421875
2017-08-22,165.13999938964844,158.85000610351562,158.97000122070312,164.4199981689453,1093500.0,155.1676025390625
2017-08-23,164.1699981689453,161.3800048828125,163.3800048828125,161.5399932861328,607500.0,152.4496612548828
2017-08-24,162.63999938964844,158.1199951171875,161.8800048828125,158.3300018310547,714400.0,149.42030334472656
2017-08-25,160.3000030517578,158.19000244140625,159.24000549316406,159.7899932861328,657700.0,150.7981414794922
2017-08-28,160.19000244140625,155.0,159.60000610351562,156.25,936300.0,147.45733642578125
2017-08-29,159.16000366210938,155.10000610351562,157.1999969482422,157.16000366210938,889500.0,148.31614685058594
2017-08-30,160.14999389648438,155.60000610351562,157.10000610351562,159.63999938964844,719400.0,150.65658569335938
2017-08-31,163.25,159.50999450683594,160.8800048828125,162.57000732421875,800200.0,153.42172241210938
2017-09-01,165.75999450683594,162.25999450683594,162.55999755859375,163.7899932861328,664500.0,154.57302856445312
2017-09-05,165.10000610351562,161.27999877929688,163.80999755859375,161.36000061035156,702600.0,152.27980041503906
2017-09-06,165.1199951171875,162.3699951171875,162.6999969482422,163.94000244140625,1103700.0,154.71461486816406
2017-09-07,163.69000244140625,159.24000549316406,163.69000244140625,162.5800018310547,851500.0,153.43115234375
2017-09-08,165.80999755859375,162.11000061035156,162.4199981689453,164.97000122070312,760400.0,155.68667602539062
2017-09-11,167.64999389648438,164.3699951171875,165.6999969482422,164.58999633789062,637300.0,155.32801818847656
2017-09-12,167.13999938964844,163.86000061035156,165.36000061035156,166.2899932861328,521300.0,156.932373046875
2017-09-13,168.77000427246094,166.13999938964844,166.13999938964844,168.50999450683594,1041600.0,159.02745056152344
2017-09-14,170.47000122070312,168.0399932861328,168.11000061035156,169.2899932861328,770300.0,159.7635498046875
2017-09-15,169.5399932861328,167.66000366210938,169.13999938964844,168.9499969482422,933900.0,159.44268798828125
2017-09-18,172.25,168.27999877929688,169.11000061035156,171.02000427246094,1086600.0,161.39622497558594
2017-09-19,171.14999389648438,168.02000427246094,170.9600067138672,170.6300048828125,760400.0,161.02813720703125
2017-09-20,176.66000366210938,170.36000061035156,170.36000061035156,175.17999267578125,1072500.0,165.3220977783203
2017-09-21,176.6999969482422,174.75999450683594,175.1699981689453,175.58999633789062,436300.0,165.70904541015625
2017-09-22,177.5500030517578,175.2100067138672,175.88999938964844,176.61000061035156,577000.0,166.67161560058594
2017-09-25,179.08999633789062,175.6300048828125,176.88999938964844,178.7899932861328,749500.0,168.7289581298828
2017-09-26,181.63999938964844,177.27000427246094,179.14999389648438,180.99000549316406,803500.0,170.80516052246094
2017-09-27,183.07000732421875,177.25,181.3800048828125,180.86000061035156,1188300.0,170.68247985839844
2017-09-28,182.1699981689453,178.6199951171875,179.92999267578125,180.0800018310547,601800.0,169.94639587402344
2017-09-29,181.99000549316406,179.4600067138672,179.8000030517578,179.75,562900.0,169.63491821289062
2017-10-02,182.97000122070312,179.0,179.75,182.22000122070312,675300.0,171.96597290039062
2017-10-03,182.63999938964844,180.5800018310547,182.0,182.36000061035156,519800.0,172.0980682373047
2017-10-04,182.86000061035156,179.49000549316406,182.22999572753906,180.89999389648438,849400.0,170.72023010253906
2017-10-05,182.94000244140625,180.00999450683594,181.0,182.25,509600.0,171.9942626953125
2017-10-06,182.8300018310547,179.52000427246094,181.5,180.07000732421875,558300.0,169.93695068359375
2017-10-09,181.8000030517578,177.0399932861328,180.32000732421875,177.60000610351562,683600.0,167.6059112548828
2017-10-10,179.44000244140625,173.36000061035156,177.99000549316406,173.91000366210938,1039500.0,164.1235809326172
2017-10-11,172.9199981689453,166.4600067138672,169.77000427246094,172.5,1424000.0,162.79293823242188
2017-10-12,177.67999267578125,172.39999389648438,172.39999389648438,177.5500030517578,807100.0,167.55874633789062
2017-10-13,181.92999267578125,177.7100067138672,178.02999877929688,181.0500030517578,1259300.0,170.86178588867188
2017-10-16,182.9499969482422,179.64999389648438,181.30999755859375,182.36000061035156,1568400.0,172.0980682373047
2017-10-17,207.8000030517578,186.42999267578125,188.25,205.4199981689453,6078300.0,193.86041259765625
2017-10-18,213.75,206.17999267578125,209.11000061035156,208.80999755859375,3059700.0,197.05963134765625
2017-10-19,207.88999938964844,202.83999633789062,207.42999267578125,204.64999389648438,1782500.0,193.13375854492188
2017-10-20,210.1699981689453,204.75999450683594,205.58999633789062,207.80999755859375,881400.0,196.11593627929688
2017-10-23,210.8000030517578,206.88999938964844,207.42999267578125,209.5,893200.0,197.71083068847656
2017-10-24,211.72999572753906,198.0399932861328,210.5,198.35000610351562,2003300.0,187.18826293945312
2017-10-25,197.5,192.63999938964844,197.07000732421875,197.1300048828125,1994900.0,186.03692626953125
2017-10-26,205.1699981689453,195.07000732421875,197.8800048828125,201.17999267578125,1486500.0,189.85899353027344
2017-10-27,201.30999755859375,197.77000427246094,200.35000610351562,199.75999450683594,999400.0,188.51890563964844
2017-10-30,203.55999755859375,199.32000732421875,200.0399932861328,199.38999938964844,1025000.0,188.1697540283203
2017-10-31,202.52999877929688,197.50999450683594,200.5399932861328,197.6999969482422,766100.0,186.57484436035156
2017-11-01,200.75,194.2899932861328,199.75,195.5800018310547,928100.0,184.5741424560547
2017-11-02,199.22999572753906,193.07000732421875,196.22999572753906,199.02999877929688,977900.0,187.8300018310547
2017-11-03,201.32000732421875,198.00999450683594,199.02999877929688,200.00999450683594,722200.0,188.75486755371094
2017-11-06,204.77000427246094,199.2899932861328,199.32000732421875,203.5800018310547,842100.0,192.1239776611328
2017-11-07,206.0,201.41000366210938,204.0,205.17999267578125,858300.0,193.63389587402344
2017-11-08,210.30999755859375,203.8000030517578,205.16000366210938,208.1300048828125,1068500.0,196.41790771484375
2017-11-09,209.02000427246094,200.0800018310547,205.83999633789062,206.07000732421875,1762700.0,194.4738311767578
2017-11-10,214.5,202.36000061035156,204.00999450683594,203.47999572753906,2439500.0,193.22979736328125
2017-11-13,203.1999969482422,194.2100067138672,203.1999969482422,195.7899932861328,1298800.0,185.9272003173828
2017-11-14,196.32000732421875,191.38999938964844,194.5,195.5800018310547,1028900.0,185.727783203125
2017-11-15,198.24000549316406,193.5,194.6300048828125,195.72999572753906,880400.0,185.87017822265625
2017-11-16,200.61000061035156,195.72999572753906,195.9199981689453,198.5,581200.0,188.5006866455078
2017-11-17,200.72000122070312,196.77999877929688,198.2100067138672,197.82000732421875,588500.0,187.85494995117188
2017-11-20,199.77000427246094,196.94000244140625,197.72000122070312,199.6199951171875,650400.0,189.56427001953125
2017-11-21,201.9499969482422,198.07000732421875,200.0,199.6300048828125,822400.0,189.57376098632812
2017-11-22,204.75999450683594,200.16000366210938,200.42999267578125,200.39999389648438,378600.0,190.30494689941406
2017-11-24,202.0,198.25,201.92999267578125,200.14999389648438,219000.0,190.0675506591797
2017-11-27,203.50999450683594,200.3300018310547,200.67999267578125,203.10000610351562,549000.0,192.86898803710938
2017-11-28,212.1199951171875,202.24000549316406,203.3000030517578,211.57000732421875,1036200.0,200.91229248046875
2017-11-29,218.3300018310547,210.72999572753906,211.57000732421875,216.77000427246094,1262600.0,205.850341796875
2017-11-30,222.41000366210938,216.1300048828125,216.75,221.30999755859375,1093000.0,210.16165161132812
2017-12-01,221.30999755859375,215.0,221.07000732421875,218.22999572753906,999900.0,207.23680114746094
2017-12-04,231.91000366210938,221.41000366210938,221.41000366210938,227.5,1487300.0,216.03985595703125
2017-12-05,230.25999450683594,225.82000732421875,229.1699981689453,226.7100067138672,1226400.0,215.28961181640625
2017-12-06,226.2100067138672,220.32000732421875,226.2100067138672,221.42999267578125,1691000.0,210.27560424804688
2017-12-07,224.11000061035156,220.5500030517578,221.7100067138672,222.27000427246094,696000.0,211.07327270507812
2017-12-08,225.0399932861328,222.25,223.0399932861328,223.91000366210938,576400.0,212.63067626953125
2017-12-11,225.86000061035156,223.08999633789062,223.49000549316406,223.5399932861328,401200.0,212.27926635742188
2017-12-12,224.22999572753906,221.24000549316406,223.4499969482422,222.38999938964844,640500.0,211.18727111816406
2017-12-13,224.55999755859375,221.47000122070312,223.10000610351562,224.3000030517578,492500.0,213.0010223388672
2017-12-14,225.69000244140625,222.3800048828125,224.35000610351562,222.6699981689453,494500.0,211.45310974121094
2017-12-15,230.7100067138672,224.60000610351562,224.75,229.97000122070312,1333300.0,218.3854217529297
2017-12-18,231.69000244140625,227.94000244140625,230.2899932861328,229.9199981689453,715700.0,218.33790588378906
2017-12-19,230.67999267578125,227.4600067138672,230.1199951171875,228.58999633789062,528900.0,217.07489013671875
2017-12-20,232.02999877929688,229.42999267578125,230.4600067138672,230.94000244140625,567800.0,219.30653381347656
2017-12-21,235.69000244140625,230.89999389648438,231.36000061035156,235.02000427246094,637700.0,223.18101501464844
2017-12-22,235.86000061035156,232.38999938964844,234.9199981689453,234.83999633789062,585000.0,223.01007080078125
2017-12-26,238.0,234.0,234.0,236.00999450683594,554900.0,224.12115478515625
2017-12-27,237.11000061035156,235.0399932861328,236.00999450683594,237.0,338500.0,225.06129455566406
2017-12-28,238.1999969482422,235.27000427246094,237.42999267578125,237.9600067138672,441800.0,225.97293090820312
2017-12-29,240.49000549316406,236.0500030517578,237.9600067138672,236.25,543000.0,224.3490447998047
2018-01-02,238.7899932861328,233.0,237.0500030517578,235.7100067138672,636700.0,223.8362579345703
2018-01-03,236.77999877929688,232.39999389648438,235.36000061035156,234.22999572753906,901200.0,222.4308319091797
2018-01-04,236.9499969482422,233.16000366210938,235.0399932861328,236.05999755859375,949800.0,224.16859436035156
2018-01-05,238.6199951171875,235.32000732421875,236.35000610351562,238.25,771100.0,226.24830627441406
2018-01-08,238.99000549316406,234.72000122070312,237.2899932861328,238.25,954800.0,226.24830627441406
2018-01-09,239.77999877929688,236.4199981689453,238.50999450683594,237.2899932861328,763800.0,225.33665466308594
2018-01-10,233.32000732421875,227.63999938964844,230.5,231.75,835800.0,220.0757293701172
2018-01-11,238.0,231.6999969482422,232.5,237.72000122070312,677400.0,225.74501037597656
2018-01-12,239.6999969482422,235.33999633789062,238.50999450683594,235.6699981689453,932500.0,223.79824829101562
2018-01-16,237.52999877929688,231.16000366210938,237.1699981689453,231.80999755859375,921000.0,220.13270568847656
2018-01-17,228.35000610351562,223.6199951171875,227.6199951171875,225.22999572753906,1752900.0,213.88417053222656
2018-01-18,230.4199981689453,225.94000244140625,226.1300048828125,227.52999877929688,1291700.0,216.0683135986328
2018-01-19,231.88999938964844,227.1199951171875,228.47999572753906,230.0500030517578,658200.0,218.46136474609375
2018-01-22,230.5,223.25,229.1199951171875,229.86000061035156,970300.0,218.2809600830078
2018-01-23,231.08999633789062,226.00999450683594,227.55999755859375,229.4499969482422,1231000.0,217.89158630371094
2018-01-24,274.25,257.2799987792969,258.3900146484375,271.9700012207031,4080700.0,258.2696533203125
2018-01-25,298.1499938964844,274.260009765625,275.0,286.44000244140625,4860000.0,272.0107116699219
2018-01-26,290.260009765625,282.32000732421875,287.9800109863281,285.260009765625,1377100.0,270.89019775390625
2018-01-29,287.9800109863281,273.6499938964844,285.5299987792969,274.4800109863281,1548700.0,260.6532287597656
2018-01-30,276.760009765625,269.1000061035156,273.4800109863281,275.45001220703125,1096000.0,261.5743408203125
2018-01-31,277.4100036621094,267.510009765625,275.9800109863281,269.6600036621094,1726000.0,256.0760498046875
2018-02-01,272.2900085449219,264.239990234375,267.0299987792969,266.1300048828125,901900.0,252.7239227294922
2018-02-02,265.19000244140625,259.4700012207031,265.1199951171875,259.69000244140625,845500.0,246.60830688476562
2018-02-05,262.010009765625,250.33999633789062,257.8500061035156,254.11000061035156,1348100.0,241.3093719482422
2018-02-06,263.1000061035156,247.1699981689453,247.1699981689453,259.010009765625,1207800.0,245.96255493164062
2018-02-07,262.510009765625,256.6600036621094,259.010009765625,259.8900146484375,1038400.0,246.79818725585938
2018-02-08,265.0299987792969,257.32000732421875,259.5899963378906,258.6000061035156,910100.0,245.57318115234375
2018-02-09,269.3399963378906,256.510009765625,259.42999267578125,267.3399963378906,1808100.0,255.13575744628906
2018-02-12,272.0,267.8500061035156,269.42999267578125,269.42999267578125,1331600.0,257.13037109375
2018-02-13,272.5799865722656,265.95001220703125,267.17999267578125,271.3699951171875,880700.0,258.98175048828125
2018-02-14,269.510009765625,261.5299987792969,268.6099853515625,264.739990234375,1160800.0,252.65443420410156
2018-02-15,271.8699951171875,263.6700134277344,266.7099914550781,269.55999755859375,807000.0,257.2544250488281
2018-02-16,271.20001220703125,266.6099853515625,269.45001220703125,266.67999267578125,507000.0,254.50592041015625
2018-02-20,268.07000732421875,262.57000732421875,264.489990234375,263.6099853515625,478500.0,251.57601928710938
2018-02-21,266.94000244140625,261.7799987792969,264.3299865722656,261.7900085449219,549800.0,249.83914184570312
2018-02-22,266.1600036621094,262.5,263.6199951171875,263.6000061035156,683800.0,251.56651306152344
2018-02-23,266.5899963378906,263.1499938964844,264.8699951171875,266.19000244140625,470000.0,254.0382843017578
2018-02-26,271.3699951171875,266.2300109863281,267.239990234375,270.82000732421875,499000.0,258.4568786621094
2018-02-27,274.0,264.7799987792969,271.70001220703125,264.7799987792969,608700.0,252.69259643554688
2018-02-28,267.239990234375,261.54998779296875,266.6000061035156,261.54998779296875,741400.0,249.6100616455078
2018-03-01,262.510009765625,254.00999450683594,260.9700012207031,255.7100067138672,1043300.0,244.03668212890625
2018-03-02,255.72999572753906,248.75,253.39999389648438,255.3000030517578,902300.0,243.64540100097656
2018-03-05,261.510009765625,254.27999877929688,254.85000610351562,259.8299865722656,701100.0,247.96859741210938
2018-03-06,273.25,260.8299865722656,262.8900146484375,267.760009765625,1232400.0,255.53663635253906
2018-03-07,271.75,262.92999267578125,264.6700134277344,271.260009765625,1008800.0,258.87689208984375
2018-03-08,274.8999938964844,269.95001220703125,273.05999755859375,274.70001220703125,647000.0,262.1597900390625
2018-03-09,283.3399963378906,275.1700134277344,275.9100036621094,280.42999267578125,905700.0,267.6282043457031
2018-03-12,282.7799987792969,279.07000732421875,279.9700012207031,279.739990234375,699000.0,266.9696960449219
2018-03-13,282.1400146484375,275.010009765625,282.1400146484375,276.6499938964844,715200.0,264.020751953125
2018-03-14,283.44000244140625,275.2699890136719,278.69000244140625,280.2099914550781,731000.0,267.4181823730469
2018-03-15,282.3900146484375,279.6300048828125,280.3599853515625,281.2799987792969,722300.0,268.4393615722656
2018-03-16,289.4200134277344,281.54998779296875,282.55999755859375,288.75,1297300.0,275.56842041015625
2018-03-19,291.739990234375,283.5,289.2799987792969,286.3800048828125,1072100.0,273.30657958984375
2018-03-20,292.4700012207031,285.19000244140625,287.9800109863281,285.7099914550781,548900.0,272.6671447753906
2018-03-21,287.80999755859375,283.6199951171875,285.7099914550781,285.4700012207031,473900.0,272.4381408691406
2018-03-22,287.7200012207031,279.8900146484375,283.5899963378906,280.1700134277344,570800.0,267.38006591796875
2018-03-23,281.75,270.0199890136719,281.75,270.04998779296875,932900.0,257.7220153808594
2018-03-26,277.760009765625,272.0400085449219,272.55999755859375,276.6300048828125,794100.0,264.001708984375
2018-03-27,277.30999755859375,271.4100036621094,276.6300048828125,273.0299987792969,640600.0,260.5660400390625
2018-03-28,278.8299865722656,272.0400085449219,273.0,277.4800109863281,842500.0,264.8128662109375
2018-03-29,285.0,279.07000732421875,279.07000732421875,282.2699890136719,917300.0,269.38421630859375
2018-04-02,283.8699951171875,273.2200012207031,281.0299987792969,276.6400146484375,815200.0,264.01123046875
2018-04-03,284.5,276.6499938964844,278.3800048828125,283.8699951171875,708000.0,270.9111633300781
2018-04-04,290.5,280.1499938964844,281.7200012207031,288.45001220703125,859000.0,275.28204345703125
2018-04-05,296.9700012207031,289.29998779296875,290.489990234375,293.7699890136719,737700.0,280.35919189453125
2018-04-06,294.7099914550781,281.6300048828125,291.260009765625,286.6700134277344,849700.0,273.5833740234375
2018-04-09,290.69000244140625,284.32000732421875,290.05999755859375,286.6300048828125,871200.0,273.5451965332031
2018-04-10,293.80999755859375,289.20001220703125,289.3599853515625,292.0,807800.0,278.6700134277344
2018-04-11,289.3800048828125,275.54998779296875,285.1700134277344,279.1700134277344,1269600.0,266.4256896972656
2018-04-12,285.05999755859375,280.0,280.8299865722656,283.8999938964844,581800.0,270.9397888183594
2018-04-13,286.2900085449219,278.6099853515625,286.2900085449219,278.6099853515625,1151900.0,265.89129638671875
2018-04-16,284.3399963378906,279.82000732421875,282.1499938964844,284.1199951171875,756200.0,271.14971923828125
2018-04-17,285.8900146484375,280.6700134277344,285.8900146484375,283.54998779296875,716500.0,270.60577392578125
2018-04-18,289.1199951171875,283.70001220703125,285.3999938964844,284.69000244140625,1079500.0,271.6937561035156
2018-04-19,309.79998779296875,291.510009765625,304.0,299.8800048828125,3255100.0,286.1903076171875
2018-04-20,302.8800048828125,285.6199951171875,302.489990234375,288.3999938964844,1298500.0,275.23431396484375
2018-04-23,290.79998779296875,285.05999755859375,289.3999938964844,286.0799865722656,687000.0,273.02020263671875
2018-04-24,289.6400146484375,274.6499938964844,288.94000244140625,279.55999755859375,1071800.0,266.7978820800781
2018-04-25,280.2300109863281,274.82000732421875,278.5,277.260009765625,1235900.0,264.6029357910156
2018-04-26,278.760009765625,270.2300109863281,277.7699890136719,276.8900146484375,959600.0,264.24981689453125
2018-04-27,285.04998779296875,275.92999267578125,276.8399963378906,283.8699951171875,825300.0,270.9111633300781
2018-04-30,286.04998779296875,281.010009765625,283.2300109863281,281.3500061035156,822600.0,268.5062255859375
2018-05-01,282.2099914550781,276.6400146484375,279.92999267578125,281.94000244140625,652700.0,269.06927490234375
2018-05-02,286.8900146484375,279.8999938964844,281.0799865722656,280.8999938964844,608100.0,268.07672119140625
2018-05-03,281.5400085449219,272.3299865722656,281.5400085449219,279.8399963378906,691500.0,267.0650939941406
2018-05-04,288.19000244140625,276.8800048828125,278.8599853515625,286.7699890136719,593900.0,273.67877197265625
2018-05-07,291.4599914550781,285.1099853515625,287.75,289.3699951171875,452100.0,276.1600646972656
2018-05-08,293.1099853515625,288.0299987792969,290.9200134277344,290.07000732421875,447900.0,276.82818603515625
2018-05-09,297.9599914550781,289.9800109863281,290.82000732421875,295.8299865722656,550700.0,282.3251647949219
2018-05-10,300.3900146484375,295.1099853515625,298.010009765625,300.1700134277344,814400.0,286.4670715332031
2018-05-11,302.80999755859375,295.67999267578125,299.1099853515625,296.04998779296875,523600.0,283.8210754394531
2018-05-14,299.17999267578125,292.32000732421875,297.8399963378906,295.7099914550781,346200.0,283.4951171875
2018-05-15,301.0799865722656,292.6400146484375,294.9200134277344,300.8500061035156,709300.0,288.4228210449219
2018-05-16,307.6600036621094,300.239990234375,300.5400085449219,306.3699951171875,744600.0,293.71478271484375
2018-05-17,309.04998779296875,304.3999938964844,304.3999938964844,306.79998779296875,462400.0,294.12701416015625
2018-05-18,308.3999938964844,305.260009765625,307.05999755859375,307.6099853515625,708700.0,294.9035339355469
2018-05-21,317.510009765625,308.7900085449219,309.0799865722656,313.8999938964844,843000.0,300.9336853027344
2018-05-22,314.6700134277344,305.29998779296875,313.2099914550781,305.8900146484375,896700.0,293.2546691894531
2018-05-23,307.3900146484375,301.8900146484375,303.4100036621094,305.2200012207031,664000.0,292.6123352050781
2018-05-24,311.69000244140625,305.010009765625,305.7799987792969,310.92999267578125,642700.0,298.0864562988281
2018-05-25,311.75,308.5199890136719,310.0,309.82000732421875,636200.0,297.0222473144531
2018-05-29,309.8800048828125,299.2699890136719,308.7099914550781,302.9200134277344,701200.0,290.40728759765625
2018-05-30,309.1300048828125,301.7200012207031,304.1000061035156,307.4599914550781,495200.0,294.7597351074219
2018-05-31,310.0,303.0400085449219,306.67999267578125,308.989990234375,947900.0,296.2265625
2018-06-01,316.4100036621094,306.9100036621094,309.80999755859375,309.70001220703125,534900.0,296.9072570800781
2018-06-04,314.239990234375,308.70001220703125,312.0,312.0299987792969,472700.0,299.1409606933594
2018-06-05,315.7300109863281,309.9700012207031,312.1099853515625,314.57000732421875,462900.0,301.5760498046875
2018-06-06,312.0,306.260009765625,312.0,310.739990234375,583100.0,297.90423583984375
2018-06-07,314.44000244140625,310.42999267578125,311.2099914550781,312.3599853515625,459500.0,299.4573669433594
2018-06-08,314.9599914550781,311.0899963378906,312.2799987792969,314.5899963378906,433700.0,301.59527587890625
2018-06-11,317.1000061035156,313.6499938964844,314.05999755859375,316.1700134277344,694100.0,303.1100158691406
2018-06-12,322.3399963378906,316.6700134277344,317.5,318.7699890136719,649800.0,305.6025390625
2018-06-13,321.3599853515625,314.8999938964844,319.94000244140625,315.70001220703125,636600.0,302.659423828125
2018-06-14,318.5299987792969,313.3399963378906,315.8999938964844,317.3900146484375,856100.0,304.2796325683594
2018-06-15,319.6700134277344,314.4100036621094,316.989990234375,319.6199951171875,880100.0,306.4174499511719
2018-06-18,318.6700134277344,312.8299865722656,317.4100036621094,316.1099853515625,518900.0,303.0523986816406
2018-06-19,316.0400085449219,311.30999755859375,313.44000244140625,312.1099853515625,578700.0,299.2176818847656
2018-06-20,317.3800048828125,312.0,312.260009765625,316.92999267578125,432200.0,303.83856201171875
2018-06-21,315.760009765625,309.7900085449219,315.260009765625,313.17999267578125,608900.0,300.24346923828125
2018-06-22,316.67999267578125,311.6700134277344,316.510009765625,312.1000061035156,651100.0,299.2080993652344
2018-06-25,312.4599914550781,303.5899963378906,312.4599914550781,305.6099853515625,590800.0,292.9861755371094
2018-06-26,308.04998779296875,304.55999755859375,306.7200012207031,306.4800109863281,401600.0,293.8201904296875
2018-06-27,311.1600036621094,304.92999267578125,306.19000244140625,305.3800048828125,471100.0,292.76568603515625
2018-06-28,308.8399963378906,303.4100036621094,305.5400085449219,307.55999755859375,451200.0,294.8556213378906
2018-06-29,312.45001220703125,307.5,307.6000061035156,308.3999938964844,528400.0,295.6609191894531
2018-07-02,308.7900085449219,301.6600036621094,307.1300048828125,306.29998779296875,948900.0,293.6476745605469
2018-07-03,311.04998779296875,296.4200134277344,311.04998779296875,297.760009765625,672200.0,285.4604797363281
2018-07-05,300.04998779296875,292.9200134277344,298.95001220703125,297.8900146484375,785200.0,285.5850830078125
2018-07-06,302.9200134277344,297.4100036621094,298.4599914550781,298.92999267578125,431600.0,286.5821228027344
2018-07-09,306.19000244140625,299.010009765625,299.45001220703125,305.6000061035156,455200.0,292.9765930175781
2018-07-10,310.4700012207031,301.5799865722656,307.0899963378906,305.2799987792969,433800.0,292.6698303222656
2018-07-11,313.8900146484375,301.1099853515625,304.05999755859375,310.42999267578125,852400.0,297.6070861816406
2018-07-12,313.3299865722656,307.75,311.3999938964844,309.2099914550781,516200.0,296.43743896484375
2018-07-13,313.30999755859375,308.8599853515625,309.94000244140625,310.4800109863281,622400.0,297.65496826171875
2018-07-16,311.0,300.9700012207031,309.3800048828125,302.9200134277344,935000.0,290.40728759765625
2018-07-17,306.80999755859375,302.0,302.29998779296875,304.9599914550781,1035400.0,292.363037109375
2018-07-18,341.79998779296875,322.54998779296875,329.2300109863281,338.989990234375,3338100.0,324.9873352050781
2018-07-19,347.20001220703125,337.55999755859375,341.6300048828125,341.45001220703125,1695700.0,327.345703125
2018-07-20,341.45001220703125,336.17999267578125,341.45001220703125,340.25,914900.0,326.1953430175781
2018-07-23,347.69000244140625,340.0,340.0,342.6300048828125,968500.0,328.4770202636719
2018-07-24,346.79998779296875,334.80999755859375,342.8599853515625,337.1499938964844,655700.0,323.2233581542969
2018-07-25,344.3299865722656,335.2099914550781,336.2799987792969,343.19000244140625,725900.0,329.01385498046875
2018-07-26,346.5400085449219,340.0,343.8900146484375,340.5400085449219,536400.0,326.473388671875
2018-07-27,342.8500061035156,337.95001220703125,341.1300048828125,339.3299865722656,568100.0,325.31329345703125
2018-07-30,340.3800048828125,335.5400085449219,339.2200012207031,336.4700012207031,592600.0,322.5713806152344
2018-07-31,348.1400146484375,336.6099853515625,338.4700012207031,346.55999755859375,915100.0,332.24462890625
2018-08-01,349.6499938964844,339.2200012207031,346.05999755859375,341.9700012207031,764200.0,327.84423828125
2018-08-02,343.80999755859375,337.30999755859375,338.7799987792969,341.010009765625,517100.0,326.9239501953125
2018-08-03,343.3500061035156,338.2699890136719,342.8999938964844,339.0,439100.0,324.9969177246094
2018-08-06,345.0199890136719,339.8399963378906,340.1000061035156,344.79998779296875,514500.0,330.5574035644531
2018-08-07,350.0,343.4599914550781,344.6000061035156,349.2699890136719,455700.0,334.84271240234375
2018-08-08,353.82000732421875,347.2200012207031,348.0899963378906,352.5400085449219,394300.0,337.97760009765625
2018-08-09,358.6300048828125,349.9200134277344,351.989990234375,351.6600036621094,626200.0,337.1340026855469
2018-08-10,352.5,347.20001220703125,349.489990234375,351.29998779296875,451400.0,338.0964050292969
2018-08-13,354.6099853515625,350.1300048828125,351.20001220703125,353.1600036621094,438800.0,339.88653564453125
2018-08-14,365.0,355.510009765625,355.57000732421875,361.3999938964844,847300.0,347.8167724609375
2018-08-15,359.17999267578125,354.6400146484375,357.7799987792969,357.8900146484375,621100.0,344.4387512207031
2018-08-16,361.5899963378906,358.55999755859375,359.30999755859375,359.95001220703125,547200.0,346.42132568359375
2018-08-17,361.20001220703125,357.1600036621094,360.4599914550781,357.7300109863281,480300.0,344.2847595214844
2018-08-20,367.6000061035156,358.4100036621094,359.0299987792969,366.5400085449219,661800.0,352.7636413574219
2018-08-21,372.05999755859375,365.54998779296875,366.5400085449219,369.1499938964844,526700.0,355.2755126953125
2018-08-22,369.9700012207031,366.489990234375,368.6400146484375,367.6000061035156,381700.0,353.78375244140625
2018-08-23,370.1400146484375,366.44000244140625,368.4700012207031,367.510009765625,323600.0,353.6971435546875
2018-08-24,369.0400085449219,362.7099914550781,368.67999267578125,365.1499938964844,353200.0,351.42584228515625
2018-08-27,367.5199890136719,363.1300048828125,365.5400085449219,363.8900146484375,304200.0,350.21319580078125
2018-08-28,367.5799865722656,359.010009765625,364.4599914550781,360.75,520500.0,347.19122314453125
2018-08-29,364.0799865722656,357.92999267578125,360.7200012207031,362.2900085449219,517000.0,348.67333984375
2018-08-30,362.8299865722656,352.3299865722656,362.04998779296875,354.4100036621094,557800.0,341.0894775390625
2018-08-31,356.8500061035156,352.0799865722656,353.489990234375,354.07000732421875,416600.0,340.7622985839844
2018-09-04,357.1199951171875,350.3599853515625,355.20001220703125,355.8699951171875,686600.0,342.4946594238281
2018-09-05,359.19000244140625,354.1700134277344,355.54998779296875,355.6199951171875,684800.0,342.2540283203125
2018-09-06,361.9599914550781,347.55999755859375,356.2300109863281,353.1400146484375,769400.0,339.8672790527344
2018-09-07,355.04998779296875,346.3800048828125,351.9100036621094,349.2900085449219,532200.0,336.1619567871094
2018-09-10,353.3399963378906,349.2699890136719,350.3500061035156,352.19000244140625,468000.0,338.9529724121094
2018-09-11,360.0799865722656,350.30999755859375,352.2799987792969,359.3800048828125,580800.0,345.8727722167969
2018-09-12,358.55999755859375,353.3999938964844,358.42999267578125,354.05999755859375,452400.0,340.752685546875
2018-09-13,356.3500061035156,352.80999755859375,356.07000732421875,354.0400085449219,413400.0,340.7334289550781
2018-09-14,361.5400085449219,353.6099853515625,355.1600036621094,355.6099853515625,499500.0,342.24444580078125
2018-09-17,356.42999267578125,349.2900085449219,355.7699890136719,351.6300048828125,394900.0,338.4139709472656
2018-09-18,354.8399963378906,345.44000244140625,350.6099853515625,353.6700134277344,550300.0,340.3773498535156
2018-09-19,357.1700134277344,350.1499938964844,353.1300048828125,351.29998779296875,457800.0,338.0964050292969
2018-09-20,356.57000732421875,350.04998779296875,352.3900146484375,355.0199890136719,466400.0,341.67657470703125
2018-09-21,359.70001220703125,354.94000244140625,356.4800109863281,356.0899963378906,1351800.0,342.70635986328125
2018-09-24,355.1700134277344,349.19000244140625,355.1700134277344,352.57000732421875,461000.0,339.3186950683594
2018-09-25,356.45001220703125,352.45001220703125,353.3999938964844,354.9700012207031,466400.0,341.6285095214844
2018-09-26,359.1400146484375,353.8399963378906,356.4599914550781,356.3999938964844,554200.0,343.0047607421875
2018-09-27,360.20001220703125,354.9200134277344,356.5,355.2699890136719,436400.0,341.9172058105469
2018-09-28,359.7699890136719,354.8999938964844,355.3399963378906,357.4100036621094,441900.0,343.976806640625
2018-10-01,361.1700134277344,353.2799987792969,357.25,356.0,470600.0,342.6197509765625
2018-10-02,358.6199951171875,353.20001220703125,353.239990234375,354.54998779296875,397600.0,341.2242736816406
2018-10-03,360.7099914550781,355.1199951171875,356.5,357.9599914550781,361200.0,344.5060729980469
2018-10-04,360.04998779296875,347.8299865722656,357.54998779296875,352.1300048828125,576300.0,338.895263671875
2018-10-05,354.95001220703125,347.04998779296875,352.1000061035156,351.0299987792969,403800.0,337.8365783691406
2018-10-08,349.69000244140625,341.2699890136719,348.3500061035156,345.8900146484375,702500.0,332.8897705078125
2018-10-09,344.989990234375,334.7300109863281,344.4100036621094,335.3800048828125,843400.0,322.7747802734375
2018-10-10,331.42999267578125,316.0899963378906,331.42999267578125,316.2900085449219,1327900.0,304.40228271484375
2018-10-11,321.9100036621094,308.6400146484375,314.3599853515625,309.0,1075100.0,297.38623046875
2018-10-12,315.6400146484375,307.1000061035156,315.6400146484375,311.5400085449219,758300.0,299.8307800292969
2018-10-15,320.7699890136719,311.3999938964844,311.3999938964844,318.010009765625,1640400.0,306.0576477050781
2018-10-16,291.4599914550781,268.05999755859375,290.0,280.010009765625,4225200.0,269.48590087890625
2018-10-17,284.6199951171875,277.30999755859375,281.05999755859375,279.3399963378906,1476200.0,268.84100341796875
2018-10-18,279.4200134277344,272.57000732421875,278.8500061035156,274.92999267578125,1398400.0,264.5968017578125
2018-10-19,279.1300048828125,273.1400146484375,275.489990234375,276.2799987792969,1099200.0,265.8960266113281
2018-10-22,278.6400146484375,272.1000061035156,278.6400146484375,275.239990234375,822100.0,264.8951416015625
2018-10-23,275.30999755859375,265.0,270.25,273.989990234375,1021400.0,263.69207763671875
2018-10-24,278.05999755859375,271.6199951171875,274.6099853515625,271.8699951171875,1316300.0,261.6517639160156
2018-10-25,275.45001220703125,270.29998779296875,274.9599914550781,271.2300109863281,953900.0,261.0358581542969
2018-10-26,277.3800048828125,267.6600036621094,268.9200134277344,274.70001220703125,879600.0,264.3754577636719
2018-10-29,282.0899963378906,272.3299865722656,278.5299987792969,275.54998779296875,898400.0,265.1934814453125
2018-10-30,283.3399963378906,274.2099914550781,275.54998779296875,283.1499938964844,947000.0,272.5078430175781
2018-10-31,290.239990234375,283.75,286.1000061035156,283.9700012207031,1034400.0,273.2970275878906
2018-11-01,287.6700134277344,277.80999755859375,284.82000732421875,286.5199890136719,775000.0,275.75115966796875
2018-11-02,292.54998779296875,284.6099853515625,290.69000244140625,289.239990234375,536700.0,278.3689270019531
2018-11-05,290.92999267578125,284.489990234375,289.25,287.05999755859375,548500.0,276.2708740234375
2018-11-06,289.80999755859375,282.8599853515625,284.3500061035156,287.5799865722656,575400.0,276.7713928222656
2018-11-07,296.7900085449219,287.8999938964844,290.4599914550781,296.0199890136719,453500.0,284.8941345214844
2018-11-08,296.2699890136719,292.07000732421875,294.3599853515625,293.0199890136719,382600.0,283.3084716796875
2018-11-09,294.8299865722656,289.0899963378906,290.760009765625,293.75,471000.0,284.0142517089844
2018-11-12,295.3500061035156,288.9599914550781,293.989990234375,291.67999267578125,491400.0,282.0128479003906
2018-11-13,299.0299987792969,291.2200012207031,292.2099914550781,295.9599914550781,550400.0,286.1510009765625
2018-11-14,302.4700012207031,296.6499938964844,296.9100036621094,300.3800048828125,650200.0,290.42449951171875
2018-11-15,307.25,296.5,299.5199890136719,306.1099853515625,624600.0,295.9645690917969
2018-11-16,311.45001220703125,302.7300109863281,304.6600036621094,310.55999755859375,604300.0,300.26715087890625
2018-11-19,314.70001220703125,304.5899963378906,309.5199890136719,305.1000061035156,666700.0,294.9880676269531
2018-11-20,303.04998779296875,295.010009765625,299.5,296.9800109863281,570100.0,287.1371765136719
2018-11-21,305.6199951171875,295.80999755859375,298.0799865722656,302.510009765625,368100.0,292.4839172363281
2018-11-23,301.75,297.79998779296875,301.2099914550781,297.95001220703125,132600.0,288.0750732421875
2018-11-26,309.0400085449219,300.6400146484375,300.8500061035156,307.94000244140625,499300.0,297.7339782714844
2018-11-27,308.1300048828125,302.7900085449219,307.80999755859375,304.4700012207031,445000.0,294.37896728515625
2018-11-28,311.8800048828125,300.7799987792969,305.1499938964844,311.7099914550781,671200.0,301.3789978027344
2018-11-29,313.80999755859375,308.9700012207031,309.8699951171875,311.19000244140625,438000.0,300.87628173828125
2018-11-30,315.57000732421875,309.1000061035156,311.2099914550781,314.0400085449219,600400.0,303.6318054199219
2018-12-03,321.07000732421875,312.69000244140625,317.8999938964844,317.19000244140625,519400.0,306.6773986816406
2018-12-04,317.8399963378906,300.32000732421875,316.1700134277344,300.6000061035156,697800.0,290.63726806640625
2018-12-06,300.2300109863281,289.5799865722656,294.5899963378906,299.57000732421875,673200.0,289.64141845703125
2018-12-07,303.1600036621094,288.55999755859375,300.3500061035156,289.42999267578125,496600.0,279.83746337890625
2018-12-10,289.4200134277344,280.3500061035156,288.1099853515625,285.30999755859375,633400.0,275.8539733886719
2018-12-11,293.8599853515625,284.0799865722656,286.8699951171875,286.7300109863281,551100.0,277.2269592285156
2018-12-12,294.1300048828125,286.9800109863281,291.0400085449219,287.79998779296875,438400.0,278.2614440917969
2018-12-13,292.239990234375,284.05999755859375,288.7900085449219,285.6099853515625,553300.0,276.1440124511719
2018-12-14,288.760009765625,282.739990234375,282.75,284.4100036621094,468500.0,274.98382568359375
2018-12-17,290.8299865722656,281.3599853515625,283.92999267578125,284.510009765625,597300.0,275.08050537109375
2018-12-18,288.6700134277344,280.0,284.95001220703125,282.8599853515625,675400.0,273.48516845703125
2018-12-19,287.4100036621094,277.4800109863281,282.8599853515625,278.42999267578125,653500.0,269.20196533203125
2018-12-20,280.6499938964844,271.32000732421875,276.8800048828125,275.1400146484375,734100.0,266.0210876464844
2018-12-21,282.29998779296875,271.739990234375,275.1000061035156,272.2099914550781,951700.0,263.18817138671875
2018-12-24,273.3299865722656,266.0799865722656,271.5899963378906,266.42999267578125,247000.0,257.5997009277344
2018-12-26,278.8399963378906,266.3699951171875,268.05999755859375,278.6499938964844,365000.0,269.41473388671875
2018-12-27,281.92999267578125,272.3999938964844,276.9700012207031,281.92999267578125,404500.0,272.5860290527344
2018-12-28,285.8599853515625,280.4100036621094,283.0199890136719,281.4700012207031,337200.0,272.1412658691406
2018-12-31,284.8500061035156,279.3399963378906,281.70001220703125,282.3599853515625,460400.0,273.0017395019531
2019-01-02,279.9100036621094,274.5899963378906,278.8900146484375,276.5799865722656,789200.0,267.4132995605469
2019-01-03,276.8999938964844,266.3299865722656,275.4100036621094,268.0400085449219,891300.0,259.1563720703125
2019-01-04,281.4700012207031,272.0199890136719,272.80999755859375,279.1300048828125,529500.0,269.8788146972656
2019-01-07,282.9100036621094,273.70001220703125,279.07000732421875,277.1300048828125,658100.0,267.94512939453125
2019-01-08,280.7699890136719,270.4100036621094,277.4800109863281,278.9800109863281,865200.0,269.7337951660156
2019-01-09,283.0,273.5199890136719,276.010009765625,280.010009765625,606700.0,270.72967529296875
2019-01-10,284.57000732421875,276.4100036621094,279.1099853515625,284.489990234375,413800.0,275.0611267089844
2019-01-11,285.239990234375,281.3999938964844,284.1199951171875,284.5,287200.0,275.0708923339844
2019-01-14,285.0400085449219,281.1400146484375,282.6000061035156,281.2099914550781,408700.0,271.8898620605469
2019-01-15,295.30999755859375,282.69000244140625,286.989990234375,293.2200012207031,692400.0,283.5018310546875
2019-01-16,295.29998779296875,288.55999755859375,293.42999267578125,288.80999755859375,579600.0,279.23797607421875
2019-01-17,301.0199890136719,289.0299987792969,289.0299987792969,299.2799987792969,802800.0,289.3609924316406
2019-01-18,308.9200134277344,301.45001220703125,302.2799987792969,305.3900146484375,688700.0,295.2684631347656
2019-01-22,305.9700012207031,298.5199890136719,303.6199951171875,300.6099853515625,561700.0,290.6468811035156
2019-01-23,305.260009765625,295.80999755859375,302.0299987792969,297.1600036621094,1039600.0,287.3112487792969
2019-01-24,295.0,280.7099914550781,288.20001220703125,286.2200012207031,1596400.0,276.73382568359375
2019-01-25,291.9599914550781,285.1000061035156,287.8999938964844,291.8299865722656,815900.0,282.1579284667969
2019-01-28,291.0799865722656,286.8399963378906,289.2099914550781,288.92999267578125,432700.0,279.35400390625
2019-01-29,296.2200012207031,288.260009765625,290.30999755859375,296.1600036621094,423300.0,286.3443908691406
2019-01-30,299.010009765625,290.8500061035156,299.010009765625,296.0799865722656,673600.0,286.26702880859375
2019-01-31,297.80999755859375,291.8299865722656,295.57000732421875,295.3900146484375,654100.0,285.59991455078125
2019-02-01,298.95001220703125,291.42999267578125,295.5400085449219,292.4800109863281,428800.0,282.786376953125
2019-02-04,298.989990234375,291.3900146484375,292.70001220703125,298.6099853515625,307200.0,288.7131652832031
2019-02-05,300.19000244140625,295.6499938964844,298.55999755859375,299.989990234375,357600.0,290.0474548339844
2019-02-06,305.6400146484375,298.7200012207031,299.4800109863281,303.5199890136719,409300.0,293.4604187011719
2019-02-07,306.5,300.7200012207031,301.510009765625,303.05999755859375,391700.0,293.0156555175781
2019-02-08,302.3500061035156,298.5799865722656,301.1000061035156,300.42999267578125,362100.0,291.7822570800781
2019-02-11,307.3399963378906,301.6600036621094,302.0199890136719,306.8399963378906,368800.0,298.00775146484375
2019-02-12,314.8699951171875,307.94000244140625,308.79998779296875,312.5199890136719,488700.0,303.52423095703125
2019-02-13,314.57000732421875,307.1300048828125,313.4200134277344,313.30999755859375,399300.0,304.29150390625
2019-02-14,314.7099914550781,308.9599914550781,311.4800109863281,311.80999755859375,296000.0,302.83465576171875
2019-02-15,316.7300109863281,312.44000244140625,315.0,316.6199951171875,328100.0,307.5062255859375
2019-02-19,316.8900146484375,314.1499938964844,315.6199951171875,314.6499938964844,293000.0,305.5929260253906
2019-02-20,314.0899963378906,309.17999267578125,314.0899963378906,311.0400085449219,477200.0,302.0868835449219
2019-02-21,313.17999267578125,308.2900085449219,311.9100036621094,309.5899963378906,361900.0,300.6785583496094
2019-02-22,312.5799865722656,309.4800109863281,310.07000732421875,312.3699951171875,232200.0,303.3785400390625
2019-02-25,315.0299987792969,311.04998779296875,313.79998779296875,311.3800048828125,356100.0,302.4170837402344
2019-02-26,312.5,308.4599914550781,312.0899963378906,308.54998779296875,262600.0,299.6684875488281
2019-02-27,311.2200012207031,307.0899963378906,307.0899963378906,311.1199951171875,350600.0,302.16455078125
2019-02-28,311.7699890136719,304.510009765625,310.6499938964844,304.7699890136719,337900.0,295.997314453125
2019-03-01,310.04998779296875,299.4700012207031,308.739990234375,302.5299987792969,631800.0,293.82183837890625
2019-03-04,307.0,300.70001220703125,303.4200134277344,302.6199951171875,404800.0,293.90924072265625
2019-03-05,303.760009765625,300.69000244140625,303.6499938964844,301.29998779296875,425900.0,292.627197265625
2019-03-06,305.3299865722656,300.0,301.9800109863281,302.45001220703125,312800.0,293.744140625
2019-03-07,301.8399963378906,295.82000732421875,300.7300109863281,297.70001220703125,329000.0,289.130859375
2019-03-08,296.30999755859375,291.19000244140625,295.57000732421875,293.3999938964844,356900.0,284.95465087890625
2019-03-11,295.6199951171875,290.3500061035156,291.5799865722656,294.989990234375,218300.0,286.4988708496094
2019-03-12,296.1499938964844,293.1000061035156,295.7099914550781,295.3699951171875,308900.0,286.867919921875
2019-03-13,300.6499938964844,296.30999755859375,296.8399963378906,299.489990234375,401000.0,290.8692932128906
2019-03-14,299.6700134277344,295.4599914550781,299.6700134277344,297.5299987792969,383900.0,288.9657287597656
2019-03-15,299.989990234375,296.2699890136719,297.3999938964844,297.17999267578125,444200.0,288.6258239746094
2019-03-18,302.3399963378906,297.44000244140625,297.44000244140625,302.05999755859375,247800.0,293.3653259277344
2019-03-19,304.1600036621094,298.92999267578125,304.1300048828125,299.5400085449219,347900.0,290.9178771972656
2019-03-20,304.0199890136719,295.55999755859375,299.5199890136719,298.0199890136719,235300.0,289.44158935546875
2019-03-21,305.6099853515625,297.760009765625,297.989990234375,304.9800109863281,310200.0,296.2012939453125
2019-03-22,303.9100036621094,292.3500061035156,303.9100036621094,292.510009765625,446300.0,284.09027099609375
2019-03-25,293.239990234375,288.1400146484375,291.8699951171875,289.6000061035156,308500.0,281.2640075683594
2019-03-26,291.9200134277344,286.5799865722656,291.9200134277344,289.3299865722656,421400.0,281.0017395019531
2019-03-27,292.1600036621094,287.5299987792969,290.1300048828125,290.0,367300.0,281.6524658203125
2019-03-28,295.70001220703125,290.0400085449219,291.3299865722656,293.7799987792969,384200.0,285.3236999511719
2019-03-29,301.5899963378906,294.7799987792969,295.9700012207031,300.92999267578125,427700.0,292.267822265625
2019-04-01,311.42999267578125,301.5,301.5,311.260009765625,509300.0,302.3005676269531
2019-04-02,313.32000732421875,308.5799865722656,310.9200134277344,311.2699890136719,442000.0,302.31024169921875
2019-04-03,314.70001220703125,310.4200134277344,312.760009765625,311.5799865722656,389400.0,302.6112976074219
2019-04-04,315.5,311.0,311.0,313.6400146484375,304400.0,304.6120300292969
2019-04-05,318.8999938964844,313.6000061035156,313.989990234375,316.5,410200.0,307.3896789550781
2019-04-08,316.510009765625,314.2099914550781,315.44000244140625,314.9599914550781,313200.0,305.8940124511719
2019-04-09,314.3299865722656,305.0799865722656,314.3299865722656,305.2799987792969,339400.0,296.49267578125
2019-04-10,304.2200012207031,297.0,299.989990234375,303.1700134277344,497200.0,294.44342041015625
2019-04-11,313.260009765625,306.0,306.0,308.989990234375,415700.0,300.0958251953125
2019-04-12,308.2699890136719,302.55999755859375,306.5,304.8599853515625,687700.0,296.0847473144531
2019-04-15,306.1700134277344,303.4100036621094,304.8699951171875,304.7900085449219,292500.0,296.0167541503906
2019-04-16,307.010009765625,302.7099914550781,305.9599914550781,306.0,301900.0,297.1919250488281
2019-04-17,310.2900085449219,305.29998779296875,308.4700012207031,308.32000732421875,314800.0,299.4451904296875
2019-04-18,311.80999755859375,306.5,308.8699951171875,308.17999267578125,520600.0,299.3091735839844
2019-04-22,308.0,289.6099853515625,302.739990234375,291.2099914550781,881900.0,282.82769775390625
2019-04-23,293.7699890136719,285.57000732421875,288.2699890136719,293.19000244140625,633900.0,284.75067138671875
2019-04-24,296.260009765625,292.1000061035156,293.20001220703125,294.3599853515625,584300.0,285.886962890625
2019-04-25,295.3800048828125,288.8299865722656,293.2699890136719,295.0,468800.0,286.508544921875
2019-04-26,296.1199951171875,291.0,294.95001220703125,291.9100036621094,280700.0,283.5075378417969
2019-04-29,293.3500061035156,284.6099853515625,292.2099914550781,284.8500061035156,566700.0,276.65069580078125
2019-04-30,285.6000061035156,280.7699890136719,284.2699890136719,282.0,1038200.0,273.8827819824219
2019-05-01,284.25,274.4599914550781,283.3699951171875,274.8599853515625,594900.0,266.9482727050781
2019-05-02,280.7099914550781,274.0,274.2099914550781,278.95001220703125,466600.0,270.92059326171875
2019-05-03,284.4100036621094,280.5899963378906,281.2699890136719,283.54998779296875,556300.0,275.38812255859375
2019-05-06,279.8800048828125,274.1400146484375,276.739990234375,279.30999755859375,499500.0,271.2701721191406
2019-05-07,277.3800048828125,271.57000732421875,276.3299865722656,276.4599914550781,602000.0,268.5022277832031
2019-05-08,278.7900085449219,273.8599853515625,276.25,276.57000732421875,378400.0,268.6091003417969
2019-05-09,274.69000244140625,267.6499938964844,273.1400146484375,273.44000244140625,490500.0,265.5691833496094
2019-05-10,272.989990234375,266.2300109863281,270.5899963378906,267.69000244140625,456600.0,261.3610534667969
2019-05-13,264.0899963378906,258.7099914550781,263.04998779296875,259.989990234375,687600.0,253.8430938720703
2019-05-14,262.94000244140625,259.2699890136719,260.8299865722656,262.05999755859375,354600.0,255.86416625976562
2019-05-15,262.9599914550781,258.4200134277344,259.69000244140625,261.7900085449219,363400.0,255.60052490234375
2019-05-16,266.3900146484375,261.29998779296875,262.95001220703125,263.8599853515625,310800.0,257.6216125488281
2019-05-17,272.2799987792969,262.9200134277344,263.0799865722656,267.1000061035156,659200.0,260.7850036621094
2019-05-20,271.4100036621094,265.010009765625,265.2099914550781,270.7200012207031,494400.0,264.3194580078125
2019-05-21,275.010009765625,272.0,272.0,272.3299865722656,408700.0,265.891357421875
2019-05-22,271.69000244140625,258.8399963378906,270.4200134277344,259.0899963378906,723900.0,252.96437072753906
2019-05-23,263.4700012207031,255.38999938964844,256.55999755859375,260.9200134277344,561200.0,254.7510986328125
2019-05-24,263.260009765625,255.08999633789062,261.9800109863281,258.55999755859375,403800.0,252.44692993164062
2019-05-28,261.25,258.4200134277344,258.6000061035156,259.3999938964844,483500.0,253.26705932617188
2019-05-29,264.19000244140625,258.3599853515625,259.4200134277344,261.7699890136719,531100.0,255.58099365234375
2019-05-30,266.7200012207031,260.42999267578125,261.6499938964844,264.5899963378906,738000.0,258.3343200683594
2019-05-31,263.0299987792969,259.1400146484375,261.6600036621094,261.69000244140625,493900.0,255.50291442871094
2019-06-03,264.25,260.239990234375,261.8599853515625,262.8599853515625,553000.0,256.645263671875
2019-06-04,270.0299987792969,264.79998779296875,265.489990234375,269.489990234375,470600.0,263.1184997558594
2019-06-05,273.1400146484375,265.7099914550781,270.989990234375,269.1600036621094,328000.0,262.7962646484375
2019-06-06,270.3299865722656,264.0199890136719,269.2900085449219,265.8500061035156,402800.0,259.5645751953125
2019-06-07,272.9100036621094,267.0,267.6700134277344,271.1199951171875,413700.0,264.7099609375
2019-06-10,275.67999267578125,270.3599853515625,271.7300109863281,275.17999267578125,479700.0,268.6739501953125
2019-06-11,276.45001220703125,269.6300048828125,274.8999938964844,274.4200134277344,819500.0,267.9319763183594
2019-06-12,277.6700134277344,273.7200012207031,275.3999938964844,275.04998779296875,447200.0,268.5469970703125
2019-06-13,279.8999938964844,274.82000732421875,274.82000732421875,279.760009765625,305700.0,273.1457214355469
2019-06-14,278.510009765625,267.7300109863281,278.510009765625,272.3599853515625,426700.0,265.920654296875
2019-06-17,274.92999267578125,269.6499938964844,272.1199951171875,272.44000244140625,447000.0,265.9987487792969
2019-06-18,278.6400146484375,271.1199951171875,274.260009765625,271.8699951171875,417400.0,265.4422302246094
2019-06-19,274.989990234375,268.20001220703125,270.7699890136719,274.17999267578125,453800.0,267.6976013183594
2019-06-20,279.2099914550781,272.2699890136719,278.3399963378906,276.79998779296875,394600.0,270.25567626953125
2019-06-21,277.17999267578125,271.7300109863281,275.4200134277344,274.0199890136719,638300.0,267.5413513183594
2019-06-24,278.0,270.9200134277344,274.1499938964844,271.0299987792969,381600.0,264.6221008300781
2019-06-25,272.1300048828125,267.42999267578125,271.2699890136719,267.55999755859375,473600.0,261.2341613769531
2019-06-26,270.2200012207031,264.8299865722656,269.0400085449219,266.3999938964844,360900.0,260.1015930175781
2019-06-27,268.0,265.260009765625,267.19000244140625,266.1300048828125,416200.0,259.83795166015625
2019-06-28,269.2900085449219,264.6099853515625,267.2300109863281,268.2300109863281,564500.0,261.8882751464844
2019-07-01,272.9599914550781,265.9100036621094,269.5299987792969,267.2900085449219,536100.0,260.97052001953125
2019-07-02,267.8299865722656,263.5,266.760009765625,265.1499938964844,369800.0,258.881103515625
2019-07-03,268.7900085449219,265.0799865722656,265.0799865722656,268.7799987792969,217600.0,262.42529296875
2019-07-05,270.1199951171875,264.5,267.69000244140625,269.5299987792969,256800.0,263.1575622558594
2019-07-08,269.8399963378906,265.5,267.510009765625,265.8900146484375,266900.0,259.6036376953125
2019-07-09,267.9800109863281,262.1300048828125,265.0400085449219,266.69000244140625,532900.0,260.38470458984375
2019-07-10,267.0400085449219,257.79998779296875,266.239990234375,258.5400085449219,780300.0,252.4274139404297
2019-07-11,263.3299865722656,256.0799865722656,258.0199890136719,262.80999755859375,532300.0,256.596435546875
2019-07-12,270.8299865722656,263.80999755859375,263.80999755859375,269.20001220703125,469400.0,262.8354187011719
2019-07-15,272.9599914550781,268.9700012207031,269.8800048828125,271.2799987792969,309500.0,264.8661804199219
2019-07-16,276.760009765625,271.1099853515625,272.239990234375,272.9100036621094,447000.0,266.4576416015625
2019-07-17,272.6499938964844,268.4599914550781,271.989990234375,269.0,399700.0,262.6401062011719
2019-07-18,270.8399963378906,266.739990234375,269.44000244140625,268.6600036621094,368300.0,262.30816650390625
2019-07-19,273.239990234375,267.0899963378906,269.8299865722656,267.2200012207031,439400.0,260.9021911621094
2019-07-22,272.1700134277344,268.0,268.8399963378906,269.4200134277344,513900.0,263.0501708984375
2019-07-23,279.19000244140625,270.5799865722656,271.1300048828125,278.7799987792969,664200.0,272.1888732910156
2019-07-24,304.8399963378906,284.3599853515625,284.3599853515625,304.07000732421875,1675700.0,296.8809509277344
2019-07-25,305.2900085449219,295.989990234375,304.739990234375,300.1300048828125,902300.0,293.0340881347656
2019-07-26,304.5799865722656,299.3500061035156,300.1199951171875,299.79998779296875,504700.0,292.7118835449219
2019-07-29,299.3999938964844,291.1300048828125,299.3999938964844,291.54998779296875,502900.0,284.6569519042969
2019-07-30,297.07000732421875,290.0,290.25,296.7200012207031,427100.0,289.7047119140625
2019-07-31,299.0799865722656,288.3800048828125,296.5799865722656,291.0299987792969,568500.0,284.1492614746094
2019-08-01,293.489990234375,276.7699890136719,291.54998779296875,277.6499938964844,674900.0,271.0855712890625
2019-08-02,278.82000732421875,272.3900146484375,276.6000061035156,276.3900146484375,468300.0,269.8553771972656
2019-08-05,273.260009765625,266.80999755859375,272.1400146484375,268.8299865722656,569200.0,262.4740905761719
2019-08-06,274.1000061035156,267.6099853515625,271.5199890136719,269.9800109863281,541100.0,263.596923828125
2019-08-07,275.20001220703125,264.8500061035156,266.04998779296875,274.29998779296875,673400.0,267.81475830078125
2019-08-08,277.20001220703125,273.8699951171875,275.07000732421875,276.67999267578125,357600.0,270.1385192871094
2019-08-09,275.1000061035156,267.739990234375,274.0,268.3599853515625,374500.0,263.385986328125
2019-08-12,267.07000732421875,262.19000244140625,266.7200012207031,263.3800048828125,337300.0,258.4983215332031
2019-08-13,271.7300109863281,260.489990234375,261.2900085449219,268.2200012207031,561600.0,263.2486267089844
2019-08-14,265.4800109863281,262.6099853515625,264.0,264.3500061035156,470600.0,259.4503479003906
2019-08-15,266.760009765625,263.5400085449219,265.3399963378906,264.80999755859375,524900.0,259.9018249511719
2019-08-16,270.5199890136719,265.54998779296875,267.44000244140625,269.260009765625,376700.0,264.26934814453125
2019-08-19,276.2200012207031,272.6700134277344,272.6700134277344,275.3900146484375,301000.0,270.2857360839844
2019-08-20,276.989990234375,271.7300109863281,275.2300109863281,272.07000732421875,351800.0,267.0272521972656
2019-08-21,278.6600036621094,274.5,275.3599853515625,274.82000732421875,286300.0,269.726318359375
2019-08-22,275.7200012207031,271.5400085449219,275.67999267578125,272.8599853515625,318200.0,267.8026123046875
2019-08-23,271.4700012207031,264.6499938964844,271.3699951171875,266.0199890136719,373500.0,261.0893859863281
2019-08-26,270.3699951171875,265.7699890136719,269.5400085449219,267.4700012207031,234800.0,262.51251220703125
2019-08-27,269.8699951171875,262.8800048828125,269.8699951171875,265.3699951171875,238800.0,260.4514465332031
2019-08-28,269.739990234375,263.0,265.05999755859375,268.3800048828125,254000.0,263.4056701660156
2019-08-29,274.260009765625,270.04998779296875,271.4200134277344,273.3599853515625,231500.0,268.2933349609375
2019-08-30,277.8599853515625,272.8599853515625,275.5299987792969,273.6499938964844,227800.0,268.5779724121094
2019-09-03,271.5199890136719,263.8299865722656,271.5199890136719,266.1000061035156,361900.0,261.1679382324219
2019-09-04,271.4700012207031,267.6199951171875,268.32000732421875,268.1700134277344,213600.0,263.1995849609375
2019-09-05,280.010009765625,270.8999938964844,270.8999938964844,276.7799987792969,316100.0,271.64996337890625
2019-09-06,281.29998779296875,276.1499938964844,279.2699890136719,278.2200012207031,295000.0,273.06329345703125
2019-09-09,286.3900146484375,279.5899963378906,279.69000244140625,285.8999938964844,422200.0,280.6009521484375
2019-09-10,291.510009765625,280.55999755859375,282.3599853515625,290.7300109863281,432200.0,285.3414001464844
2019-09-11,297.5199890136719,290.2799987792969,292.1700134277344,295.0,333200.0,289.53228759765625
2019-09-12,296.0,291.1099853515625,294.92999267578125,293.6000061035156,315400.0,288.1582336425781
2019-09-13,298.4800109863281,294.4100036621094,294.4100036621094,295.55999755859375,341500.0,290.0819091796875
2019-09-16,297.5,292.4599914550781,294.7300109863281,295.80999755859375,233900.0,290.3272399902344
2019-09-17,294.4700012207031,288.92999267578125,293.9700012207031,291.6400146484375,324100.0,286.23455810546875
2019-09-18,293.2099914550781,288.6099853515625,290.6499938964844,292.4800109863281,283900.0,287.0589904785156
2019-09-19,294.7300109863281,290.5199890136719,291.7699890136719,292.1600036621094,303400.0,286.7449035644531
2019-09-20,294.6499938964844,289.6000061035156,293.4100036621094,292.17999267578125,534500.0,286.7644958496094
2019-09-23,293.5199890136719,289.6700134277344,289.9599914550781,291.07000732421875,391700.0,285.67510986328125
2019-09-24,292.010009765625,283.9200134277344,291.8500061035156,286.55999755859375,297700.0,281.2486877441406
2019-09-25,292.6600036621094,286.20001220703125,287.57000732421875,291.1099853515625,285700.0,285.7143249511719
2019-09-26,294.8599853515625,288.7099914550781,290.5199890136719,293.6199951171875,272000.0,288.1778564453125
2019-09-27,296.0,291.9200134277344,295.0,294.989990234375,261100.0,289.5224304199219
2019-09-30,297.7200012207031,292.7300109863281,294.05999755859375,297.1499938964844,338400.0,291.6424255371094
2019-10-01,303.7699890136719,281.8900146484375,300.1199951171875,286.04998779296875,593000.0,280.7481384277344
2019-10-02,288.760009765625,278.7799987792969,282.9700012207031,287.17999267578125,559900.0,281.8572082519531
2019-10-03,288.8599853515625,281.489990234375,286.20001220703125,288.69000244140625,364200.0,283.3392333984375
2019-10-04,292.010009765625,288.6000061035156,290.0,291.2099914550781,258400.0,285.8125305175781
2019-10-07,292.3699951171875,288.3699951171875,290.0199890136719,288.9700012207031,299800.0,283.6140441894531
2019-10-08,288.260009765625,279.239990234375,285.8699951171875,282.19000244140625,369700.0,276.959716796875
2019-10-09,286.5799865722656,282.5199890136719,285.5199890136719,283.989990234375,211900.0,278.726318359375
2019-10-10,290.20001220703125,283.82000732421875,283.82000732421875,288.7099914550781,324300.0,283.35882568359375
2019-10-11,311.4100036621094,302.0,304.0,305.20001220703125,883000.0,299.5432434082031
2019-10-14,308.6600036621094,301.6300048828125,301.92999267578125,306.07000732421875,456200.0,300.3970642089844
2019-10-15,310.760009765625,304.3299865722656,306.07000732421875,307.3399963378906,332600.0,301.6435546875
2019-10-16,310.2799987792969,306.8500061035156,306.8500061035156,307.8599853515625,205100.0,302.1539001464844
2019-10-17,312.1700134277344,308.3599853515625,308.6400146484375,310.739990234375,222200.0,304.98052978515625
2019-10-18,313.92999267578125,309.75,310.4599914550781,310.0799865722656,485800.0,304.3327331542969
2019-10-21,317.5,312.17999267578125,313.4599914550781,316.7799987792969,557900.0,310.9085693359375
2019-10-22,320.510009765625,312.80999755859375,314.1499938964844,319.17999267578125,562900.0,313.26409912109375
2019-10-23,315.0,298.25,307.3999938964844,312.44000244140625,1019800.0,306.6490478515625
2019-10-24,316.5,310.489990234375,313.8900146484375,315.2099914550781,439400.0,309.3676452636719
2019-10-25,319.95001220703125,314.79998779296875,317.0,317.3399963378906,327300.0,311.45819091796875
2019-10-28,319.95001220703125,315.3599853515625,319.0,316.3900146484375,414700.0,310.5258483886719
2019-10-29,316.3800048828125,311.7200012207031,316.04998779296875,312.94000244140625,426900.0,307.1397399902344
2019-10-30,312.9700012207031,307.1400146484375,312.6199951171875,310.3800048828125,290600.0,304.6272277832031
2019-10-31,310.8500061035156,305.5,309.8699951171875,308.8399963378906,428800.0,303.1157531738281
2019-11-01,317.8299865722656,309.8900146484375,312.1400146484375,317.6700134277344,405100.0,311.7821044921875
2019-11-04,322.30999755859375,317.1099853515625,319.32000732421875,319.3699951171875,322600.0,313.4505615234375
2019-11-05,324.9200134277344,318.7900085449219,320.9200134277344,322.4700012207031,296200.0,316.4931335449219
2019-11-06,323.7699890136719,318.0,322.7300109863281,321.260009765625,292800.0,315.3055419921875
2019-11-07,323.0,318.5400085449219,321.94000244140625,320.7300109863281,392800.0,316.20269775390625
2019-11-08,325.1000061035156,318.25,320.7099914550781,324.9200134277344,322200.0,320.33355712890625
2019-11-11,327.7200012207031,322.1300048828125,322.4700012207031,327.1499938964844,253300.0,322.53204345703125
2019-11-12,327.760009765625,323.2200012207031,326.9599914550781,325.44000244140625,269500.0,320.84619140625
2019-11-13,325.6300048828125,321.3699951171875,323.9100036621094,322.5199890136719,186800.0,317.9674072265625
2019-11-14,324.9700012207031,320.6600036621094,322.4200134277344,322.4100036621094,258400.0,317.8590087890625
2019-11-15,325.1099853515625,321.42999267578125,324.8699951171875,323.4700012207031,266300.0,318.90399169921875
2019-11-18,322.70001220703125,316.0,322.1199951171875,317.489990234375,364000.0,313.0084228515625
2019-11-19,320.3999938964844,315.4800109863281,318.489990234375,315.8999938964844,298800.0,311.44085693359375
2019-11-20,314.92999267578125,311.0,314.2900085449219,312.3500061035156,333400.0,307.9410095214844
2019-11-21,313.82000732421875,309.1600036621094,309.1600036621094,312.6300048828125,273400.0,308.2170104980469
2019-11-22,320.32000732421875,314.79998779296875,315.80999755859375,319.0,370000.0,314.4971008300781
2019-11-25,323.3299865722656,319.44000244140625,320.2699890136719,320.489990234375,307500.0,315.9660339355469
2019-11-26,322.0,318.8299865722656,321.7699890136719,320.67999267578125,323900.0,316.1534118652344
2019-11-27,321.6300048828125,317.70001220703125,321.6300048828125,319.239990234375,323700.0,314.73370361328125
2019-11-29,320.3500061035156,316.5299987792969,319.489990234375,316.95001220703125,125700.0,312.4760437011719
2019-12-02,320.510009765625,314.75,316.1499938964844,315.0299987792969,242500.0,310.5831604003906
2019-12-03,313.6199951171875,309.260009765625,310.0199890136719,312.5799865722656,240900.0,308.167724609375
2019-12-04,318.8299865722656,313.55999755859375,313.6600036621094,316.8699951171875,346800.0,312.39715576171875
2019-12-05,324.1600036621094,315.8699951171875,317.9700012207031,318.2900085449219,470900.0,313.7971496582031
2019-12-06,323.1600036621094,318.75,321.4800109863281,321.489990234375,275000.0,316.95196533203125
2019-12-09,327.30999755859375,320.7900085449219,320.7900085449219,324.30999755859375,356200.0,319.7321472167969
2019-12-10,326.3500061035156,322.9599914550781,324.54998779296875,323.57000732421875,225000.0,319.00262451171875
2019-12-11,329.9800109863281,325.1400146484375,327.6499938964844,329.5199890136719,340700.0,324.86859130859375
2019-12-12,339.0,327.6099853515625,328.4200134277344,338.79998779296875,475200.0,334.01763916015625
2019-12-13,338.9599914550781,331.7699890136719,337.7699890136719,332.30999755859375,551300.0,327.6192321777344
2019-12-16,337.3999938964844,332.80999755859375,334.5199890136719,337.2200012207031,531100.0,332.4599304199219
2019-12-17,336.29998779296875,330.45001220703125,335.7300109863281,331.4800109863281,304000.0,326.80096435546875
2019-12-18,332.7900085449219,329.239990234375,331.55999755859375,332.5299987792969,345900.0,327.83612060546875
2019-12-19,334.95001220703125,330.8800048828125,332.5,334.8399963378906,231500.0,330.113525390625
2019-12-20,338.5899963378906,334.3800048828125,337.45001220703125,337.5899963378906,773800.0,332.82470703125
2019-12-23,338.6700134277344,335.7900085449219,338.6700134277344,337.7200012207031,325000.0,332.9528503417969
2019-12-24,338.8500061035156,336.2900085449219,338.8500061035156,337.3800048828125,70600.0,332.61767578125
2019-12-26,339.80999755859375,334.510009765625,337.80999755859375,338.9100036621094,257200.0,334.1260681152344
2019-12-27,340.57000732421875,336.79998779296875,340.5,337.4700012207031,176500.0,332.7063903808594
2019-12-30,339.2099914550781,336.4599914550781,337.45001220703125,338.25,173200.0,333.47540283203125
2019-12-31,339.75,336.6600036621094,336.760009765625,338.5199890136719,212400.0,333.7415466308594
2020-01-02,344.7099914550781,337.2099914550781,339.75,344.7099914550781,376700.0,339.8442077636719
2020-01-03,342.260009765625,335.010009765625,339.5400085449219,340.6600036621094,355200.0,335.85137939453125
2020-01-06,339.8500061035156,335.25,337.9200134277344,337.489990234375,316500.0,332.7261047363281
2020-01-07,339.29998779296875,333.5,335.1400146484375,337.8399963378906,325000.0,333.0711669921875
2020-01-08,343.1099853515625,338.1099853515625,338.1099853515625,341.4100036621094,321200.0,336.59075927734375
2020-01-09,343.67999267578125,340.4599914550781,341.94000244140625,343.1700134277344,261500.0,338.3259582519531
2020-01-10,346.6000061035156,340.9599914550781,344.3599853515625,341.30999755859375,225400.0,336.4921875
2020-01-13,345.29998779296875,341.45001220703125,342.2200012207031,344.44000244140625,203800.0,339.5780029296875
2020-01-14,345.7799987792969,339.8500061035156,343.6099853515625,340.2799987792969,289700.0,335.47674560546875
2020-01-15,341.989990234375,337.8500061035156,341.989990234375,339.2699890136719,227600.0,334.4809875488281
2020-01-16,342.7200012207031,338.1199951171875,340.6600036621094,341.1400146484375,256700.0,336.3246154785156
2020-01-17,342.2300109863281,338.1499938964844,340.2099914550781,340.1499938964844,483100.0,335.34857177734375
2020-01-21,338.9100036621094,330.3699951171875,338.9100036621094,334.45001220703125,399400.0,329.72906494140625
2020-01-22,337.57000732421875,330.30999755859375,337.239990234375,331.07000732421875,260900.0,326.396728515625
2020-01-23,332.92999267578125,324.82000732421875,328.55999755859375,332.5400085449219,261700.0,327.8459777832031
2020-01-24,334.8900146484375,326.3800048828125,333.8699951171875,329.0,229600.0,324.3559265136719
2020-01-27,325.9700012207031,320.1499938964844,323.95001220703125,322.1199951171875,233200.0,317.5730895996094
2020-01-28,326.0799865722656,321.67999267578125,324.6300048828125,323.45001220703125,483200.0,318.8843078613281
2020-01-29,330.1000061035156,325.1499938964844,325.1499938964844,327.489990234375,531600.0,322.8672790527344
2020-01-30,321.55999755859375,306.92999267578125,316.510009765625,312.54998779296875,800400.0,308.13812255859375
2020-01-31,310.8399963378906,298.67999267578125,309.4599914550781,302.6700134277344,807800.0,298.3976135253906
2020-02-03,308.5,301.3999938964844,305.70001220703125,303.2300109863281,507400.0,298.9497375488281
2020-02-04,313.239990234375,307.5899963378906,308.0199890136719,308.1400146484375,376600.0,303.7904052734375
2020-02-05,315.2699890136719,310.95001220703125,313.2799987792969,315.05999755859375,350400.0,310.61273193359375
2020-02-06,316.75,308.04998779296875,316.75,309.9800109863281,373400.0,305.6044616699219
2020-02-07,307.6700134277344,299.45001220703125,306.6199951171875,299.70001220703125,578500.0,296.84857177734375
2020-02-10,299.95001220703125,294.3399963378906,299.95001220703125,298.1700134277344,271400.0,295.3330993652344
2020-02-11,303.1000061035156,299.2900085449219,299.2900085449219,300.8699951171875,222000.0,298.00738525390625
2020-02-12,312.2699890136719,306.239990234375,306.30999755859375,310.9599914550781,316400.0,308.00140380859375
2020-02-13,309.9800109863281,305.239990234375,308.95001220703125,305.3599853515625,245200.0,302.4546813964844
2020-02-14,307.92999267578125,304.17999267578125,305.3699951171875,307.6499938964844,185100.0,304.722900390625
2020-02-18,309.20001220703125,304.95001220703125,306.32000732421875,308.17999267578125,175300.0,305.24786376953125
2020-02-19,310.94000244140625,306.19000244140625,309.1199951171875,307.1400146484375,181800.0,304.2177429199219
2020-02-20,312.3699951171875,306.0799865722656,306.0799865722656,310.2900085449219,160000.0,307.3377990722656
2020-02-21,308.3800048828125,302.9800109863281,307.69000244140625,303.32000732421875,200200.0,300.4341125488281
2020-02-24,300.0400085449219,292.57000732421875,294.239990234375,296.0400085449219,255300.0,293.2233581542969
2020-02-25,296.32000732421875,283.6499938964844,296.32000732421875,284.7900085449219,291600.0,282.08038330078125
2020-02-26,290.6499938964844,283.510009765625,288.0899963378906,284.8500061035156,443800.0,282.13983154296875
2020-02-27,288.25,273.8999938964844,279.79998779296875,279.7900085449219,704900.0,277.12799072265625
2020-02-28,277.75,268.94000244140625,270.9700012207031,277.5400085449219,713500.0,274.8993835449219
2020-03-02,288.9200134277344,272.1300048828125,279.3599853515625,288.8800048828125,523400.0,286.1315002441406
2020-03-03,292.989990234375,282.4200134277344,288.30999755859375,285.8599853515625,560200.0,283.1402282714844
2020-03-04,296.45001220703125,288.04998779296875,291.989990234375,294.6700134277344,484400.0,291.86639404296875
2020-03-05,293.6300048828125,285.05999755859375,285.05999755859375,290.3399963378906,447000.0,287.5776062011719
2020-03-06,285.45001220703125,278.010009765625,280.6300048828125,284.6300048828125,485400.0,281.92193603515625
2020-03-09,283.1199951171875,251.6300048828125,268.9100036621094,255.8300018310547,949100.0,253.39593505859375
2020-03-10,279.6600036621094,256.3999938964844,264.4700012207031,279.6199951171875,486800.0,276.9595642089844
2020-03-11,281.489990234375,268.6700134277344,272.6400146484375,274.6099853515625,597700.0,271.99725341796875
2020-03-12,256.82000732421875,242.22999572753906,255.0,246.19000244140625,701200.0,243.84765625
2020-03-13,266.1199951171875,246.3699951171875,258.8599853515625,266.0199890136719,543300.0,263.4889831542969
2020-03-16,256.8800048828125,224.0,241.0,229.52999877929688,602800.0,227.34616088867188
2020-03-17,246.9600067138672,225.97999572753906,233.27999877929688,246.42999267578125,599300.0,244.0853729248047
2020-03-18,245.8800048828125,226.10000610351562,230.0,235.88999938964844,534900.0,233.64566040039062
2020-03-19,248.60000610351562,226.6199951171875,233.5,234.97999572753906,413100.0,232.7443084716797
2020-03-20,236.60000610351562,212.00999450683594,235.41000366210938,213.77999877929688,474200.0,211.7460174560547
2020-03-23,218.16000366210938,200.61000061035156,212.63999938964844,209.49000549316406,473200.0,207.49684143066406
2020-03-24,239.97000122070312,221.17999267578125,221.17999267578125,238.69000244140625,711400.0,236.4190216064453
2020-03-25,255.39999389648438,230.55999755859375,238.6300048828125,237.2899932861328,465700.0,235.03233337402344
2020-03-26,249.02000427246094,228.07000732421875,239.72000122070312,249.02000427246094,429600.0,246.65072631835938
2020-03-27,253.7899932861328,238.6999969482422,240.9199981689453,247.14999389648438,316300.0,244.7985076904297
2020-03-30,256.2900085449219,241.89999389648438,246.86000061035156,255.13999938964844,330600.0,252.71250915527344
2020-03-31,257.0400085449219,248.00999450683594,251.67999267578125,248.5,383200.0,246.13568115234375
2020-04-01,245.2899932861328,233.85000610351562,240.0,236.52000427246094,412400.0,234.26966857910156
2020-04-02,244.75,233.88999938964844,234.6999969482422,239.69000244140625,460400.0,237.40951538085938
2020-04-03,242.94000244140625,234.00999450683594,236.61000061035156,238.75999450683594,332900.0,236.48834228515625
2020-04-06,254.75,245.1699981689453,248.3699951171875,251.17999267578125,414500.0,248.7901611328125
2020-04-07,272.5299987792969,253.25999450683594,253.25999450683594,257.92999267578125,600900.0,255.4759521484375
2020-04-08,273.739990234375,256.9100036621094,261.7699890136719,270.3999938964844,325900.0,267.8273010253906
2020-04-09,282.2099914550781,273.3599853515625,274.94000244140625,279.8699951171875,447000.0,277.20721435546875
2020-04-13,278.2900085449219,272.0,278.2900085449219,274.3599853515625,271000.0,271.7496032714844
2020-04-14,288.57000732421875,280.0,283.30999755859375,287.6300048828125,457600.0,284.8934020996094
2020-04-15,282.80999755859375,276.54998779296875,281.3800048828125,279.42999267578125,282100.0,276.7713928222656
2020-04-16,283.1199951171875,275.42999267578125,279.5899963378906,279.9200134277344,291200.0,277.2567443847656
2020-04-17,291.9200134277344,276.1400146484375,287.4800109863281,280.2200012207031,364000.0,277.55389404296875
2020-04-20,277.239990234375,271.7699890136719,276.29998779296875,274.510009765625,299200.0,271.898193359375
2020-04-21,272.7900085449219,268.510009765625,270.0,270.0899963378906,230100.0,267.520263671875
2020-04-22,278.0,271.5299987792969,276.3500061035156,276.1300048828125,364100.0,273.5028076171875
2020-04-23,272.32000732421875,256.19000244140625,264.20001220703125,258.42999267578125,858600.0,255.97117614746094
2020-04-24,271.489990234375,259.19000244140625,260.04998779296875,269.6099853515625,435600.0,267.0447998046875
2020-04-27,279.20001220703125,270.4800109863281,272.3299865722656,277.1199951171875,340300.0,274.4833679199219
2020-04-28,287.8999938964844,282.6700134277344,284.1099853515625,286.0199890136719,406400.0,283.2987060546875
2020-04-29,292.70001220703125,278.5799865722656,291.75,280.6400146484375,471900.0,277.96990966796875
2020-04-30,277.2200012207031,271.7099914550781,276.3500061035156,275.5799865722656,371000.0,272.9580383300781
2020-05-01,272.42999267578125,265.8599853515625,271.04998779296875,267.6600036621094,253200.0,265.1133728027344
2020-05-04,272.3699951171875,263.2699890136719,266.04998779296875,272.1199951171875,280200.0,269.53094482421875
2020-05-05,281.9800109863281,274.5400085449219,275.67999267578125,279.2099914550781,286900.0,276.5534973144531
2020-05-06,285.95001220703125,278.9800109863281,283.4800109863281,280.5,295400.0,277.8312072753906
2020-05-07,287.95001220703125,279.8800048828125,283.82000732421875,281.1099853515625,284400.0,278.4353942871094
2020-05-08,285.45001220703125,281.2699890136719,284.4200134277344,285.45001220703125,200700.0,284.1899108886719
2020-05-11,288.1199951171875,278.989990234375,282.6199951171875,286.5899963378906,220100.0,285.3248596191406
2020-05-12,287.1000061035156,277.1000061035156,287.0899963378906,277.2099914550781,271700.0,275.98626708984375
2020-05-13,279.57000732421875,270.29998779296875,276.45001220703125,273.07000732421875,351400.0,271.86456298828125
2020-05-14,277.0799865722656,263.8299865722656,268.2099914550781,277.0199890136719,281000.0,275.7970886230469
2020-05-15,279.6499938964844,273.44000244140625,274.67999267578125,278.7900085449219,435000.0,277.5592956542969
2020-05-18,292.9800109863281,286.989990234375,287.3599853515625,290.9200134277344,234200.0,289.6357727050781
2020-05-19,293.5,286.4100036621094,290.3999938964844,286.510009765625,262800.0,285.2452392578125
2020-05-20,299.3999938964844,291.1099853515625,291.1099853515625,296.07000732421875,266300.0,294.7630310058594
2020-05-21,299.3699951171875,294.2900085449219,296.3599853515625,295.44000244140625,330900.0,294.13580322265625
2020-05-22,295.9700012207031,291.4599914550781,295.9700012207031,292.9100036621094,284700.0,291.6169738769531
2020-05-26,307.20001220703125,300.0,300.0,305.760009765625,487500.0,304.4102478027344
2020-05-27,315.6700134277344,308.4200134277344,311.989990234375,314.3399963378906,336800.0,312.9523620605469
2020-05-28,316.5799865722656,308.80999755859375,316.5799865722656,309.2099914550781,250400.0,307.8450012207031
2020-05-29,312.2799987792969,306.3900146484375,308.45001220703125,309.6199951171875,882700.0,308.2532043457031
2020-06-01,312.5799865722656,303.9700012207031,309.05999755859375,305.94000244140625,306000.0,304.5894470214844
2020-06-02,315.82000732421875,311.0400085449219,312.8299865722656,314.989990234375,366600.0,313.5994873046875
2020-06-03,319.4800109863281,315.44000244140625,318.75,318.0,357700.0,316.5962219238281
2020-06-04,318.5299987792969,312.19000244140625,314.82000732421875,316.3299865722656,258400.0,314.9335632324219
2020-06-05,324.44000244140625,319.4800109863281,322.45001220703125,322.8299865722656,443000.0,321.4048767089844
2020-06-08,330.4100036621094,321.4800109863281,322.4100036621094,328.3800048828125,347200.0,326.9303894042969
2020-06-09,329.0899963378906,324.010009765625,325.760009765625,326.3399963378906,243200.0,324.8993835449219
2020-06-10,328.8699951171875,320.7200012207031,328.739990234375,320.8699951171875,204400.0,319.4535217285156
2020-06-11,315.44000244140625,305.739990234375,312.55999755859375,305.94000244140625,290800.0,304.5894470214844
2020-06-12,315.3699951171875,298.42999267578125,315.2900085449219,303.75,294000.0,302.40911865234375
2020-06-15,306.1199951171875,294.80999755859375,297.1300048828125,302.80999755859375,532000.0,301.4732666015625
2020-06-16,314.04998779296875,305.510009765625,313.75,310.6600036621094,275800.0,309.2886047363281
2020-06-17,313.6700134277344,309.1300048828125,310.95001220703125,310.2699890136719,204800.0,308.90032958984375
2020-06-18,309.989990234375,303.19000244140625,308.17999267578125,304.4700012207031,262600.0,303.1259460449219
2020-06-19,309.67999267578125,299.989990234375,309.67999267578125,303.010009765625,398500.0,301.6723937988281
2020-06-22,304.0400085449219,298.510009765625,302.260009765625,303.19000244140625,231000.0,301.8515930175781
2020-06-23,307.989990234375,301.2300109863281,307.2699890136719,301.4800109863281,338900.0,300.1491394042969
2020-06-24,299.989990234375,291.7200012207031,299.1099853515625,294.7900085449219,378700.0,293.4886779785156
2020-06-25,296.5299987792969,291.3399963378906,293.5400085449219,295.95001220703125,287200.0,294.6435546875
2020-06-26,297.42999267578125,291.2200012207031,295.7799987792969,293.1199951171875,635600.0,291.8260498046875
2020-06-29,305.4100036621094,296.3900146484375,296.5,303.4700012207031,360800.0,302.1303405761719
2020-06-30,315.94000244140625,304.05999755859375,304.42999267578125,314.1600036621094,509300.0,312.7731628417969
2020-07-01,316.80999755859375,307.510009765625,314.4599914550781,307.9599914550781,396700.0,306.60052490234375
2020-07-02,318.29998779296875,310.45001220703125,313.20001220703125,317.510009765625,311800.0,316.1083679199219
2020-07-06,324.20001220703125,319.989990234375,322.70001220703125,322.19000244140625,318700.0,320.7677001953125
2020-07-07,324.7900085449219,318.80999755859375,319.2300109863281,320.8500061035156,334300.0,319.4336242675781
2020-07-08,320.6199951171875,304.8399963378906,317.6000061035156,308.7699890136719,457400.0,307.4069519042969
2020-07-09,312.92999267578125,306.94000244140625,310.2900085449219,308.989990234375,266200.0,307.6259765625
2020-07-10,311.1400146484375,305.5,309.239990234375,311.0199890136719,259100.0,309.6470031738281
2020-07-13,324.3699951171875,313.3900146484375,314.3800048828125,319.5299987792969,581900.0,318.11944580078125
2020-07-14,327.8299865722656,318.760009765625,319.4100036621094,327.5899963378906,403300.0,326.14385986328125
2020-07-15,335.0199890136719,326.8399963378906,331.20001220703125,333.6199951171875,390100.0,332.1472473144531
2020-07-16,337.9100036621094,330.6000061035156,333.5400085449219,333.32000732421875,226300.0,331.84857177734375
2020-07-17,336.32000732421875,329.760009765625,335.0400085449219,330.2699890136719,824500.0,328.8120422363281
2020-07-20,332.0,325.6400146484375,326.9200134277344,330.7300109863281,308100.0,329.27001953125
2020-07-21,339.2799987792969,333.07000732421875,333.3399963378906,337.32000732421875,360800.0,335.8309326171875
2020-07-22,342.8299865722656,336.57000732421875,337.6600036621094,338.95001220703125,315500.0,337.4537353515625
2020-07-23,343.1000061035156,326.6400146484375,338.94000244140625,338.6600036621094,519000.0,337.1650085449219
2020-07-24,347.45001220703125,336.04998779296875,339.0400085449219,341.3900146484375,395800.0,339.8829650878906
2020-07-27,346.1099853515625,339.30999755859375,341.04998779296875,339.7900085449219,385500.0,338.2900390625
2020-07-28,338.3900146484375,333.5199890136719,337.7699890136719,333.6499938964844,358900.0,332.1771240234375
2020-07-29,343.17999267578125,335.2099914550781,335.2099914550781,340.760009765625,488300.0,339.2557373046875
2020-07-30,340.4800109863281,333.1000061035156,336.3299865722656,339.7900085449219,239500.0,338.2900390625
2020-07-31,341.7200012207031,335.1600036621094,340.19000244140625,341.5299987792969,478200.0,340.0223388671875
2020-08-03,345.8399963378906,341.8800048828125,342.9200134277344,341.9599914550781,197900.0,340.450439453125
2020-08-04,342.9200134277344,337.70001220703125,341.0400085449219,338.5199890136719,259200.0,337.0256042480469
2020-08-05,344.7099914550781,336.9100036621094,340.42999267578125,344.4100036621094,275400.0,342.8896179199219
2020-08-06,346.8800048828125,343.2699890136719,344.4100036621094,346.5899963378906,294300.0,345.05999755859375
2020-08-07,349.510009765625,343.3800048828125,345.3999938964844,349.3800048828125,197600.0,349.3800048828125
2020-08-10,353.739990234375,347.9200134277344,348.5,352.07000732421875,248400.0,352.07000732421875
2020-08-11,356.7799987792969,351.3999938964844,352.07000732421875,352.9200134277344,369000.0,352.9200134277344
2020-08-12,358.05999755859375,352.7699890136719,354.69000244140625,355.80999755859375,186500.0,355.80999755859375
2020-08-13,354.8599853515625,350.5199890136719,353.95001220703125,352.07000732421875,120900.0,352.07000732421875
2020-08-14,354.32000732421875,348.3599853515625,351.25,351.3800048828125,147800.0,351.3800048828125
2020-08-17,354.2099914550781,348.57000732421875,350.1600036621094,351.8999938964844,270900.0,351.8999938964844
2020-08-18,355.3599853515625,352.1700134277344,352.8599853515625,353.25,217000.0,353.25
2020-08-19,355.510009765625,350.2200012207031,354.8800048828125,350.8299865722656,125400.0,350.8299865722656
2020-08-20,355.6499938964844,349.0299987792969,349.5400085449219,354.25,164100.0,354.25
2020-08-21,355.45001220703125,350.6499938964844,353.239990234375,352.6099853515625,176600.0,352.6099853515625
2020-08-24,353.7200012207031,346.0299987792969,352.3299865722656,349.1600036621094,322700.0,349.1600036621094
2020-08-25,355.4800109863281,350.6099853515625,351.1300048828125,354.67999267578125,296500.0,354.67999267578125
2020-08-26,365.6600036621094,352.2300109863281,352.2300109863281,361.489990234375,501800.0,361.489990234375
2020-08-27,366.25,361.19000244140625,361.4200134277344,362.4700012207031,226200.0,362.4700012207031
2020-08-28,366.5299987792969,361.0199890136719,361.489990234375,365.9800109863281,215800.0,365.9800109863281
2020-08-31,369.3599853515625,363.7799987792969,365.0,365.42999267578125,310000.0,365.42999267578125
2020-09-01,367.760009765625,362.8699951171875,364.25,367.4200134277344,178700.0,367.4200134277344
2020-09-02,371.8699951171875,367.1000061035156,368.3999938964844,370.5,226900.0,370.5
2020-09-03,371.82000732421875,357.4599914550781,371.82000732421875,360.1199951171875,169600.0,360.1199951171875
2020-09-04,364.17999267578125,351.6700134277344,362.0,358.0799865722656,232200.0,358.0799865722656
2020-09-08,358.5899963378906,349.7699890136719,358.3800048828125,350.1600036621094,378500.0,350.1600036621094
2020-09-09,363.4200134277344,353.25,353.25,361.2799987792969,228300.0,361.2799987792969
2020-09-10,360.25,350.4599914550781,360.25,351.32000732421875,229700.0,351.32000732421875
2020-09-11,355.92999267578125,350.9599914550781,352.8800048828125,355.17999267578125,210800.0,355.17999267578125
2020-09-14,358.6400146484375,352.6499938964844,358.6400146484375,354.3399963378906,202000.0,354.3399963378906
2020-09-15,358.67999267578125,354.6499938964844,356.4700012207031,354.6499938964844,205500.0,354.6499938964844
2020-09-16,362.79998779296875,356.0899963378906,361.0899963378906,356.7099914550781,331000.0,356.7099914550781
2020-09-17,359.6499938964844,350.0799865722656,353.6300048828125,355.42999267578125,312900.0,355.42999267578125
2020-09-18,357.45001220703125,349.7799987792969,354.57000732421875,351.0899963378906,466000.0,351.0899963378906
2020-09-21,349.260009765625,338.0299987792969,346.79998779296875,341.57000732421875,388400.0,341.57000732421875
2020-09-22,345.1700134277344,338.79998779296875,341.6000061035156,343.67999267578125,376100.0,343.67999267578125
2020-09-23,345.20001220703125,338.1300048828125,343.5199890136719,339.0899963378906,430300.0,339.0899963378906
2020-09-24,347.17999267578125,337.25,340.5199890136719,342.4800109863281,246600.0,342.4800109863281
2020-09-25,350.19000244140625,339.79998779296875,341.1700134277344,347.3999938964844,246900.0,347.3999938964844
